branch_id,stressor_id,reviewer,review_findings,interpretation_author,source_states,state,kind,conditions,persistence,residue_ids,residue_status,reason,validation,architectural_consequence
S001.B01,S001,operations,none,operations,OP002 OP001 OP014 OP006,"Gerät ohne Strom, gespeicherter Auftrag bleibt lesbar nach Rückkehr",extern-erzwungen,"Ausfall vor erfolgreichem Intent-Commit, vorherige Daten bleiben physisch intakt.",Stromausfall hält Ausführung an; nach Rückkehr endet die Unterbrechung ohne Wiederholung eines auf diesem Pfad nie gerufenen Writers.,OPR001,bedingt,"Der vorherige Taskkern ist nach Wiederzugang nutzbar, nicht die uncommittete Berechnung. C1 stützt nur die Commit-vor-Writer-Grenze.",Writer wurde trotz fehlgeschlagenem Intent gerufen oder vorherige Daten sind unlesbar.,Commit-Schnittpunkte und Promptempfang getrennt journalisieren. Ein Wiederanlauf darf weder aus fehlendem Resultat Nichtzustellung noch aus FULL-WAL physische Unzerstörbarkeit folgern.
S001.B02,S001,operations,none,operations,OP002 OP001 OP014 OP006,"Zustellversuch erhalten, Empfang offen",halt,"Intent war dauerhaft, Writer oder Antwort liegt im Stromausfallfenster; Datenträger kehrt lesbar zurück.",Unverändertes verbrauchtes Budget hält erneute verwaltete Zustellung an; neue Evidenz und eine nötige Entscheidung beenden nur diese Sperre.,OPR002,bedingt,"Operator kann Versuch und Prompt inspizieren, aber aus ihnen keinen Empfang ableiten.",Retry mit unverändertem Budget ruft Writer erneut oder passende Empfangsevidenz ist bereits vorhanden.,Commit-Schnittpunkte und Promptempfang getrennt journalisieren. Ein Wiederanlauf darf weder aus fehlendem Resultat Nichtzustellung noch aus FULL-WAL physische Unzerstörbarkeit folgern.
S001.B03,S001,operations,none,operations,OP002 OP001 OP014 OP006,Einzige benötigte lokale Fakten vernichtet,verlust,Zusätzlich zum Stromausfall sind alle zugänglichen Kopien der benötigten Fakten irreparabel zerstört.,Ohne unabhängige Rekonstruktionsquelle bleibt exakt diese Information verloren.,none,keines,Für exakte Rekonstruktion dieser Fakten bleibt keines; Stromausfall allein hätte diesen Verlust nicht bewiesen.,Eine lesbare unabhängige Kopie enthält die fehlenden Fakten.,Commit-Schnittpunkte und Promptempfang getrennt journalisieren. Ein Wiederanlauf darf weder aus fehlendem Resultat Nichtzustellung noch aus FULL-WAL physische Unzerstörbarkeit folgern.
S002.B01,S002,operations,none,operations,OP002 OP014 OP001 OP006,Sicherheitsabschaltung mit erhaltenem Datenbestand,extern-erzwungen,"Gerät sofort außer Betrieb, Datenträger bleibt intakt und später sicher lesbar.",Bis sichere kompatible Hardware verfügbar ist keine lokale Ausführung.,OPR001,bedingt,Berechtigter Wiederhersteller kann später den Taskbestand nutzen; aktuelle Rechenleistung bleibt weg.,Taskdaten sind mit dem Gerät zerstört oder Ersatz kann sie nicht dekodieren.,Hardwareverfügbarkeit von Datenerhalt und Zustellfreigabe trennen; Factory kann keine sichere Batterienutzung oder Ersatzhardware garantieren.
S002.B02,S002,operations,none,operations,OP002 OP014 OP001 OP006,Auf Ersatzgerät bleibt alter Versuch gesperrt,halt,Sicher gelesener Datenträger enthält einen möglicherweise übergebenen Promptversuch.,Hardwareersatz beseitigt nicht Empfangsungewissheit; diese endet nur durch zugeordnete Evidenz oder bewusste weitere Autorisierung.,OPR002,bedingt,Der erhaltene Versuch ist Entscheidungsgrundlage und keine Erlaubnis zum doppelten Start.,Ersatz startet denselben Versuch ohne Budgetprüfung.,Hardwareverfügbarkeit von Datenerhalt und Zustellfreigabe trennen; Factory kann keine sichere Batterienutzung oder Ersatzhardware garantieren.
S002.B03,S002,operations,none,operations,OP002 OP014 OP001 OP006,Kein lesbarer Ersatzbestand,ungewissheit,"Gerät darf nicht mehr betrieben werden, Zustand des Datenträgers und unabhängiger Kopien unbekannt.",Ausgang bleibt bis sichere Bestandsklärung offen; nicht als Totalverlust umetikettieren.,none,ungeklaert,"Derzeit ist kein nutzbarer Datenzugang belegt, daher auch kein erfundener Export als Residue.",Sicherer Lesetest oder bestätigtes Kopieninventar entscheidet den Ausgang.,Hardwareverfügbarkeit von Datenerhalt und Zustellfreigabe trennen; Factory kann keine sichere Batterienutzung oder Ersatzhardware garantieren.
S003.B01,S003,operations,none,operations,OP001 OP003 OP004,Langsamere endliche Arbeit,transient,"Dauerhafte begrenzte Originalqueue, endliche Last und keine Timeout-Reproduktion.",Nach Abkühlung und bei Dienst über Zulauf wird verbleibende gültige Arbeit abgearbeitet.,OPR010,bedingt,Scheduler behält identifizierbare Originalaufträge trotz falscher Laufzeitschätzung.,Originalaufträge gehen verloren oder Queue wächst ohne Zulauf und ohne neue Produzenten.,Deadline-Schätzung von Aufnahmebudget und Retry-Erzeugung trennen; Überlastschutz ersetzt keine verfügbare Rechenkapazität.
S003.B02,S003,operations,none,operations,OP001 OP003 OP004,Dauerzulauf über gedrosselter Kapazität,extern-erzwungen,"Neue Aufträge übersteigen thermisch reduzierte Dienstleistung, Aufnahme begrenzt.","Äußerer Zulauf erhält Verzögerung, Ablehnungen verhindern keine verpassten Fristen.",OPR010,teilweise,"Zugelassene Originalarbeit bleibt planbar, nicht jede eingehende Arbeit und nicht jede Frist.",Zugelassene Queue wird unbeschränkt oder verliert ihre Original-IDs.,Deadline-Schätzung von Aufnahmebudget und Retry-Erzeugung trennen; Überlastschutz ersetzt keine verfügbare Rechenkapazität.
S003.B03,S003,operations,none,operations,OP001 OP003 OP004,Timeouts halten ein Hochlastregime,attraktorhypothese,"Rückstau erhöht Latenz, Timeouts erzeugen mehr Arbeit, Last senkt Nutzabschlüsse; ein begrenztes wiederkehrendes Hochlastregime besteht bei festem Grundbedarf nach Abkühlung.",Rückstau → Timeouts → neue Last → weniger Abschlüsse → Rückstau. Unbegrenztes Wachstum wäre stattdessen Eskalation.,OPR001,teilweise,"Solange Store zugänglich bleibt, kann Operator Originaltaskfakten lesen; Fortschritt und Deadlinequalität sind nicht erhalten.",Nach Entfernen der Hitze bei gleichem Grundbedarf und gleicher Policy kehren niedrige und hohe Startlast zum selben gesunden Verlauf zurück.,Deadline-Schätzung von Aufnahmebudget und Retry-Erzeugung trennen; Überlastschutz ersetzt keine verfügbare Rechenkapazität.
S004.B01,S004,operations,none,operations,OP005 OP026 OP001,Falsche Bytes als Resultat akzeptiert,verlust,"RAM-Fehler verändert relevante Ausgabe, Formvalidierung akzeptiert, kein unabhängiger sachlicher Prüfbezug vorhanden.",Gespeicherter Fehler bleibt bis echte neue Evidenz eintrifft; kein notwendiger Regelkreis.,OPR001,teilweise,"Taskkern belegt die Annahme, nicht Korrektheit des Ergebnisses; die betroffene Richtigkeitsgarantie fehlt.",Aufgabenbezogene Vergleichsdaten zeigen die Ausgabe war richtig oder vor Nutzung abgelehnt.,Fachliche Resultatprüfung braucht einen unabhängigen Prüfbezug; Checksummen und Completion-Formprüfung erkennen keine beliebige RAM-verursachte Bedeutungsänderung.
S004.B02,S004,operations,none,operations,OP005 OP026 OP001,Unabhängiger Vergleich erkennt Abweichung,halt,Unbetroffener Prüfbezug zur beschädigten Eigenschaft existiert und wird vor sachlicher Abnahme genutzt.,"Abnahme wartet auf überprüften Ersatz, nicht auf bloß erneute Zustimmung.",OPR034,bedingt,Prüfer kann konkrete falsche Eigenschaft feststellen; kein universelles Fehlerorakel behauptet.,Gleich geformter korrumpierter Output wird trotz passendem Prüfbezug als richtig angenommen.,Fachliche Resultatprüfung braucht einen unabhängigen Prüfbezug; Checksummen und Completion-Formprüfung erkennen keine beliebige RAM-verursachte Bedeutungsänderung.
S005.B01,S005,operations,none,operations,OP002 OP007 OP001 OP006,Gestohlene Autorität bleibt wirksam,extern-erzwungen,Entsperrter einziger Mac enthält nutzbare Autorität; kein unabhängiger Besitzerzugang ist belegt.,"Solange diese Autorität akzeptiert wird, sind weitere fremde Handlungen möglich; tatsächliche Taten und Dauer sind unbekannt.",none,ungeklaert,Für vertrauenswürdige Betreiberkontrolle ist kein nutzbares Residue belegt. Kein Backup oder Widerrufskanal wird hinzuerfunden.,Ein unabhängig nutzbarer legitimer Zugang und erfolgreiche Autoritätsabgrenzung werden nachgewiesen.,Diebstahl als getrennten Verlust von Besitzerzugang und Autoritätsvertrauen behandeln; Widerruf und Export nur bei tatsächlich unabhängigen Zugangswegen einplanen.
S005.B02,S005,operations,none,operations,OP002 OP007 OP001 OP006,Unabhängige Daten und Wiederzugang erlauben begrenzte Rettung,transient,Vor Diebstahl existierten separat lesbarer Export und legitimer unabhängiger Widerrufs-/Wiederzugangsweg.,"Nach Vertrauensneuaufbau kann enthaltene Arbeit weitergeführt werden, unbekannte Diebesaktionen müssen getrennt geklärt werden.",OPR008 OPR033,teilweise,"Besitzer kann Exportfakten nutzen und Zugang zurückerlangen, aber erfolgte Offenlegung nicht rückgängig machen.",Export oder Recovery hängt tatsächlich am gestohlenen Mac oder kompromittierter Autorität.,Diebstahl als getrennten Verlust von Besitzerzugang und Autoritätsvertrauen behandeln; Widerruf und Export nur bei tatsächlich unabhängigen Zugangswegen einplanen.
S005.B03,S005,operations,none,operations,OP002 OP007 OP001 OP006,Einzige erforderliche Information unerreichbar verloren,verlust,Diebstahl führt dauerhaft zum Verlust aller Kopien einer benötigten Information und es gibt keine rechtmäßig erreichbare Rekonstruktionsquelle.,Unter diesem geschlossenen Inventar keine exakte Rekonstruktion.,none,keines,Für diese Information keines; fremde weiter existierende Bytes bedeuten keinen nutzbaren Zugang für den Besitzer.,Gerät oder unabhängige vollständige Kopie wird rechtmäßig wieder verfügbar.,Diebstahl als getrennten Verlust von Besitzerzugang und Autoritätsvertrauen behandeln; Widerruf und Export nur bei tatsächlich unabhängigen Zugangswegen einplanen.
S006.B01,S006,operations,none,operations,OP006 OP002 OP011 OP001,Gerät und einzige Sicherung vernichtet,verlust,"Beide genannten Medien enthalten alle Kopien des erforderlichen Inhalts, auch Schlüssel und sonstige Rekonstruktion fehlen.","Der Brand endet, die Informationslücke bleibt ohne weitere Quelle bestehen.",none,keines,Für den exakt verlorenen Inhalt keines; andere unabhängige Unternehmensfähigkeiten werden nicht mitvernichtet behauptet.,Inventur findet eine lesbare vollständige unabhängige Quelle.,Sicherungskopien nach gemeinsamem Schadensbereich bewerten. Kein Restoreverfahren kann aus zwei verbrannten einzigen Kopien fehlende Inhalte erzeugen.
S006.B02,S006,operations,none,operations,OP006 OP002 OP011 OP001,Wirklich unabhängiger Export überlebt,extern-erzwungen,Abweichend vom Nur-zwei-Kopien-Inventar existiert schon vor Brand ein zugänglicher räumlich unabhängiger Export.,Ausführung wartet auf Ersatz; enthaltene Fakten können sofort an anderem geeigneten Leser nutzbar sein.,OPR008,bedingt,"Berechtigte Wiederhersteller besitzen genau die exportierten Informationen, nicht automatisch den späteren Nachlauf.",Kopie teilt Brandbereich oder nötigen verlorenen Decoder-/Schlüsselzugang.,Sicherungskopien nach gemeinsamem Schadensbereich bewerten. Kein Restoreverfahren kann aus zwei verbrannten einzigen Kopien fehlende Inhalte erzeugen.
S006.B03,S006,operations,none,operations,OP006 OP002 OP011 OP001,Unabhängige alte Sicherung hat Nachlauflücke,ungewissheit,Die überlebende Sicherung ist konsistent aber älter als mögliche Außenwirkungen.,Lokale Präfixabfragen erzeugen keine fehlenden späteren Versuche.,OPR003,teilweise,Präfix bleibt auswertbar; sichere Neuzustellung und Kenntnis späterer Effekte bleiben offen.,Verifiziertes Journal deckt den gesamten fehlenden Zeitraum ab.,Sicherungskopien nach gemeinsamem Schadensbereich bewerten. Kein Restoreverfahren kann aus zwei verbrannten einzigen Kopien fehlende Inhalte erzeugen.
S007.B01,S007,operations,none,operations,OP008 OP026 OP025 OP001,Abgetrennter Workspace verhindert Aufnahme,halt,"SSD enthält Workspace, Kernstore ist anderswo lesbar und Auflösung scheitert vor Reservation.",Bis dieselbe Identität wieder sicher zugänglich ist bleibt diese Aufnahme aus.,OPR001,bedingt,Operator behält vorhandene Taskfakten; abgetrennte Scope-Dateien sind nicht verfügbar.,Fehlgeschlagene Auflösung führt trotzdem zu neuer wirksamer Reservation.,"FileId-Reservierung nicht mit späterem sicheren Dateizugriff gleichsetzen. Factory-Schreiben muss am geprüften Objekt unter .factory bleiben, Datenträgerverlust darf weiter Fehler liefern."
S007.B02,S007,operations,none,operations,OP008 OP026 OP025 OP001,Gebundener Zugriff erkennt Verlust oder hält Identität,halt,Entwurf eines objektgebundenen Zugriffs ist tatsächlich auf diesem Pfad durchgesetzt; SSD trennt nach Prüfung.,I/O scheitert oder erreicht nur das alte Objekt; ein neuer gleichnamiger Pfad wird nicht still verwendet.,OPR016,bedingt,"Factory-Schreiber behält die Begrenzung seines Zielobjekts, nicht garantierte Schreibverfügbarkeit.",Neu eingehängtes anderes Objekt empfängt den ursprünglich geprüften Schreibzugriff.,"FileId-Reservierung nicht mit späterem sicheren Dateizugriff gleichsetzen. Factory-Schreiben muss am geprüften Objekt unter .factory bleiben, Datenträgerverlust darf weiter Fehler liefern."
S007.B03,S007,operations,none,operations,OP008 OP026 OP025 OP001,Pfad wird auf anderes Objekt umgedeutet,verlust,"Nur Pfad gespeichert, später neu aufgelöst und anderer Datenträger unter gleichem Namen angenommen.","Falsche Zuordnung bleibt bis Identitätsklärung, kein autonomer Kreislauf nötig.",OPR001,teilweise,Taskabsicht kann im unbetroffenen Kern bleiben; Vertrauen in ausgeführte Zielzuordnung fehlt.,Persistierte Originalidentität wird vor jeder betroffenen Nutzung verglichen und Ersatz zurückgewiesen.,"FileId-Reservierung nicht mit späterem sicheren Dateizugriff gleichsetzen. Factory-Schreiben muss am geprüften Objekt unter .factory bleiben, Datenträgerverlust darf weiter Fehler liefern."
S008.B01,S008,operations,none,operations,OP002 OP017 OP014 OP022 OP028,Nicht committete Zustimmung fehlt,halt,Neustart vor dauerhaftem Freigabeentscheid; Taskdaten bleiben lesbar und Annahmegrenze verlangt gültige Zustimmung.,Gated Wirkung wartet auf tatsächlich neu geprüfte Entscheidung.,OPR001,bedingt,"Auftrag ist lesbar, nicht die verlorene Zustimmung und nicht bereits erteilte Wirkungserlaubnis.",Wirkung wird aufgrund des verlorenen Klicks zugelassen.,"Freigabe-Commit, Promptversuch und Teilnehmerannahme sind drei unterschiedliche Restart-Schnittpunkte; ihre Freigaben dürfen nicht gemeinsam durch Neustart erneuert werden."
S008.B02,S008,operations,none,operations,OP002 OP017 OP014 OP022 OP028,Promptversuch überlebt Neustart ohne Empfangsnachweis,halt,"Dauerhafter Versuch vor Neustart, keine passende Empfangsevidenz.",Verbrauchtes Zustellbudget bleibt bis bewusster Entscheidung oder geklärtem Ergebnis bestehen.,OPR002,bedingt,Operator kann alten Versuch lesen; damit sind externe Wirkungen noch nicht geklärt.,Restart setzt das Budget zurück oder erzeugt einen zweiten Writer-Aufruf.,"Freigabe-Commit, Promptversuch und Teilnehmerannahme sind drei unterschiedliche Restart-Schnittpunkte; ihre Freigaben dürfen nicht gemeinsam durch Neustart erneuert werden."
S008.B03,S008,operations,none,operations,OP002 OP017 OP014 OP022 OP028,Teilnehmerannahme nach Restart ungewiss,ungewissheit,"Außenwirkungsintent liegt vor, mögliche Annahme ist nicht dauerhaft lokal belegt.","Warten endet durch verbindliche Teilnehmerquittung, nicht durch Pluginbereitschaft.",OPR020,bedingt,"Rekonziliator hat genaue Operation zum Nachfragen, keine gesicherte Anzahl von Effekten.",Passende verbindliche Quittung liegt bereits vor oder Journal fehlt.,"Freigabe-Commit, Promptversuch und Teilnehmerannahme sind drei unterschiedliche Restart-Schnittpunkte; ihre Freigaben dürfen nicht gemeinsam durch Neustart erneuert werden."
S009.B01,S009,operations,none,operations,OP002 OP001,"Runtime inkompatibel, Export interpretierbar",extern-erzwungen,"Vorhandener Datenexport mit verfügbarem Decoder ist auf Ersatzplattform lesbar, Runtime nicht.","Ausführung wartet auf kompatiblen Build oder Adapter, Lesen benötigt diese Runtime nicht.",OPR008,bedingt,Berechtigter Bearbeiter kann enthaltene Fakten weiter verwenden und einen späteren Übergang planen.,Export erfordert genau die nicht lauffähige alte Runtime.,Portables Datenformat und portable Runtime separat qualifizieren. Exportlesbarkeit ist keine Zusage dass Herdr oder ein Harness auf Ersatzhardware läuft.
S009.B02,S009,operations,none,operations,OP002 OP001,Portierbarkeit noch nicht geklärt,offen,"Keine Angaben zu Ersatz-OS, Decoderzugang oder adapterseitigen Abhängigkeiten.",Bis konkreter Kompatibilitätstest keine eindeutige Nutzbarkeitsentscheidung.,none,ungeklaert,Intakte Bits allein belegen weder nutzbaren Export noch totale Zerstörung.,Isolierter Lesetest und Build-/Adaptervertrag entscheiden die konkrete Plattform.,Portables Datenformat und portable Runtime separat qualifizieren. Exportlesbarkeit ist keine Zusage dass Herdr oder ein Harness auf Ersatzhardware läuft.
S009.B03,S009,operations,none,operations,OP002 OP001,Kompatible Ausführung nach überprüftem Übergang,transient,"Lesbarer Zustand und kompatibler Runtime-/Adapterbuild vorhanden, alte Autorität und Versuche vor Wiederanlauf geklärt.","Endliche Übergangsarbeit endet bei erfolgreicher Abnahme, nicht automatisch bei Binary-Start.",OPR001,bedingt,Erhaltene Taskfakten können kontrolliert weiterverarbeitet werden.,Fehlende Decoder oder alte unklare Schreiber verhindern den behaupteten Übergang.,Portables Datenformat und portable Runtime separat qualifizieren. Exportlesbarkeit ist keine Zusage dass Herdr oder ein Harness auf Ersatzhardware läuft.
S010.B01,S010,operations,none,operations,OP002 OP033 OP001 OP003 OP022,"Wohnort offline, Daten später lesbar",extern-erzwungen,"Einzige ausführende Maschine ohne Strom, Datenträger intakt, keine aktive unabhängige Maschine.",Woche ohne Strom hält Ausführung an; Datenzugriff kehrt erst mit sicherer Versorgung zurück.,OPR001,bedingt,"Nach Wiederzugang sind alte Taskfakten nutzbar, während der Woche keine behauptete lokale Bedienbarkeit.",Datenträger verliert die Fakten oder unabhängige Maschine arbeitet bereits weiter.,Gemeinsame Strom-/Netzabhängigkeit offen ausweisen. Lokaler IPC ersetzt bei fehlendem Strom keinen Bedienpfad; Wiederanlauf braucht separate Altwirkungsprüfung.
S010.B02,S010,operations,none,operations,OP002 OP033 OP001 OP003 OP022,Vorhandene unabhängige Instanz führt begrenzte Arbeit fort,extern-erzwungen,Bereits unabhängig versorgte Maschine mit benötigtem lesbarem Bestand und extern wirksam exklusiver Dispatchautorität existiert.,"Wohnortausfall verhindert dort nicht autorisierte Arbeit, Remote-Besitzerzugang kann dennoch fehlen.",OPR027 OPR010,bedingt,Autorisierter Dispatcher behält begrenzte Originalarbeit ohne Doppelautorität des ausgeschalteten Geräts.,Beide Instanzen können nach Rückkehr gleichzeitig mit kopierter Identität Wirkungen annehmen lassen.,Gemeinsame Strom-/Netzabhängigkeit offen ausweisen. Lokaler IPC ersetzt bei fehlendem Strom keinen Bedienpfad; Wiederanlauf braucht separate Altwirkungsprüfung.
S010.B03,S010,operations,none,operations,OP002 OP033 OP001 OP003 OP022,Netzrückkehr klärt Altwirkungen nicht,ungewissheit,Vor Ausfall existiert ein Außenwirkungsintent ohne verbindlich erfassten Ausgang.,"Wieder vorhandenes Netz ermöglicht Abfrage, beendet Ungewissheit aber erst mit passender Evidenz.",OPR020,bedingt,Operator kann die konkrete offene Operation rekonzilieren statt pauschal nachholen.,Restart löst ungeklärte Operation blind als neue Wirkung aus.,Gemeinsame Strom-/Netzabhängigkeit offen ausweisen. Lokaler IPC ersetzt bei fehlendem Strom keinen Bedienpfad; Wiederanlauf braucht separate Altwirkungsprüfung.
S011.B01,S011,operations,none,operations,OP008 OP001,Neue Mutation ohne Platz abgewiesen,halt,"SSD voll vor Intent-Commit, bisherige Records bleiben lesbar; Aufruf benutzt C1.",Ohne freie dauerhafte Kapazität keine neue Zustellung auf diesem Pfad.,OPR001,bedingt,"Operator liest bestehende Tasks, während uncommitteter Versuch und neue Wirkung nicht behauptet werden.",Writer wird trotz fehlgeschlagenem Voraussetzungskommit aufgerufen.,"C1 Commitfehler-vor-Writer als enge Zustellgrenze erhalten. Lesefähigkeit und Reservekapazität gesondert prüfen, nicht aus disk-full ableiten dass alle Daten verloren seien."
S011.B02,S011,operations,none,operations,OP008 OP001,Nach freiem Platz endlicher Wiederanlauf,transient,"Kapazität ist wieder dauerhaft nutzbar, ursprünglicher Auftrag lesbar und weiter gültig.",Neu validierter Versuch kann vor Writer committen; kein ungelöster früherer Versuch auf diesem Schnittpunkt.,OPR001,bedingt,Originalauftragsdaten vermeiden Neuanlage unter neuer Identität.,Vorheriger fehlgeschlagener Versuch hatte doch den Writer ausgelöst oder Auftrag ist inzwischen ungültig.,"C1 Commitfehler-vor-Writer als enge Zustellgrenze erhalten. Lesefähigkeit und Reservekapazität gesondert prüfen, nicht aus disk-full ableiten dass alle Daten verloren seien."
S012.B01,S012,operations,none,operations,OP009 OP005 OP006,Beschädigtes Event stoppt Replay,halt,"Fehler ist erkennbar, unveränderte Rohbytes und verifizierbarer früherer Präfix bleiben erhalten.",Deterministischer Stop am Fehler bis gültiges Original oder Decoder vorliegt.,OPR004,teilweise,"Diagnostiker kann intakte Eingaben prüfen und Fehlstelle lokalisieren, keine vollständige Rekonstruktion dahinter behaupten.",Replay überspringt die Stelle still oder Rohdaten werden zur Reparatur überschrieben.,Integritätsstopp und unveränderte Eingaben vor Replay-Erfolg priorisieren; valid aussehendes Bitrot verlangt unabhängigen Integritätsbezug und kann nicht rein aus neuer Prüfsumme entdeckt werden.
S012.B02,S012,operations,none,operations,OP009 OP005 OP006,Gültig geformtes Bitrot verändert Bedeutung,verlust,"Schaden ist syntaktisch gültig, kein unabhängiger ursprünglicher Wert für die betroffene Tatsache verfügbar.",Falsche Reduktion kann gespeichert bleiben; Annahme gilt nicht als wahr.,none,keines,"Für verlässliche Rekonstruktion der betroffenen Tatsache bleibt keines, auch wenn andere Events lesbar sind.",Eine unabhängige Originalquelle oder passender vorheriger Integritätsbezug identifiziert und rekonstruiert den Wert.,Integritätsstopp und unveränderte Eingaben vor Replay-Erfolg priorisieren; valid aussehendes Bitrot verlangt unabhängigen Integritätsbezug und kann nicht rein aus neuer Prüfsumme entdeckt werden.
S012.B03,S012,operations,none,operations,OP009 OP005 OP006,Einzige erforderliche Eventinformation zerstört,verlust,Alle Kopien und Rekonstruktionsquellen des benötigten Eventinhalts fehlen dauerhaft.,Unter geschlossenem Inventar kein exakter Replay dieser Tatsache möglich.,none,keines,Kein Residue für genau diesen Rekonstruktionsschritt; nicht pauschal Verlust aller Tasks.,Vollständige unabhängige Eventkopie wird nachgewiesen.,Integritätsstopp und unveränderte Eingaben vor Replay-Erfolg priorisieren; valid aussehendes Bitrot verlangt unabhängigen Integritätsbezug und kann nicht rein aus neuer Prüfsumme entdeckt werden.
S013.B01,S013,operations,none,operations,OP001 OP009,Unterbrochene Migration rollt sauber zurück,transient,"Managed Migration tatsächlich transaktional, SQLite-Recovery zuverlässig und alte Taskdaten lesbar.",Rollback oder vollständiger Commit hinterlässt definiertes Schema; halbe Statementfolge ist keine halbe Commitfolge.,OPR001,bedingt,Vorhandene Taskdaten bleiben über das gültige Schema zugänglich; historische C9-Aussage ist kein getesteter Powercut.,Isolierter Abbruch des echten Managed-Pfads hinterlässt dauerhaft ein halbes Schema.,"Transaktionalen Schemawechsel von späterer Projektionsrekonstruktion unterscheiden. Eine Projektion darf nur aus erhaltenen kanonischen Fakten neu entstehen, nie Plugins beim Replay ausführen."
S013.B02,S013,operations,none,operations,OP001 OP009,"Halbe Projektion, kanonische Eingaben intakt",halt,"Nichttransaktionaler Projektionswechsel beschädigt Lesetabellen, vollständige Eventeingaben sind getrennt unverändert erhalten.",Rebuild wartet auf geprüften Reduktor und darf keine Außenwirkung wiederholen.,OPR004,bedingt,"Rebuilder kann aus Originaleingaben neu ableiten, nicht aus willkürlich geflickter halber Projektion.",Rebuild benötigt heutige externe Registry oder ruft ein Plugin auf.,"Transaktionalen Schemawechsel von späterer Projektionsrekonstruktion unterscheiden. Eine Projektion darf nur aus erhaltenen kanonischen Fakten neu entstehen, nie Plugins beim Replay ausführen."
S013.B03,S013,operations,none,operations,OP001 OP009,Keine vollständige Rekonstruktionsquelle belegt,ungewissheit,Halbschema ist persistent und nur unbekannt vollständige Relationaldaten vorhanden.,Bis Inventar und Konsistenz geprüft sind bleibt Rekonstruktionsfähigkeit offen.,none,ungeklaert,Kein imaginärer Eventstore als Rettung eines nur relationalen Bestands.,Konsistenter vollständiger Ausgangsbestand wird gefunden und deterministisch gelesen.,"Transaktionalen Schemawechsel von späterer Projektionsrekonstruktion unterscheiden. Eine Projektion darf nur aus erhaltenen kanonischen Fakten neu entstehen, nie Plugins beim Replay ausführen."
S014.B01,S014,operations,none,operations,OP011 OP009 OP001,Konsistente Kopie ohne WAL hat unsichtbaren Nachlauf,ungewissheit,"Kopie bleibt lesbar, benötigte spätere Commits lagen nur im ausgelassenen WAL.",Präfixabfragen liefern den Nachlauf nie; neue unabhängige Evidenz erforderlich.,OPR003,teilweise,"Restore-Bearbeiter kann enthaltene frühere Fakten nutzen, nicht niemals-gesendet daraus folgern.",Checkpointbeleg zeigt dass alle benötigten Commits schon enthalten waren.,Snapshot-Konsistenz und Nachlaufvollständigkeit getrennt belegen; VACUUM-INTO-Helfer C7 ist kein Beleg für Vollständigkeit einer manuellen Dateikopie.
S014.B02,S014,operations,none,operations,OP011 OP009 OP001,Checkpoint machte WAL für diesen Stand entbehrlich,transient,Vor konsistenter Kopie waren alle benötigten Commits checkpointed und keine spätere Wirkung fehlt.,Validierte Öffnung erlaubt endlichen Restore ohne diese Nachlauflücke.,OPR003,bedingt,Der nachgewiesen vollständige Sicherungsstand ist konkret nutzbar.,Integritätsprüfung oder unabhängige Effekthistorie zeigt fehlende Commits.,Snapshot-Konsistenz und Nachlaufvollständigkeit getrennt belegen; VACUUM-INTO-Helfer C7 ist kein Beleg für Vollständigkeit einer manuellen Dateikopie.
S014.B03,S014,operations,none,operations,OP011 OP009 OP001,Kopie selbst inkonsistent,halt,"Dateien zu widersprüchlichen Zeitpunkten kopiert, keine zuverlässig lesbaren erforderlichen Fakten nachgewiesen.",Öffnung oder Replay stoppt bis gültige Quelle vorliegt.,none,ungeklaert,Für zuverlässigen Restore ist kein konsistenter Präfix belegt; nicht automatisch alle Bits vernichtet.,Ein geprüfter konsistenter Ausgangsbestand lässt sich ohne Raten lesen.,Snapshot-Konsistenz und Nachlaufvollständigkeit getrennt belegen; VACUUM-INTO-Helfer C7 ist kein Beleg für Vollständigkeit einer manuellen Dateikopie.
S015.B01,S015,operations,none,operations,OP011 OP023 OP001 OP028 OP014,Alter Präfix mit unbekannter späterer Zustellung,ungewissheit,"Sicherung zeigt queued ohne Versuch, spätere reale Versuche fehlen möglicherweise.",C2-Rows allein lösen Lücke nicht; erneute Anfrage erzeugt keine historische Kenntnis.,OPR003,teilweise,"Alte Auftragsfakten sind nutzbar, sichere Neuzustellung ist nicht nachgewiesen.",Verifizierter Nachlauf oder Teilnehmerquittung klärt sämtliche betroffenen Versuche.,Alten Snapshot zunächst nicht sendefähig machen und fehlenden Nachlauf ausweisen. C2 kann nur enthaltene Versuche sperren; Restore darf Abwesenheit einer Row nicht zur Außenwirkungserlaubnis machen.
S015.B02,S015,operations,none,operations,OP011 OP023 OP001 OP028 OP014,Restore bleibt kontrolliert nicht sendefähig,halt,Alte Kopie hat tatsächlich durchgesetzte fehlende Dispatchautorität bis überprüfte Übernahme.,"Lesende Inventur geht weiter, Dispatch bleibt unabhängig vom queued-Label gesperrt.",OPR003 OPR027,bedingt,Wiederhersteller kann alten Bestand prüfen ohne daraus automatisch neue externe Effekte zu erzeugen.,Kopierter Status oder lokales aktiv-Flag umgeht die Sendesperre.,Alten Snapshot zunächst nicht sendefähig machen und fehlenden Nachlauf ausweisen. C2 kann nur enthaltene Versuche sperren; Restore darf Abwesenheit einer Row nicht zur Außenwirkungserlaubnis machen.
S015.B03,S015,operations,none,operations,OP011 OP023 OP001 OP028 OP014,Blind neu zugestellt und doppelt angenommen,verlust,"Nach Snapshot ausgeführte Wirkung wird wegen fehlender Row erneut ausgelöst, Teilnehmer dedupliziert nicht.","Doppelte historische Annahme bleibt, mögliche finanzielle Korrektur ist gesonderte neue Handlung.",OPR003,teilweise,"Präfix bleibt früheres Beweismaterial, garantiert aber keine Einmaligkeit oder Kenntnis des Gesamtzählers.",Teilnehmer belegt nur eine Annahme oder beide Bestellungen waren beabsichtigt.,Alten Snapshot zunächst nicht sendefähig machen und fehlenden Nachlauf ausweisen. C2 kann nur enthaltene Versuche sperren; Restore darf Abwesenheit einer Row nicht zur Außenwirkungserlaubnis machen.
S016.B01,S016,operations,none,operations,OP012 OP001 OP006,Nur Taskbezug bleibt nach Löschung,verlust,"Gelöschte Datei war einzige Quelle des Originalinhalts, Taskdatensatz bleibt lesbar.","Pfadabfrage liefert fehlend, wiederholte Abfrage rekonstruiert keine Bytes.",OPR001,teilweise,Task-ID und Zusammenfassung können nachverfolgt werden; für exakte Artefaktbytes bleibt keines.,Eine unveränderte Originalkopie wird zugänglich.,Artefaktpfad und tatsächlich übernommenes Objekt separat speichern; ein Pfadrest repariert keine manuell gelöschten einzigen Bytes.
S016.B02,S016,operations,none,operations,OP012 OP001 OP006,Übernommenes Originalobjekt bleibt lesbar,transient,Vor Löschung des Arbeitsdateipfads wurde Original dauerhaft unveränderlich übernommen.,Pfadverlust endet als Zugriffsproblem sobald Leser die gespeicherte Objektreferenz benutzt.,OPR005,bedingt,"Ergebnisnutzer kann genau alte Bytes lesen, nicht nur einen alten Pfad anzeigen.",Objektreferenz löst auf geänderte Bytes oder fehlendes Objekt auf.,Artefaktpfad und tatsächlich übernommenes Objekt separat speichern; ein Pfadrest repariert keine manuell gelöschten einzigen Bytes.
S017.B01,S017,operations,none,operations,OP013 OP001 OP006,Intakte verschlüsselte Backups derzeit nicht entschlüsselbar,halt,"Nur bekannter Schlüssel verloren, weitere legitime Recoverywege sind noch ungeprüft.",Bis Schlüsselzugang geklärt ist bleibt Klartextzugang aus; Bits können erhalten werden.,OPR007,teilweise,"Verwahrer behält Sicherungsmaterial, Besitzer hat dadurch noch keine Tasklesefähigkeit.",Ciphertext ist ebenfalls beschädigt oder unabhängiger Schlüssel funktioniert bereits.,Ciphertextinventar getrennt von nutzbaren Schlüsseln und realistischen Recoveryfristen darstellen. Keine Secrets oder geheimen Recoveryanteile in Taskprotokolle aufnehmen.
S017.B02,S017,operations,none,operations,OP013 OP001 OP006,Unabhängiger Schlüsselwiederzugang existiert wirklich,transient,Separater legitimer Schlüsselwiedergewinnungsweg und lesbare Backups sind vor Verlust eingerichtet und erreichbar.,"Nach verifizierter Wiedergewinnung kann Entschlüsselung erfolgen, Snapshotalter bleibt eigene Frage.",OPR007 OPR033,bedingt,"Besitzer kann vorhandenes Material wieder nutzbar machen, nicht fehlenden Nachlauf erzeugen.",Recovery benötigt gerade den einzigen verlorenen Schlüssel.,Ciphertextinventar getrennt von nutzbaren Schlüsseln und realistischen Recoveryfristen darstellen. Keine Secrets oder geheimen Recoveryanteile in Taskprotokolle aufnehmen.
S017.B03,S017,operations,none,operations,OP013 OP001 OP006,Alle Entschlüsselungsinformationen unwiederbringlich weg,verlust,"Wirksame Verschlüsselung, keine Schlüsselanteile Klartextkopie oder innerhalb erforderlichem Horizont realistische Rekonstruktion vorhanden.",Klartext bleibt unter diesem Inventar nicht rekonstruierbar.,none,keines,Für benötigten Klartext keines; intakter Ciphertext ist keine erhaltene Arbeitsfähigkeit.,Legitime alternative Entschlüsselung oder vollständige Klartextquelle wird nachgewiesen.,Ciphertextinventar getrennt von nutzbaren Schlüsseln und realistischen Recoveryfristen darstellen. Keine Secrets oder geheimen Recoveryanteile in Taskprotokolle aufnehmen.
S018.B01,S018,operations,none,operations,OP010 OP001 OP009,Heutige Registry verändert historische Projektion,verlust,Reduktor verwendet kausal relevante heutige Registrywerte; unveränderte Eventbytes bleiben erhalten.,"Gleicher Log mit verschiedener Registry liefert verschiedene Ausgaben, kein Attraktor.",OPR004,teilweise,Diagnostiker kann Eingabebytes vergleichen; fehlende damalige Autorisierung lässt sich daraus nicht automatisch rekonstruieren.,Zwei verschiedene heutige Registries ergeben dieselbe korrekte Ausgabe für den behauptet abhängigen Schritt.,Registrywerte die historische Bedeutung steuern in kanonischen Fakten festhalten; reines Replay darf nicht von heutiger Registry abhängen.
S018.B02,S018,operations,none,operations,OP010 OP001 OP009,Historische Werte sind vollständig festgehalten,transient,Originalereignisse enthalten benötigte Registryrevision und Werte; korrigierter reiner Reduktor ist geprüft.,Replay mit denselben historischen Eingaben endet reproduzierbar ohne Livezugriff.,OPR004 OPR026,bedingt,Historiennutzer kann damalige Zuordnung korrekt prüfen statt alte Rechte umzudeuten.,Replay greift noch auf aktuelle Registry zu oder historische Werte fehlen.,Registrywerte die historische Bedeutung steuern in kanonischen Fakten festhalten; reines Replay darf nicht von heutiger Registry abhängen.
S018.B03,S018,operations,none,operations,OP010 OP001 OP009,Damals relevante Tatsache nie aufgezeichnet,ungewissheit,Heutige Registry ist verändert und der damalige entscheidende Wert ist in keiner verfügbaren Quelle enthalten.,Ohne unabhängige historische Quelle bleibt genaue Interpretation offen.,none,keines,Für belegte damalige Autorisierung ist keine Restfähigkeit vorhanden; kein Wunschwert wird eingesetzt.,Eine zulässige authentische Quelle belegt den fehlenden damaligen Wert.,Registrywerte die historische Bedeutung steuern in kanonischen Fakten festhalten; reines Replay darf nicht von heutiger Registry abhängen.
S019.B01,S019,operations,none,operations,OP009 OP001 OP005,Alter Decoder stoppt an neuer Payload,halt,"Strikter Decoder erkennt fehlende Unterstützung, Originalbytes sind weiter lesbar.",Bis kompatible geprüfte Dekodierung verfügbar ist keine vollständige Projektion hinter dem Stop.,OPR004,bedingt,Replaybearbeiter kann neuen Typ und Originaldaten an einen passenden Decoder übergeben.,Alter Reader verwirft den Typ still oder verändert die Originalbytes.,Payloaddecoder-Version vom relationalen Schema trennen. Nicht verstandene Events müssen als erhaltene Eingaben stoppbar bleiben statt als ignorierte Änderungen zu verschwinden.
S019.B02,S019,operations,none,operations,OP009 OP001 OP005,Geprüfter kompatibler Decoder verarbeitet Original,transient,Decoder oder verlustfreier Upcaster mit erhaltener Semantik ist verfügbar.,Endliche Rekonstruktion endet nach kompletter überprüfter Reduktion.,OPR004,bedingt,"Erhaltene Eingaben tragen Wiederaufbau, nicht bloß eine höhere schema_version.",Vergleich mit spezifizierter neuer Semantik zeigt verlorene Bedeutung.,Payloaddecoder-Version vom relationalen Schema trennen. Nicht verstandene Events müssen als erhaltene Eingaben stoppbar bleiben statt als ignorierte Änderungen zu verschwinden.
S019.B03,S019,operations,none,operations,OP009 OP001 OP005,Stilles Ignorieren zerstört Vollständigkeitsbehauptung,verlust,"Reader meldet Erfolg obwohl relevante unbekannte Payload übersprungen wird, Originalbytes bleiben getrennt erhalten.",Falsche Projektion bleibt bis Vergleich oder neuer Decoder.,OPR004,teilweise,"Originale erlauben spätere Korrektur, aktueller Erfolgsstatus belegt keine korrekte Rekonstruktion.",Übersprungener Typ ist nachweislich irrelevant für alle behaupteten Projektionseigenschaften.,Payloaddecoder-Version vom relationalen Schema trennen. Nicht verstandene Events müssen als erhaltene Eingaben stoppbar bleiben statt als ignorierte Änderungen zu verschwinden.
S020.B01,S020,operations,none,operations,OP012 OP006 OP001,Einzige noch benötigte Inhalte gelöscht,verlust,"Retention entfernt letzte zugängliche Quelle der benötigten Bytes, kein vollständiger anderer Rekonstruktionsweg.","Löschung endet, fehlende Information bleibt unter geschlossenem Inventar weg.",none,keines,Für diese Inhalte keines; verbleibender Pfad und Retentionsregel erzeugen sie nicht.,Inventur findet tatsächlich lesbares Original oder weist fehlenden Bedarf nach.,Retention muss Referenzbedarf und wirklich aufbewahrte Objekte kennen. Der vorhandene Backuphelper löscht nicht selbst Retentioninhalte und ist kein Beleg für deren Erhaltung.
S020.B02,S020,operations,none,operations,OP012 OP006 OP001,Unabhängig gehaltenes Original bleibt nutzbar,transient,"Retention betrifft eine Sicherung, notwendiges unveränderliches Artefaktobjekt existiert separat und zugänglich.","Referenz löst auf dieses überlebende Objekt, die gelöschte Sicherung wird nicht benötigt.",OPR005,bedingt,Ergebnisnutzer kann benötigte Originalbytes weiter lesen.,Aufbewahrtes Objekt war ebenfalls Teil derselben Löschmenge.,Retention muss Referenzbedarf und wirklich aufbewahrte Objekte kennen. Der vorhandene Backuphelper löscht nicht selbst Retentioninhalte und ist kein Beleg für deren Erhaltung.
S020.B03,S020,operations,none,operations,OP012 OP006 OP001,Gelöschtes Material war nicht mehr erforderlich,abschluss,"Nachweisbarer Abhängigkeitsstand zeigt keinen verbleibenden Task- oder Replaybedarf, benötigte Taskfakten bleiben lesbar.",Entfallene Inhalte erzeugen keinen offenen Wiederherstellungsauftrag.,OPR001,bedingt,Noch benötigte Taskfakten bleiben nützlich; keine Aussage über unnötige verlorene Bytes.,Später belegte bestehende Referenz benötigt genau die gelöschte Information.,Retention muss Referenzbedarf und wirklich aufbewahrte Objekte kennen. Der vorhandene Backuphelper löscht nicht selbst Retentioninhalte und ist kein Beleg für deren Erhaltung.
S021.B01,S021,operations,none,operations,none,Eine Faltminute meint einen Auftrag,abschluss,"Zeitauftrag verlangt einmal je lokalem Datums-/Minutenlabel, dauerhaftes Ledger dedupliziert beide Fold-Emissionen.","Zweite Emission findet dieselbe Run-Zuordnung; nur Terminaufnahme abgeschlossen, nicht automatisch Taskarbeit.",OPR011 OPR012,bedingt,Dispatcher kann erklären warum beide Uhranzeigen denselben Auftrag meinen.,Zweite Fold-Emission erzeugt einen zweiten Run oder Auftrag verlangte ausdrücklich beide Instanten.,Fold-Vertrag zuerst festlegen: entweder ein zivil beschrifteter Termin oder zwei verschiedene physische Termine. Occurrence-Key muss genau diesen Vertrag ausdrücken und vor Triggerbestätigung dauerhaft dem Run zugeordnet sein.
S021.B02,S021,operations,none,operations,none,Beide physische Termine sind gewollt,abschluss,"Vertrag verlangt beide UTC-Instanten, Fold beziehungsweise Offset ist Teil stabiler Occurrence-ID.","Je physischem Termin eine Zuordnung, erneute Lieferung desselben Termins bleibt idempotent.",OPR011 OPR012,bedingt,Zwei Runs sind hier erhaltene Absicht statt Doppelschaden; spätere Geschäftswirkung braucht eigene Zustimmung.,Retry desselben Instants erzeugt weiteren Run oder beide Instanten kollabieren entgegen dem Vertrag.,Fold-Vertrag zuerst festlegen: entweder ein zivil beschrifteter Termin oder zwei verschiedene physische Termine. Occurrence-Key muss genau diesen Vertrag ausdrücken und vor Triggerbestätigung dauerhaft dem Run zugeordnet sein.
S021.B03,S021,operations,none,operations,none,Bedeutung der doppelten Minute fehlt,offen,Weder gespeicherte Absicht noch Fold-ID-Regel sind festgelegt.,"Die Uhrumstellung endet, richtige Runzahl bleibt ohne Entscheidung unbestimmbar.",none,ungeklaert,Für nachweislich richtige Terminaufnahme ist kein bestimmter Gegenstand belegt; kein universelles einmal oder zweimal.,Expliziter Auftrag und isolierter Fold-Test legen die gewünschte Zuordnung fest.,Fold-Vertrag zuerst festlegen: entweder ein zivil beschrifteter Termin oder zwei verschiedene physische Termine. Occurrence-Key muss genau diesen Vertrag ausdrücken und vor Triggerbestätigung dauerhaft dem Run zugeordnet sein.
S022.B01,S022,operations,none,operations,none,Nicht existente Minute wird ausdrücklich ausgelassen,abschluss,"Auftrag vereinbart Skip bei Gap, Ledger erfasst die Auslassung statt einen Run zu erfinden.","Terminverwaltung ist abgeschlossen, die nicht verlangte Ersatzarbeit wird nicht erzeugt.",OPR011 OPR012,bedingt,Operator kann sehen warum kein Run existiert; kein erledigter Geschäftsauftrag wird daraus behauptet.,Auslassung wird als ausgeführte Arbeit angezeigt oder Auftrag verlangte Ersatztermin.,"Gap-Disposition mit beabsichtigter Geschäftsbedeutung speichern: auslassen ist nicht erfüllen, Nachholen verlangt Gültigkeitsprüfung und gibt keine externe Sendefreigabe."
S022.B02,S022,operations,none,operations,none,Vertraglich nachzuholender Termin bleibt identifizierbar,transient,"Auftrag verlangt nächsten gültigen Zeitpunkt, verschobene Occurrence behält stabile Identität und Aufgabe bleibt gültig.",Begrenzte Nachholarbeit endet nach Annahme und Abarbeitung; neue externe Zustimmung bleibt gesondert.,OPR011 OPR012,bedingt,Dispatcher kann den fehlenden zivilen Termin seinem Ersatz zuordnen ohne zweite Absicht zu erzeugen.,Nachholen verliert Herkunft oder führt abgelaufene Aufgabe ungeprüft aus.,"Gap-Disposition mit beabsichtigter Geschäftsbedeutung speichern: auslassen ist nicht erfüllen, Nachholen verlangt Gültigkeitsprüfung und gibt keine externe Sendefreigabe."
S022.B03,S022,operations,none,operations,none,Keine Regel für ausgelassene Zeit,offen,Unbekannt ob lokaler Termin Dauerintervall oder Pflicht bis Tagesende gemeint ist.,Ohne Vertragsentscheidung ist Fehlen weder korrekt noch automatisch Schaden.,none,ungeklaert,Kein nachgewiesener Termin-Erhalt durch bloße Cronzeichenfolge.,Ein dokumentierter Geschäftsauftrag entscheidet Skip gegen Nachholen.,"Gap-Disposition mit beabsichtigter Geschäftsbedeutung speichern: auslassen ist nicht erfüllen, Nachholen verlangt Gültigkeitsprüfung und gibt keine externe Sendefreigabe."
S023.B01,S023,operations,none,operations,none,Rücksprung ändert Anzeigen nicht die Occurrence-Identität,transient,Aufträge und bereits materialisierte Occurrences sind dauerhaft erfasst; Retry derselben Zeitabsicht behält Key.,Rückgestellte Wandzeit erzeugt keine zweite Zuordnung; künftige Terminzeit benötigt weiter definierten Zeitvertrag.,OPR011 OPR012,bedingt,Scheduler behält nachvollziehbare Absicht und bereits getroffene Terminentscheidungen.,Gleicher logischer Termin erzeugt nach zwölfstündigem Rücksprung eine zusätzliche Run-ID.,Clock-Domänen je Frist und Schedule benennen. Monotone lokale Reihenfolge ersetzt keine vertrauenswürdige Wandzeit für externe Freigabeexpiry.
S023.B02,S023,operations,none,operations,none,Fristentscheidung wartet auf verlässliche Zeit,halt,"Zeitauftrag verlangt absolute Ablaufzeit, Rücksprung erkannt und keine vertrauenswürdige aktuelle Zeit verfügbar.",Bis verlässlicher Zeitabgleich oder neue rechtmäßige Entscheidung keine Aussage noch gültig.,OPR012,teilweise,"Prüfer kennt die beabsichtigte Frist und den fehlenden Vergleichswert, nicht deren aktuellen Wahrheitswert.",System akzeptiert neue Wirkung allein weil zurückgestellte Uhr wieder vor Expiry liegt.,Clock-Domänen je Frist und Schedule benennen. Monotone lokale Reihenfolge ersetzt keine vertrauenswürdige Wandzeit für externe Freigabeexpiry.
S023.B03,S023,operations,none,operations,none,Rücksprung wird ungeprüft als neue Gültigkeit benutzt,verlust,"Wandzeit allein entscheidet Gültigkeit, bereits abgelaufene Wirkung wird tatsächlich später akzeptiert.","Einmaliger Consent-Verstoß bleibt historische Tatsache, kein Attraktor aus Uhrfehler allein.",OPR001,teilweise,Unbetroffene Taskfakten können erhalten sein; korrekte zeitliche Zustimmung ist für die Wirkung nicht erhalten.,Annahme erfüllt trotz Uhrsprung den tatsächlichen Freigabevertrag.,Clock-Domänen je Frist und Schedule benennen. Monotone lokale Reihenfolge ersetzt keine vertrauenswürdige Wandzeit für externe Freigabeexpiry.
S024.B01,S024,operations,none,operations,OP001 OP003 OP004,Begrenzte Nachholarbeit wird abgearbeitet,transient,"Endlicher gültiger Rückstand und Dienst über aktuellem Zulauf, stabile Aufnahme ohne Timeout-Neuschöpfung.",Rückstand sinkt bis verbleibende Arbeit erledigt ist.,OPR010 OPR011,bedingt,Scheduler kann erhaltene Termine Originalaufträgen zuordnen und begrenzt abarbeiten.,Nachholung erzeugt neue Identitäten für schon aufgenommene Termine.,Nachholinventar mit bounded admission und Einzelgültigkeit verbinden. Eine sechs Wochen alte Terminliste darf weder pauschal gelöscht noch pauschal zur Sendefreigabe werden.
S024.B02,S024,operations,none,operations,OP001 OP003 OP004,Fortgesetzter Zulauf hält Rückstand,extern-erzwungen,"Ankommende gültige Arbeit übersteigt Dienst nach Wake, Aufnahmebudget bewahrt nur zugelassene Menge.",Äußere Last erhält Warten; Rückstand allein ist keine Eigendynamik.,OPR010,teilweise,"Bereits zugelassene Arbeit bleibt nutzbar, nicht alle Fristen oder alle abgewiesenen Eingänge.",Queue überschreitet Budget oder verliert zugelassene Originalaufträge.,Nachholinventar mit bounded admission und Einzelgültigkeit verbinden. Eine sechs Wochen alte Terminliste darf weder pauschal gelöscht noch pauschal zur Sendefreigabe werden.
S024.B03,S024,operations,none,operations,OP001 OP003 OP004,Nachholwelle löst dauernde Retry-Reproduktion aus,attraktorhypothese,"Bei unverändertem Grundbedarf führt hohe Queue zu Timeouts, diese erzeugen Last und hemmen Abschluss; begrenztes Hochlastregime bleibt nach ursprünglicher Wake-Welle.",Queue → Timeout → Retrylast → weniger Nutzabschluss → Queue. Ohne begrenzte Wiederkehr nur Eskalation.,OPR001,teilweise,Lesbarer Taskkern bleibt nur solange Speicher und Zugriffsressourcen nicht ebenfalls erschöpfen.,Bei festem Grundbedarf und gleicher Policy kehren verschiedene Startqueues nach Welle zum selben gesunden Zustand zurück.,Nachholinventar mit bounded admission und Einzelgültigkeit verbinden. Eine sechs Wochen alte Terminliste darf weder pauschal gelöscht noch pauschal zur Sendefreigabe werden.
S025.B01,S025,operations,none,operations,none,Gepinnte Zeitregeln bleiben maßgeblich,transient,Auftrag verlangt gespeicherte tzdb-Version und diese ist weiterhin verfügbar.,"Regelupdate ändert diesen Auftrag nicht, zukünftige Materialisierung benutzt alte definierte Regeln.",OPR012 OPR011,bedingt,Dispatcher kann ursprüngliche Zeitabsicht wiedergeben und Wiederholungen zuordnen.,Gleicher Auftrag erzeugt nach Softwareupdate ungefragt andere physische Termine.,"Regelversion und Änderungsentscheidung speichern, materialisierte Occurrences nicht still neu identifizieren. Zivilrechtlich aktuelle Regeln und gepinnte Regeln sind unterschiedliche erlaubte Aufträge."
S025.B02,S025,operations,none,operations,none,Aktuelle Zivilzeit gilt nach protokollierter Änderung,transient,"Auftrag verlangt aktuelle Regeln, Änderung mit Cutover und Behandlung bereits materialisierter Termine ist explizit festgelegt.",Neue Revision steuert nur dafür bestimmte Termine; alte Zuordnungen bleiben erklärbar.,OPR012 OPR011,bedingt,Operator kann verschobene Termine auf eine legitime Regelentscheidung zurückführen.,Bereits zugestellter Termin wird still unter neuer Identität erneut aufgenommen.,"Regelversion und Änderungsentscheidung speichern, materialisierte Occurrences nicht still neu identifizieren. Zivilrechtlich aktuelle Regeln und gepinnte Regeln sind unterschiedliche erlaubte Aufträge."
S025.B03,S025,operations,none,operations,none,Beabsichtigte Regelbindung unbekannt,offen,"Nur Zonenname gespeichert, keine Absicht zur Regeländerung oder Revisionserhaltung.",Ohne zusätzliche Geschäftsentscheidung ist richtige Verschiebung nicht ableitbar.,none,ungeklaert,Für originalgetreue zukünftige Terminbedeutung kein belegter Prüfgegenstand.,Authentischer Auftrag benennt alte oder aktuelle Regelbindung und Cutover.,"Regelversion und Änderungsentscheidung speichern, materialisierte Occurrences nicht still neu identifizieren. Zivilrechtlich aktuelle Regeln und gepinnte Regeln sind unterschiedliche erlaubte Aufträge."
S026.B01,S026,operations,none,operations,none,Kausale Quittung ordnet abhängige Effekte,abschluss,"Beide verbindlichen Quittungen überleben, zweite nennt geprüfte Vorgängerversion der ersten.",Widersprüchliche Wandzeiten ändern belegte Kausalrelation nicht; Ordnungsfrage ist geklärt.,OPR021,bedingt,"Operator kann genau diese Abhängigkeit feststellen, nicht alle globalen Effekte total ordnen.",Vorgängerverweis ist unverbindlich oder Teilnehmer akzeptierte ohne die referenzierte Version.,Quittungskausalität nur für tatsächlich belegte Abhängigkeiten nutzen. Lokaler Cursor und fremde Wandzeiten dürfen kein fehlendes verteiltes Vorher-Nachher erfinden.
S026.B02,S026,operations,none,operations,none,Effekte sind unabhängig und dürfen gleichzeitig sein,abschluss,"Verbindliche Einzelquittungen vorhanden, Geschäftsvertrag benötigt keine Reihenfolge zwischen ihnen.","Annahme beider Effekte ist geklärt, ungeklärte Wandzeitordnung beeinflusst diese Abnahme nicht.",OPR021,bedingt,Beide konkreten Wirkungen bleiben belegbar ohne künstliche zeitliche Gesamtreihenfolge.,Eine fachlich relevante Vorbedingung verlangt doch das Vorliegen des anderen Effekts.,Quittungskausalität nur für tatsächlich belegte Abhängigkeiten nutzen. Lokaler Cursor und fremde Wandzeiten dürfen kein fehlendes verteiltes Vorher-Nachher erfinden.
S026.B03,S026,operations,none,operations,none,Benötigte Reihenfolge unbeweisbar,ungewissheit,"Geschäftsinvariante verlangt Reihenfolge, nur widersprüchliche Zeitstempel ohne vertrauenswürdige Kausalbelege vorhanden.",Weitere lokale Abfragen derselben Stempel liefern keinen Ordnungsbeweis.,none,keines,Für verlässlichen Nachweis der benötigten Reihenfolge keines; Annahmen einzelner Effekte können trotzdem wahr sein.,Zugängliche verbindliche Versions- oder Vorgängerbelege entscheiden die Reihenfolge.,Quittungskausalität nur für tatsächlich belegte Abhängigkeiten nutzen. Lokaler Cursor und fremde Wandzeiten dürfen kein fehlendes verteiltes Vorher-Nachher erfinden.
S027.B01,S027,operations,none,operations,OP017 OP027 OP028 OP022,Abgelaufene Zustimmung blockiert neue Annahme,halt,"Freigabeobjekt erhalten, tatsächliche Akzeptanzgrenze kann Ablauf vor Annahme zuverlässig prüfen.",Ohne gültige erneute Entscheidung bleibt genau diese Wirkung gesperrt.,OPR022,bedingt,Entscheider kann die alte begrenzte Zustimmung und neue benötigte Entscheidung prüfen.,Teilnehmer nimmt nach vertraglichem Ablauf unter alter Freigabe trotzdem an.,Freigabevertrag muss Annahmemoment oder wirksame Teilnehmerprecondition benennen. Prüfung vor langem Pluginstart allein garantiert keine Zustimmung bei späterer Annahme.
S027.B02,S027,operations,none,operations,OP017 OP027 OP028 OP022,Annahme lag verbindlich innerhalb Gültigkeit,abschluss,"Quittung belegt irreversible Annahme vor Ablauf, nur Startup-/Antwortverarbeitung endet später.",Späte lokale Antwort macht bereits legitim erfolgte Annahme nicht ungültig.,OPR021 OPR022,bedingt,Operator kann genau akzeptierte Wirkung und damalige Zustimmung verbinden.,Quittung belegt nur Empfang oder Startup und nicht den erforderlichen Annahmemoment.,Freigabevertrag muss Annahmemoment oder wirksame Teilnehmerprecondition benennen. Prüfung vor langem Pluginstart allein garantiert keine Zustimmung bei späterer Annahme.
S027.B03,S027,operations,none,operations,OP017 OP027 OP028 OP022,Zeitpunkt oder Annahme bleibt unbekannt,ungewissheit,"Lokales Intentjournal erhalten, entfernte Annahmezeit nicht verlässlich belegt.","Warten auf verbindliche Evidenz, erneuter Start verlängert alte Zustimmung nicht.",OPR020 OPR022,teilweise,"Absicht und Freigabegrenze bleiben lesbar, erfüllte zeitliche Zustimmung bleibt offen.",Verbindlicher Annahmebeleg klärt den vertraglichen Zeitpunkt.,Freigabevertrag muss Annahmemoment oder wirksame Teilnehmerprecondition benennen. Prüfung vor langem Pluginstart allein garantiert keine Zustimmung bei späterer Annahme.
S027.B04,S027,operations,none,operations,OP017 OP027 OP028 OP022,Annahme erfolgte nach Ablauf unter alter Zustimmung,verlust,"Freigabe wurde nur vor langem Pluginstart geprüft, Teilnehmer nimmt nach dem tatsächlich bindenden Ablauf an, ursprüngliches Freigabeobjekt bleibt erhalten.",Die verletzte zeitliche Zustimmung bleibt historische Eigenschaft. Späte neue Zustimmung oder Pluginbereitschaft autorisiert die alte Annahme nicht rückwirkend.,OPR022,teilweise,"Entscheider kann die ursprüngliche Zeitgrenze untersuchen, nicht verlorene Zustimmungstreue oder eine genaue Annahmezeit aus dem Reviewobjekt allein herstellen.",Verbindliche Annahmeevidenz liegt innerhalb des tatsächlich erlaubten Zeitfensters oder die wirksame Annahmegrenze hat abgelaufene Wirkung verhindert.,Freigabevertrag muss Annahmemoment oder wirksame Teilnehmerprecondition benennen. Prüfung vor langem Pluginstart allein garantiert keine Zustimmung bei späterer Annahme.
S028.B01,S028,operations,none,operations,OP005 OP027 OP017 OP001,Abgelaufener Preis bleibt gültiger historischer Berichtswert,abschluss,Auftrag verlangt ausdrücklich Preis zum früheren Stichtag und erhaltener Prüfbezug belegt ihn.,Aktuelle Gültigkeit ist für diese historische Aussage irrelevant.,OPR034,bedingt,Prüfer kann den verlangten historischen Wert nutzen statt unnötig aktuelle Preise einzusetzen.,Auftrag verlangt aktuellen Kaufpreis oder historische Herkunft stimmt nicht.,"Preisverwendung als historische Aussage oder aktuelle Transaktion unterscheiden. Frischeprüfung benötigt echte Preisquelle beziehungsweise garantierte Terms, nicht Resultatformvalidierung."
S028.B02,S028,operations,none,operations,OP005 OP027 OP017 OP001,Aktueller Kauf wartet auf neue Preisentscheidung,halt,Altes geprüftes Freigabeobjekt enthält abgelaufenen Preis und Annahmegrenze prüft aktuelle Terms.,Bis belegter neuer Preis und nötige Zustimmung vorhanden sind bleibt Kauf aus.,OPR022,bedingt,"Operator kann alten Entscheidungsgegenstand abgrenzen, nicht neuen Preis aus ihm erzeugen.",Kauf wird mit ungenehmigten aktuellen Terms angenommen.,"Preisverwendung als historische Aussage oder aktuelle Transaktion unterscheiden. Frischeprüfung benötigt echte Preisquelle beziehungsweise garantierte Terms, nicht Resultatformvalidierung."
S028.B03,S028,operations,none,operations,OP005 OP027 OP017 OP001,Veralteter Preis wird als aktuell akzeptiert,verlust,"Keine passende unabhängige Preisprüfung, Ergebnis oder externe Bestellung benutzt abgelaufenen Wert als gültig.","Fehler bleibt bis neue sachliche Evidenz, keine notwendige Rückkopplung.",OPR001,teilweise,"Taskdaten belegen was behauptet wurde, nicht aktuelle Preiskorrektheit.",Vertrag garantiert den alten Preis noch oder Ausgabe bezeichnet ihn korrekt als historisch.,"Preisverwendung als historische Aussage oder aktuelle Transaktion unterscheiden. Frischeprüfung benötigt echte Preisquelle beziehungsweise garantierte Terms, nicht Resultatformvalidierung."
S029.B01,S029,operations,none,operations,none,Suspend zählt zur vertraglichen Dauer,transient,"Gespeicherter Zeitauftrag verlangt inklusive Sleep verstrichene Dauer, verfügbares Primitive erfasst sie auch über erforderliche Übergänge.","Nach Wake ist Frist gegebenenfalls sofort abgelaufen, nachgelagerte Handlung bleibt autorisierungspflichtig.",OPR012,bedingt,Fristprüfer kann Restdauer gemäß ursprünglichem Auftrag berechnen.,Primitive pausiert in Sleep oder Restart verliert die erforderliche Zeitbasis.,Tatsächliches Timerprimitive und Sleep-Semantik spezifizieren. Aktive Laufzeit und reale verstrichene Dauer sind verschiedene Aufträge; monotonic allein ist keine davon.
S029.B02,S029,operations,none,operations,none,Nur aktive Laufzeit zählt,transient,Auftrag verlangt aktive Bearbeitungsdauer und tatsächliches Primitive pausiert verlässlich im Sleep.,Nach Wake läuft verbliebene aktive Dauer weiter; keine Aussage zu Wandzeitfreigaben.,OPR012,bedingt,Timer erhält genau vereinbarte aktive Restzeit.,Geschäftliche Deadline ist realzeitlich oder Primitive zählt Sleep entgegen Vertrag.,Tatsächliches Timerprimitive und Sleep-Semantik spezifizieren. Aktive Laufzeit und reale verstrichene Dauer sind verschiedene Aufträge; monotonic allein ist keine davon.
S029.B03,S029,operations,none,operations,none,Suspend- oder Restart-Zeitbasis fehlt,ungewissheit,"Fristbedeutung ist bekannt und gespeichert, aber tatsächlich verstrichene benötigte Dauer ist nicht rekonstruierbar.",Bis belastbarer Zeitbezug oder explizite neue Disposition bleibt Ablaufentscheidung offen.,OPR012,teilweise,"Beabsichtigte Frist bleibt nutzbarer Prüfauftrag, ihr aktueller Ablauf nicht.",Plattformtrace oder persistenter verlässlicher Zeitanker rekonstruiert die Dauer.,Tatsächliches Timerprimitive und Sleep-Semantik spezifizieren. Aktive Laufzeit und reale verstrichene Dauer sind verschiedene Aufträge; monotonic allein ist keine davon.
S030.B01,S030,operations,none,operations,OP026 OP001 OP023 OP003,Restart liefert dieselbe Occurrence erneut,abschluss,Stabiler vertraglicher Key und atomare erhaltene Run-Zuordnung vor Triggerbestätigung.,"Jede Wiederholung liest dieselbe Zuordnung, Aufnahme endet einmal.",OPR011,bedingt,Dispatcher kann Originalrun weiterverfolgen ohne neue Aufgabe.,Neustart erzeugt bei gleichem Key einen zweiten Run.,Pluginneustart muss dieselbe dauerhaft materialisierte Occurrence wiederverwenden; mehrfacher Trigger ist nicht automatisch mehrfacher Geschäftseffekt.
S030.B02,S030,operations,none,operations,OP026 OP001 OP023 OP003,Jeder Neustart erzeugt neue logische Aufgabe,extern-erzwungen,Key ändert sich je Restart und wiederholte externe Neustarts liefern laufend Arbeit.,"Restartzufuhr hält Zusatzlast; ohne weitere Neustarts ist sie endlich, kein autonomer Attraktor.",OPR001,teilweise,"Vorhandene Taskfakten bleiben nachprüfbar, einmalige Terminaufnahme ist verloren.",Alle Neustartemissionen werden auf eine erhaltene Occurrence zurückgeführt.,Pluginneustart muss dieselbe dauerhaft materialisierte Occurrence wiederverwenden; mehrfacher Trigger ist nicht automatisch mehrfacher Geschäftseffekt.
S030.B03,S030,operations,none,operations,OP026 OP001 OP023 OP003,Zusatzruns bewirken echte Doppelannahmen,verlust,Neue Runs wurden jeweils effektfähig autorisiert oder ungeprüft versendet und Teilnehmer nimmt dasselbe beabsichtigte Geschäft mehrfach an.,"Historische Mehrfachannahmen bleiben, ohne weitere Wiederholungen kein Loop.",OPR020,teilweise,"Erhaltene einzelne Intentjournale helfen untersuchen, garantieren aber keine fachliche Einmaligkeit.",Mehrere Runs führen nachweislich nur zu einer Annahme oder zu gewollt mehreren Geschäften.,Pluginneustart muss dieselbe dauerhaft materialisierte Occurrence wiederverwenden; mehrfacher Trigger ist nicht automatisch mehrfacher Geschäftseffekt.
S031.B01,S031,operations,none,operations,OP015 OP001 OP016,"Harness schreibt weiter, verwaltete Reservation bleibt",halt,"Herdr unerreichbar, alter Harness hat weiterhin Schreibrechte, disconnected/restore-Pfad behält Lease.","Zweiter verwalteter Start wartet, tatsächliche alte Arbeit kann weiterlaufen.",OPR015 OPR001,bedingt,"Startentscheider besitzt Beleg der Belegung und Operator später Taskfakten, nicht aktuelle Herdr-Liveness.",Normaler zweiter Start im selben stabilen Workspace wird trotz Lease zugelassen.,Beobachterausfall nicht als Writer-Tod behandeln. Restore-Lease und Reconnect-Presumption getrennt führen; produktweite Ausschlussgarantie verlangt alle Startpfade und Schreiber.
S031.B02,S031,operations,none,operations,OP015 OP001 OP016,Beobachterverlust löst überlappende Schreiber aus,extern-erzwungen,Jemand gibt Lease vorschnell frei und startet Ersatz während alter Harness noch schreibt.,"Konflikt besteht solange beide aktiv schreiben, kein notwendiger selbsttragender Reparaturkreis.",OPR001,teilweise,"Unbetroffener Taskkern bleibt nutzbar, exklusive Workspaceattribution nicht.",Alle alten Schreibrechte waren vor Ersatzstart nachweislich erloschen.,Beobachterausfall nicht als Writer-Tod behandeln. Restore-Lease und Reconnect-Presumption getrennt führen; produktweite Ausschlussgarantie verlangt alle Startpfade und Schreiber.
S032.B01,S032,operations,none,operations,OP015 OP025 OP016,Anderer Sessionbezug wird ausgesondert,halt,"Neue Pane hat andere UUID, verbindliche Beobachtungskorrelation erkennt Diskrepanz und Reservation bleibt.",Bis echter alter Writer geklärt ist keine Wiederverwendung allein wegen neuer Pane.,OPR014 OPR015,bedingt,Operator kann Fremdbeobachtung von alter Belegung trennen.,Fremde UUID wird auf alte Session promoviert oder Lease aus Pane-Reuse gelöscht.,Pane-ID nur als Laufzeitadresse behandeln und fehlende UUID nicht als positive Gleichheit. Generation und Identität müssen vor Lifecycle-Mutation verbindlich geprüft werden.
S032.B02,S032,operations,none,operations,OP015 OP025 OP016,Fehlende UUID erlaubt falsche Zuordnung,verlust,"UUID fehlt auf einer Seite, historisches C4-Fallback ohne weitere Caller-Grenze akzeptiert fremde autoritative Pane.",Falsche Zuordnung bleibt bis unabhängige Identitätsklärung; echte Überlappung verlangt weiteren Start.,OPR001,teilweise,"Ursprüngliche Taskfakten können bleiben, aktuelle Sessionzuordnung ist nicht verlässlich.",Obligatorische Caller-Prüfung weist den fehlenden Identitätsbeleg vor Mutation zurück.,Pane-ID nur als Laufzeitadresse behandeln und fehlende UUID nicht als positive Gleichheit. Generation und Identität müssen vor Lifecycle-Mutation verbindlich geprüft werden.
S033.B01,S033,operations,none,operations,OP025 OP001 OP015,Unabhängiger Sessionbeleg überlebt Dateiumbenennung,transient,Gültige unabhängig gebundene Beobachtungsgeneration/Session-ID vorhanden und obligatorisch geprüft.,Namensparser kann scheitern ohne Sessionkontinuität zu verlieren.,OPR014,bedingt,Lifecycle-Verbraucher kann die echte Session weiter identifizieren.,Zusätzlicher Beleg stammt nur aus dem umbenannten Dateinamen oder wird nicht geprüft.,"Transcript-Dateiname darf nicht einzige Herkunftsbindung sein. Alternative Identität muss unabhängig authentisch sein, nicht aus dem gleichen kaputten Namen geraten werden."
S033.B02,S033,operations,none,operations,OP025 OP001 OP015,Dateiname war einziger Diskriminator,ungewissheit,"Parser liefert None, kein unabhängiger Identitätsbeleg, alter Leasebestand bleibt lesbar.",Bis korrelierter Beleg vorliegt bleibt Zuordnung offen; Vertrauen aufgrund Autorität allein wäre Fehlassoziation.,OPR015,teilweise,"Verwalteter Startentscheider kann Workspace weiterhin reserviert halten, nicht die Pane als alte Session bestätigen.",Fehlende UUID wird als positiver Identitätsbeweis akzeptiert oder alter Lease fehlt.,"Transcript-Dateiname darf nicht einzige Herkunftsbindung sein. Alternative Identität muss unabhängig authentisch sein, nicht aus dem gleichen kaputten Namen geraten werden."
S034.B01,S034,operations,none,operations,OP001 OP015 OP024,Hookloses idle ändert Task nicht,halt,"Aufruf nutzt historisches C11-NoChange und C3-Belegung, keine manuelle Umgehung.",Alter nichtterminaler Auftrag bleibt belegt bis echte Resultat- oder Autorisierungsevidenz.,OPR029 OPR001,bedingt,Assignment-Entscheider behält richtige Belegung und Taskfakten; tatsächlicher Worker kann weiterarbeiten.,Screen-idle allein gibt den belegten Worker frei oder committet Taskende.,Adapter-NoChange auch an Caller und UI-Frischegrenze erhalten. Screen-idle ist weder Taskabschluss noch Freigabe des Workers.
S034.B02,S034,operations,none,operations,OP001 OP015 OP024,UI verkauft schwache Anzeige als aktuelle Wahrheit,verlust,Zusätzlicher UI-/Caller-Pfad ignoriert fehlende Hookautorität und behauptet idle verbindlich.,Irreführende Anzeige bleibt bis korrelierter Refresh; daraus folgt noch keine falsche Außenwirkung.,OPR001,teilweise,"Kernfakten können richtig weiterbestehen, Beobachterentscheidung aus der Anzeige nicht.",Anzeige markiert Quelle und Ungewissheit deutlich und erlaubt keinen autoritativen Schluss.,Adapter-NoChange auch an Caller und UI-Frischegrenze erhalten. Screen-idle ist weder Taskabschluss noch Freigabe des Workers.
S035.B01,S035,operations,none,operations,OP001 OP005,Zwischenturn beendet Task nicht,transient,"Adapter C11 liefert bei done NoChange, Task bleibt nichtterminal und Arbeit setzt sich fort.",Nächster Turn oder separate geprüfte Completion bestimmt Ende.,OPR001 OPR029,bedingt,Taskabsicht und Belegung bleiben erhalten statt durch Turnsignal ersetzt.,done allein führt zur Completion oder neuen Assignmentfreigabe.,"Turnabschluss strikt von Resultatannahme trennen. Verwaiste Bytes sind nur bei echter Dauerhaftigkeit und Zuordnung zu prüfen, nicht bei jedem done zu erfinden."
S035.B02,S035,operations,none,operations,OP001 OP005,Zusätzlicher Verbraucher akzeptiert Zwischenstand als Ende,verlust,Unabhängiger Completion-Aufrufer deutet done ohne aufgabenspezifische Endbedingung als final.,Falsch akzeptierter Zwischenstand bleibt bis sachliche Gegenprüfung.,OPR001,teilweise,"Gespeicherte Behauptung bleibt nachvollziehbar, fachlicher Abschluss ist nicht erhalten.",Auftrag war tatsächlich bereits vollständig erfüllt oder verpflichtender Endvalidator verweigert Annahme.,"Turnabschluss strikt von Resultatannahme trennen. Verwaiste Bytes sind nur bei echter Dauerhaftigkeit und Zuordnung zu prüfen, nicht bei jedem done zu erfinden."
S036.B01,S036,operations,none,operations,none,Alte Generation bleibt historische Beobachtung,abschluss,"Sessiongeneration und monotone Sequenz werden vor Mutation geprüft, alte Observation ist eindeutig früher.",Zustellung ist abgearbeitet ohne neue Session zu verändern; historischer Beleg bleibt als alt lesbar.,OPR014,bedingt,Operator kann Vergangenheit prüfen ohne aktuelle Liveness daraus abzuleiten.,Verspätete Observation ändert neue Session oder wird als frisch angezeigt.,Verbindliche Observation-Generation und Sequenz am mutierenden Caller festlegen. Quellenautorität ohne Frische darf neue Sessions nicht verändern.
S036.B02,S036,operations,none,operations,none,Gleiche oder fehlende Identität ohne Zeitbindung,ungewissheit,"Nur Autoritätsflag und unzureichende UUID, keine verbindliche Generation/Sequenz am Caller bekannt.",Korrekte Zuordnung kann aus diesen Angaben allein nicht entstehen; konkretes Mutationsverhalten bleibt offen.,none,ungeklaert,Für frische Sessionbeobachtung kein belegter Gegenstand. Historisches C4 allein beantwortet die End-to-end-Frage nicht.,Caller-Level-Test mit neuer Session und später alter Observation zeigt verpflichtende Ablehnung oder konkrete Fehlmutation.,Verbindliche Observation-Generation und Sequenz am mutierenden Caller festlegen. Quellenautorität ohne Frische darf neue Sessions nicht verändern.
S036.B03,S036,operations,none,operations,none,Alte Observation verändert tatsächlich neue Session,verlust,Zusätzliche konkrete Annahme: Caller akzeptiert verspätete autoritative Observation ohne Generation/Sequenzprüfung und schreibt deren Status auf die neue Session; Taskkern bleibt unabhängig intakt.,Falscher neuer Status bleibt bis korrelierter frischer Gegenbeobachtung oder expliziter Korrektur. Keine automatisch selbsttragende Beobachtungsschleife behauptet.,OPR001,teilweise,"Taskauftrag und erhaltene frühere Annahmeangaben bleiben lesbar, aktuelle Sessionattribution ist verletzt. Dies ist ein bedingter Callerfehler, kein aus C4 bewiesener Produktvorfall.",Isolierte Zustellung derselben alten Observation kann wegen obligatorischer Callerbindung die neue Session nicht verändern.,Verbindliche Observation-Generation und Sequenz am mutierenden Caller festlegen. Quellenautorität ohne Frische darf neue Sessions nicht verändern.
S037.B01,S037,operations,none,operations,OP026 OP001,Zweite Case-Reservation wird verweigert,abschluss,"Beide Schreibweisen lösen stabil auf dieselbe device/inode-Identität, beide benutzen C10 und denselben Store.","Erste Reservation bleibt, zweiter Request endet ohne neue Belegung; erste Arbeit ist damit noch nicht fertig.",OPR015,bedingt,Startentscheider besitzt nutzbare exklusive verwaltete Belegung trotz Aliasnamen.,Zwei gleichzeitige begin_start-Aufrufe reservieren denselben stabilen FileId erfolgreich.,Ein-Store-FileId-Exklusivität als begrenzten Vertrag bewahren. Keine Ausdehnung auf wechselnde Verzeichnisobjekte oder unabhängige Clones.
S038.B01,S038,operations,none,operations,OP016 OP001 OP034,Nachkomme bleibt unverwalteter Schreiber,extern-erzwungen,Kindprozess lebt nach Harnessende weiter und kann betroffene Dateien schreiben; Kernstore ist unbetroffen.,Schreibkonflikt dauert bis Fähigkeit erlischt oder koordiniert übergeben wird; keine automatische Wiederkehr nötig.,OPR001,teilweise,"Taskfakten sind noch nutzbar, Workspaceexklusivität fehlt auch wenn Pane weg ist.","Kind lebt zwar, besitzt aber keine relevante Schreibfähigkeit.",Prozessende und Erlöschen sämtlicher Schreibrechte getrennt nachweisen. Keine OS-Fencinggarantie aus einer Sessionrow ableiten.
S038.B02,S038,operations,none,operations,OP016 OP001 OP034,Unklarer Nachkomme verhindert verwaltete Wiedervergabe,halt,Entworfene Freigabegrenze verlangt Schreibfähigkeitsklärung und erhält Lease bis dahin.,"Fehlender Prozessbaumbeleg hält Wiederstart an, beendet aber Kind nicht.",OPR015,bedingt,Startentscheider kann alte Belegung konservativ nutzen ohne Prozess-Tod zu behaupten.,Ein anderer Recovery-Pfad gibt Lease ohne diesen Beleg frei.,Prozessende und Erlöschen sämtlicher Schreibrechte getrennt nachweisen. Keine OS-Fencinggarantie aus einer Sessionrow ableiten.
S038.B03,S038,operations,none,operations,OP016 OP001 OP034,Fertige Arbeitsbytes überleben nach bestätigtem Prozessende,halt,"Alle Schreiber beendet, geflushte Datei mit unabhängiger Runzuordnung vorhanden, Result-Commit fehlt.",Abnahme wartet auf fachliche Prüfung und berechtigte Completion.,OPR006,bedingt,Prüfer kann vorhandene Arbeit verwerten statt blind neu rechnen.,Datei ist ungeflusht unzuordenbar oder semantisch unbrauchbar.,Prozessende und Erlöschen sämtlicher Schreibrechte getrennt nachweisen. Keine OS-Fencinggarantie aus einer Sessionrow ableiten.
S039.B01,S039,operations,none,operations,OP017 OP031 OP026 OP001,Permission-Warten hält Worker belegt,halt,"Temporärer Worker besitzt nichtterminalen blocked Task, C3-Prüfung bleibt auf jedem betrachteten Assignmentpfad.",Zeitablauf allein hebt Permission oder Belegung nicht auf.,OPR029 OPR001,bedingt,Task und Assignment bleiben inspizierbar; andere unabhängige Worker können getrennt arbeiten.,Neues Assignment nutzt denselben Worker während blocked fortbesteht.,Temporäre Lebensdauer nicht als automatischen Permission-Timeout auslegen. Belegung und benötigter menschlicher Entscheidungsstand sind getrennte Strukturen.
S039.B02,S039,operations,none,operations,OP017 OP031 OP026 OP001,Befugter Vertreter kann echte Permissionfrage übernehmen,halt,Zugängliches verständliches Dossier nennt benötigte Entscheidung und keine unauflösbare Owner-Exklusivität.,"Warten endet durch tatsächliche kompetente Entscheidung, nicht durch bloße Kenntnis des blocked-Status.",OPR032,bedingt,Vertreter hat einen nutzbaren Fallstand; alte Workerbelegung endet dadurch nicht automatisch.,Vertreter benötigt trotz Dossier fehlendes Ownerwissen oder besitzt keine nötige Autorität.,Temporäre Lebensdauer nicht als automatischen Permission-Timeout auslegen. Belegung und benötigter menschlicher Entscheidungsstand sind getrennte Strukturen.
S040.B01,S040,operations,none,operations,OP001 OP016 OP015,Positive Korrelation verbindet weiterlebende Session,transient,Gleiche echte Session und frische gebundene Beobachtung sind vorhanden.,Beobachtungslücke endet ohne Ersatzstart.,OPR014,bedingt,Operator erhält aktuellen korrelierten Sessionbezug statt neuer Identität durch Klassifikationsfehler.,Korrelation basiert nur auf wiedervergebener Pane oder fehlender UUID.,Herdr-Restart nicht mit Maschinenneustart gleichsetzen. C4-Replacement ist nur ein Datensatz; Konfliktschaden braucht nachfolgenden Launch und lebenden alten Schreiber.
S040.B02,S040,operations,none,operations,OP001 OP016 OP015,Fehlende Evidenz hält Belegung konservativ,halt,Verwendeter Recovery-Pfad behält Lease statt presumed-gone-Replacement als Freigabe zu verwenden.,Bis alter Schreiber geklärt ist kein zweiter verwalteter Start.,OPR015,bedingt,"Belegung bleibt nutzbar, behauptet aber keine aktuell sichtbare Runtime.",Alternative Reconnectfunktion oder Caller gibt Lease dennoch frei.,Herdr-Restart nicht mit Maschinenneustart gleichsetzen. C4-Replacement ist nur ein Datensatz; Konfliktschaden braucht nachfolgenden Launch und lebenden alten Schreiber.
S040.B03,S040,operations,none,operations,OP001 OP016 OP015,Presumption und späterer Start schaffen Überlappung,extern-erzwungen,"C4-artige Presumption erzeugt Ersatzrecord, Caller startet später Ersatz und alter Harness schreibt noch.","Überlappung dauert mit beiden Schreibfähigkeiten, nicht allein mit falschem Restartlabel.",OPR001,teilweise,"Unbetroffener Taskkern bleibt, exklusive Arbeitsattribution geht verloren.",Kein Ersatzlaunch erfolgt oder alte Schreibfähigkeit war vor ihm erloschen.,Herdr-Restart nicht mit Maschinenneustart gleichsetzen. C4-Replacement ist nur ein Datensatz; Konfliktschaden braucht nachfolgenden Launch und lebenden alten Schreiber.
S041.B01,S041,operations,none,operations,OP018 OP022,Framingfehler endet in begrenzter Aktivierungssperre,halt,"Host erkennt Debugtext als Protokollverletzung, persistentes Restartbudget greift, Fehlerjournal bleibt außerhalb Plugin lesbar.",Nach endlichen Fehlversuchen kein weiterer automatischer Start bis ausdrücklicher neuer Entscheidung.,OPR017,bedingt,"Operator kann Defekt und verbrauchtes Budget diagnostizieren, nicht Pluginheilung aus Restart folgern.",Debugtext erzeugt akzeptierte Fake-Frames oder Budget setzt sich bei jedem Start zurück.,"Stdout strikt als Framingkanal behandeln, Diagnose auf stderr. Aktivierungsfehler und möglicher Teilnehmererfolg sind getrennte Journale mit getrennten Ausgängen."
S041.B02,S041,operations,none,operations,OP018 OP022,Protokollbruch lässt Außenwirkung offen,ungewissheit,"Intent lag vor möglicher Teilnehmerannahme dauerhaft vor, gültige Antwort geht im kaputten Stream verloren.",Sperren des Plugins klärt Annahme nicht; benötigt unabhängige verbindliche Quittung.,OPR020,bedingt,Rekonziliator behält genaue Operation zum späteren Abgleich ohne blinden Retry.,Host markiert wegen Framingfehler sicher nicht angenommen oder verliert Operation-ID.,"Stdout strikt als Framingkanal behandeln, Diagnose auf stderr. Aktivierungsfehler und möglicher Teilnehmererfolg sind getrennte Journale mit getrennten Ausgängen."
S042.B01,S042,operations,none,operations,OP018 OP021 OP008 OP002,Riesenheader wird vor Allokation begrenzt,halt,Größenlimit und reservierte Kernressourcen greifen vor Lesen/Allokation des Terabyte-Bodys.,"Betroffene Aktivierung bleibt gesperrt, unabhängige lokale Arbeit hat weiter Ressourcen.",OPR018 OPR017,bedingt,Kernel kann weiter bedienen und Operator den Headerverstoß prüfen.,Residenter Speicher wächst mit deklarierter Terabytelänge oder lokale Aufnahme fällt mit aus.,Deklarierte Länge inklusive Integergrenzen vor Allokation prüfen. Framebudget muss mit Gesamtressourcen zusammenpassen; Pluginprozess allein ist kein Speicherschutz.
S042.B02,S042,operations,none,operations,OP018 OP021 OP008 OP002,Unbegrenzte Allokation erschöpft Host,eskalation,"Host reserviert oder liest unkontrolliert nach Längenangabe, keine wirksamen vorgelagerten Grenzen.","Speicherverbrauch steigt bis OOM/Stall, nicht als begrenzter Attraktor behauptet.",none,ungeklaert,Während globaler Erschöpfung ist keine unabhängige Bedienfähigkeit belegt; spätere Datenerhaltung hängt von konkret überlebendem Store ab.,Überlanger Header wird nachweislich mit beschränktem Speicher verarbeitet und lokale Arbeit geht weiter.,Deklarierte Länge inklusive Integergrenzen vor Allokation prüfen. Framebudget muss mit Gesamtressourcen zusammenpassen; Pluginprozess allein ist kein Speicherschutz.
S043.B01,S043,operations,none,operations,OP020 OP022 OP004 OP021,"Gesunder Healthpfad, blockierte Geschäftsarbeit",extern-erzwungen,"Health antwortet, Geschäftsdefekt blockiert weiterhin, begrenzte Originalqueue und lokale Ressourcen bleiben intakt.",Defekt hält Geschäftsservice an; Health allein beendet ihn nicht.,OPR010 OPR009,teilweise,"Lokaler Operator kann wartende Originalaufträge inspizieren und unabhängige lokale Arbeit bedienen, nicht blockierte Operationen abschließen.",Auch lokale unabhängige Arbeit hängt am Geschäftsdeadlock oder Queue geht verloren.,Businessfortschritt als operationsbezogene Evidenz erfassen statt aus Health ableiten. Bounded timeouts sind keine Nichtannahmebelege.
S043.B02,S043,operations,none,operations,OP020 OP022 OP004 OP021,Geschäftstimeout mit möglicher Annahme,ungewissheit,"Aufruf erreichte vielleicht Teilnehmer, Intent ist dauerhaft, kein verbindlicher Ausgang.",Fristablauf beendet Warten auf Pipe nicht das unbekannte Geschäftsergebnis.,OPR020,bedingt,"Operation bleibt gezielt rekonzilierbar, Healthsuccess liefert keinen Ergebnisbeleg.",Verbindliche korrelierte Quittung war vorhanden oder Timeout löst neue unkoordinierte Wirkung aus.,Businessfortschritt als operationsbezogene Evidenz erfassen statt aus Health ableiten. Bounded timeouts sind keine Nichtannahmebelege.
S043.B03,S043,operations,none,operations,OP020 OP022 OP004 OP021,Timeoutlast verstärkt Businessblockade,attraktorhypothese,"Timeouts erzeugen zusätzliche Calls, diese verlängern Warteschlangen und verursachen neue Timeouts; begrenztes Hochlastregime bleibt nach initialem Defekt bei gleichem Grundbedarf.","Stau → Timeout → Calllast → weniger Nutzfortschritt → Stau. Bei permanentem festem Deadlock nur äußerer Defekt, ohne Rückwirkung keine Hypothese.",OPR001,teilweise,Lesbarer Taskkern bleibt nur bei nicht erschöpftem Store; gesunde Geschäftsarbeit ist nicht behauptet.,Bei festem Grundbedarf nach Defektentfernung drainen hohe und niedrige Anfangslast gleich oder Retrylast beeinflusst Fortschritt nicht.,Businessfortschritt als operationsbezogene Evidenz erfassen statt aus Health ableiten. Bounded timeouts sind keine Nichtannahmebelege.
S044.B01,S044,operations,none,operations,OP019 OP018,Endliche Restartfolge endet diagnostizierbar,halt,"Gleicher Defekt und endliches nicht bei Hostrestart zurückgesetztes Budget, Journal zugänglich.","Crash → Restart gilt nur bis Budgetende, danach kein automatischer Neustart.",OPR017,bedingt,Operator behält konkreten Fehler und verbrauchte Versuche zur gezielten Änderung.,Hostrestart setzt Budget zurück oder unverändertes Plugin startet unbegrenzt automatisch.,"Restartbudget an Aktivierungsidentität dauerhaft binden. Ein Operatorreset ist externer Eingang, kein Beweis selbstheilender Pluginaufsicht."
S044.B02,S044,operations,none,operations,OP019 OP018,Unbegrenzte Policy wiederholt denselben Crash,extern-erzwungen,Policy hat kein dauerhaftes Budget oder fortgesetzte externe Resets erneuern es; Kernressourcen sind anderweitig geschützt.,Crash triggert Policyrestart und denselben Crash; technisch erzwungener Zyklus ohne belegte Attraktion.,OPR009,teilweise,Lokaler unabhängiger Bedienpfad bleibt nur wegen separater Ressourcen und Aktivierungsunabhängigkeit nutzbar.,Restartchurn erschöpft gemeinsamen Host oder Plugin liefert stabil nützliche Arbeit.,"Restartbudget an Aktivierungsidentität dauerhaft binden. Ein Operatorreset ist externer Eingang, kein Beweis selbstheilender Pluginaufsicht."
S045.B01,S045,operations,none,operations,OP018 OP026 OP021 OP002,Optionaler Parsefehler lässt lokalen Betrieb intakt,halt,"Bundled lokaler Pfad und Kernel starten ohne fehlerhaftes optionales Manifest, dessen Fehler wird separat erfasst.","Betroffene Aktivierung gesperrt bis korrigierte Eingabe und bewusster Retry, lokale Arbeit läuft unabhängig.",OPR017 OPR009,bedingt,Operator kann lokal den konkreten Aktivierungsfehler und Tasks prüfen.,Safe-Mode lädt zwingend das fehlerhafte Manifest und beendet global den Start.,Optionales Manifest erst in isolierter Aktivierung auswerten und lokalen Safe-Mode nicht von dessen erfolgreichem Parse abhängig machen.
S045.B02,S045,operations,none,operations,OP018 OP026 OP021 OP002,Globaler Parser verhindert jeden Start,halt,"Auch lokale Recovery aktiviert zwingend denselben defekten Manifestparser, Datenbestand bleibt physisch lesbar.",Wiederholter Start scheitert bis Konfiguration oder Parsepfad geändert wird.,OPR001,teilweise,"Taskfakten können nach zulässigem Wiederzugang weiter nützlich sein, aktueller lokaler API-Zugang ist nicht erhalten.",Bundled-only-Start umgeht den Defekt bereits.,Optionales Manifest erst in isolierter Aktivierung auswerten und lokalen Safe-Mode nicht von dessen erfolgreichem Parse abhängig machen.
S046.B01,S046,operations,none,operations,OP005 OP022 OP001 OP028,Frühe Erfolgsmeldung wird als Behauptung gehalten,ungewissheit,"Plugin meldet vor dauerhaftem Teilnehmercommit Erfolg, Intent und empfangene Behauptung sind erhalten, keine verbindliche Quittung.",Bis echter dauerhafter Ausgang belegt ist bleibt Abschluss offen.,OPR020,bedingt,Rekonziliator kennt genaue Operation und unzureichenden Beleg statt erfolgreich zu halluzinieren.,Vorzeitige Meldung wird als dauerhafte Annahme ausgegeben oder Operation-ID fehlt.,"Teilnehmer-Erfolg nur nach konkret zugesicherter Commitsemantik werten. Lokales Journal bewahrt eine Behauptung, kann ihre entfernte Wahrheit nicht herstellen."
S046.B02,S046,operations,none,operations,OP005 OP022 OP001 OP028,Teilnehmer committet später verbindlich,abschluss,Nach früher Meldung erfolgt tatsächlich dauerhafter Commit mit zugänglicher passender Quittung.,"Für diese Wirkung ist Ausgang geklärt, nicht rückwirkend Verlässlichkeit früherer Meldungen bewiesen.",OPR021,bedingt,Operator kann konkreten Endzustand belegen ohne nochmals auszulösen.,Teilnehmerrestart verliert die angeblich dauerhafte Operation.,"Teilnehmer-Erfolg nur nach konkret zugesicherter Commitsemantik werten. Lokales Journal bewahrt eine Behauptung, kann ihre entfernte Wahrheit nicht herstellen."
S046.B03,S046,operations,none,operations,OP005 OP022 OP001 OP028,Falscher lokaler Erfolg überlebt verlorene Teilnehmerarbeit,verlust,"Factory akzeptiert vorzeitiges Erfolgssignal, Teilnehmer verliert Arbeit vor Commit, lokale Taskdaten bleiben.",Falsche Completion bleibt bis Gegenbeleg und explizite Korrektur.,OPR001,teilweise,"Annahmebehauptung ist nachvollziehbar, ausgeführte Geschäftsarbeit ist gerade nicht erhalten.",Teilnehmer belegt doch einen dauerhaften Commit vor dem Verlust.,"Teilnehmer-Erfolg nur nach konkret zugesicherter Commitsemantik werten. Lokales Journal bewahrt eine Behauptung, kann ihre entfernte Wahrheit nicht herstellen."
S047.B01,S047,operations,none,operations,OP018 OP021 OP008 OP002,Plugin erreicht eigenes FD-Budget,halt,"Limit und Kernreserve wirksam, Fehlerjournal benötigt keine erschöpften Plugin-FDs.","Plugin scheitert begrenzt, Kern hat weiterhin Dateizugriff und lokales Socket.",OPR018 OPR017,bedingt,Andere Aktivierungen und Operator behalten konkrete Ressourcen sowie Diagnose.,Plugin erschöpft trotzdem gemeinsame FDs und verhindert lokale Taskabfrage.,FD-Aufnahme pro Prozess und gemeinsame OS-Reserve prüfen. Getrennte Prozesse teilen Systemlimits und begründen allein keinen unabhängigen lokalen Betrieb.
S047.B02,S047,operations,none,operations,OP018 OP021 OP008 OP002,Geteiltes FD-Limit blockiert Kern,extern-erzwungen,"Keine genügende globale Reserve, Plugin hält FDs die Store und Socketzugriff verhindern.",Ressourcen bleiben bis tatsächlicher Freigabe oder Prozessende blockiert; ein Statuswechsel allein schließt keine FDs.,none,ungeklaert,"Aktuelle lokale Bedienfähigkeit ist nicht belegt. Bereits gespeicherte Daten könnten nach Freigabe noch nutzbar sein, sind hier aber nicht zugänglich.",Isolierter FD-Sturm lässt Kernzugriffe messbar weiterlaufen.,FD-Aufnahme pro Prozess und gemeinsame OS-Reserve prüfen. Getrennte Prozesse teilen Systemlimits und begründen allein keinen unabhängigen lokalen Betrieb.
S048.B01,S048,operations,none,operations,none,Optionales Feld ist für alte Operation sicher ignorierbar,transient,"Konkreter Vertrag zeigt dass Ignorieren keine Bedeutung der betreffenden Operation ändert, beide Peers halten ihn ein.",Versionswechsel führt nicht zu Bedeutungsdrift auf diesem Pfad.,OPR019,bedingt,Host kann genau die weiterhin gleichbedeutende Operation nutzen.,Ein altes/neues Nachrichtenpaar mit gleicher Absicht ergibt verschiedene relevante Wirkungen.,"Konkrete Semantik optionaler Felder neben Major und Schema vertraglich prüfen. Beispielhafte Preis-/Dry-run-Alternativen sind neue bedingte Entwürfe, keine Aussage über ein tatsächlich vorhandenes Feld."
S048.B02,S048,operations,none,operations,none,Neue Feldbedeutung wird vor Geschäftsaufruf abgelehnt,halt,"Beispielsweise änderte optionale Preis-/Dry-run-Bedeutung eine Wirkung, erhaltener semantischer Vertrag erkennt Inkompatibilität verpflichtend.",Aktivierung dieser Operation wartet auf passenden Peer oder bewusste Vertragsänderung.,OPR019,bedingt,Bearbeiter kann den konkreten Bedeutungsunterschied prüfen statt Major-Kompatibilität als Freigabe nutzen.,Handshake akzeptiert und Geschäftsaufruf nutzt widersprüchliche Bedeutung trotz Vertragsbindung.,"Konkrete Semantik optionaler Felder neben Major und Schema vertraglich prüfen. Beispielhafte Preis-/Dry-run-Alternativen sind neue bedingte Entwürfe, keine Aussage über ein tatsächlich vorhandenes Feld."
S048.B03,S048,operations,none,operations,none,"Nur gleiche Majorzahl, konkrete Bedeutung unbekannt",offen,Weder betroffenes Feld noch bisherige Bedeutung oder beeinträchtigte Invariante sind genannt.,Ohne Nachrichtenpaar und Invariante keine Aussage über Schaden oder nützlichen kompatiblen Restpfad.,none,ungeklaert,Für semantisch sichere Operation ist kein nachgewiesener Vertrag vorhanden; keine beliebige Gefahr als Tatsache.,Ein spezifiziertes altes/neues Paar entscheidet sichere Ignorierbarkeit oder eine konkrete Verletzung.,"Konkrete Semantik optionaler Felder neben Major und Schema vertraglich prüfen. Beispielhafte Preis-/Dry-run-Alternativen sind neue bedingte Entwürfe, keine Aussage über ein tatsächlich vorhandenes Feld."
S048.B04,S048,operations,none,operations,none,Geänderte optionale Bedeutung lässt echte statt simulierte Wirkung zu,verlust,"Nur als konkretes Gegenbeispiel: Ein optionales Feld bezeichnet beim neuen Peer wirkungsverhindernde Simulation, beim alten nur ignorierbare Diagnose. Trotz gleicher Majorzahl wird derselbe Geschäftsaufruf real angenommen; lokaler genauer Intentbezug überlebt.","Die nicht beabsichtigte reale Annahme bleibt als historische Wirkung, auch nachdem Peers Bedeutungen angleichen. Ein einzelner semantischer Vertragsbruch ist kein Attraktor.",OPR020,teilweise,"Rekonziliator kann die beabsichtigte simulierte Operation und erhaltene Versuche prüfen, nicht aus dem Majorhandshake sichere gleiche Bedeutung ableiten. Dieses Feld ist eine stipulierte Testannahme, kein behauptetes bestehendes Factoryfeld.",Alter und neuer Peer interpretieren das konkret festgelegte Feld gleich oder verpflichtende Vertragsprüfung verhindert jede reale Annahme der als simuliert gemeinten Operation.,"Konkrete Semantik optionaler Felder neben Major und Schema vertraglich prüfen. Beispielhafte Preis-/Dry-run-Alternativen sind neue bedingte Entwürfe, keine Aussage über ein tatsächlich vorhandenes Feld."
S049.B01,S049,operations,none,operations,OP028 OP022 OP001,Deaktivierte Capability hat offenen Außenwirkungsstand,ungewissheit,"Neue Dispatches gestoppt, alte Operation könnte angenommen sein, Intentjournal bleibt ohne erreichbaren Ergebnisweg.","Ungewissheit dauert bis zulässiger Ergebniszugang oder bewusste Disposition, Disable allein ist kein Ausgang.",OPR020,bedingt,Operator kann offene konkrete Verpflichtung sehen obwohl Plugin nicht mehr neu arbeiten darf.,Disable löscht Intent oder meldet alle in-flight Wirkungen automatisch nicht geschehen.,"Deaktivierung als Ende neuer Dispatchrechte modellieren, nicht als Rücknahme bereits angenommener Wirkungen. Rekonziliationsrecht und Aufbewahrungshorizont separat erhalten."
S049.B02,S049,operations,none,operations,OP028 OP022 OP001,Altwirkung bleibt verbindlich belegt,abschluss,Teilnehmerquittung für bereits angenommene irreversible Wirkung ist unabhängig von neuer Pluginaktivierung zugänglich.,"Historische Annahme bleibt nach Disable wahr, weitere Wirkungen bleiben getrennt gesperrt.",OPR021,bedingt,"Operator kann genau diesen Abschluss nachweisen, keine universelle Teilnehmerstilllegung.",Quittung ist nur lokales vorläufiges Erfolgssignal oder nicht mehr erreichbar.,"Deaktivierung als Ende neuer Dispatchrechte modellieren, nicht als Rücknahme bereits angenommener Wirkungen. Rekonziliationsrecht und Aufbewahrungshorizont separat erhalten."
S050.B01,S050,operations,none,operations,OP030 OP006 OP026 OP017,Verlustbehaftete Inverse wird nicht ausgeführt,halt,Erhaltener Kompensationsstand und unabhängiger operationstypischer Vergleich zeigen dass Inverse benötigte Information verlieren würde; Grenze verweigert sie.,Wartet auf sichere konkrete Alternative oder bewusste neue Geschäftsentscheidung.,OPR023 OPR034,bedingt,Bearbeiter kann den bestimmten Vorzustand und Defekt der Inverse prüfen.,Inverse wird trotz fehlender Erhaltung akzeptiert oder Prüfbezug ist selbst dieselbe Behauptung des Plugins.,Reversibilität mit konkreten Vor-/Nachbedingungen und Versionsbindung prüfen. Deklaration ersetzt keine verlustfreie Inverse und Journal ist keine Rücknahme.
S050.B02,S050,operations,none,operations,OP030 OP006 OP026 OP017,Inverse löscht einzigartigen Inhalt,verlust,"Deklaration wird ungeprüft geglaubt, inverse Wirkung zerstört einzige benötigte neuere oder ursprüngliche Information ohne unabhängige Kopie.",Beendete Inverse hinterlässt bleibende Informationslücke.,none,keines,Für den zerstörten einzigartigen Inhalt keines; keine imaginäre Vorzustandskopie im Journal.,Eine tatsächlich erhaltene vollständige Quelle rekonstruiert den Inhalt.,Reversibilität mit konkreten Vor-/Nachbedingungen und Versionsbindung prüfen. Deklaration ersetzt keine verlustfreie Inverse und Journal ist keine Rücknahme.
S050.B03,S050,operations,none,operations,OP030 OP006 OP026 OP017,Schädliche Inverse mit erhaltenem Vorzustandsbeleg,verlust,"Inverse ist schon ausgeführt, operationsspezifischer vollständiger Vorzustand und Versuchsstand blieben unabhängig erhalten.",Schaden besteht bis zulässige konkret geprüfte Wiederherstellung; Beleg allein führt sie nicht aus.,OPR023,teilweise,"Zuständiger Bearbeiter kann Wiederherstellung beurteilen, aktueller korrekter Teilnehmerzustand ist nicht erhalten.",Vorzustand enthält gerade die verlorenen Werte nicht oder inverse Bedeutung bleibt unbekannt.,Reversibilität mit konkreten Vor-/Nachbedingungen und Versionsbindung prüfen. Deklaration ersetzt keine verlustfreie Inverse und Journal ist keine Rücknahme.
S051.B01,S051,operations,none,operations,OP022 OP028 OP001 OP023,"Teilnehmer hat angenommen, Factory weiß Ausgang nicht",ungewissheit,"Annahme ist im Szenario erfolgt, Response verloren, lokales Intentjournal erhalten und keine zugängliche Quittung.","Partition und fehlende Evidenz halten lokales Nichtwissen, nicht zwingend entfernte Arbeit an.",OPR020,bedingt,Rekonziliator kann genaue Operation benennen und weitere Schritte begrenzen.,Timeout wird als Nichtannahme gespeichert oder bindender Beleg ist bereits zugänglich.,Netztimeout als unbekannten Ausgang führen und durch verbindliche Operation-ID rekonzilieren. Ein lokaler Retrykey erzwingt keine entfernte Einmaligkeit.
S051.B02,S051,operations,none,operations,OP022 OP028 OP001 OP023,Erhaltene Quittung beendet Ergebnisungewissheit,abschluss,Nach erreichbarem Lookup liegt verbindliche Quittung für genau die erste Annahme vor.,Ausgang ist geklärt ohne neue Wirkung; irreversible Annahme kann trotzdem nicht ungeschehen gemacht werden.,OPR021,bedingt,Operator kann erfolgte Arbeit nutzen und belegen.,Lookup verwechselt Operation oder Quittung überlebt Teilnehmerrestart nicht.,Netztimeout als unbekannten Ausgang führen und durch verbindliche Operation-ID rekonzilieren. Ein lokaler Retrykey erzwingt keine entfernte Einmaligkeit.
S051.B03,S051,operations,none,operations,OP022 OP028 OP001 OP023,Blinder Retry erzeugt zweite Annahme,verlust,"Factory wiederholt unbekannte Wirkung, Teilnehmer ignoriert oder erhält keine gemeinsame Idempotenzidentität und nimmt erneut an.","Doppelte Historie bleibt auch nach Netzwerkheilung, finanzielle Korrektur braucht separate Handlung.",OPR020,teilweise,"Erhaltene lokale Versuche helfen untersuchen, beweisen aber weder Gesamtzahl noch aktuelle Bilanz.",Teilnehmer belegt nur eine Annahme trotz Retry.,Netztimeout als unbekannten Ausgang führen und durch verbindliche Operation-ID rekonzilieren. Ein lokaler Retrykey erzwingt keine entfernte Einmaligkeit.
S052.B01,S052,operations,none,operations,OP020 OP021 OP007 OP027,Falscher DNS-Endpunkt wird vor Datenübergabe abgewiesen,halt,"Strikte Peer-/Namensprüfung funktioniert, falscher Endpunkt besitzt keine passende Autorität, Kern und lokaler Zugang bleiben unabhängig.","Solange eine richtige authentische Route fehlt, bleibt der betroffene Providerpfad gesperrt.",OPR009 OPR020,bedingt,Lokaler Operator kann vorhandene Intentdaten bearbeiten ohne sie dem falschen Ziel zu übergeben.,Geschützte Bodydaten gelangen trotz fehlgeschlagener Peerprüfung an falschen Endpunkt.,Provideridentität unabhängig von DNS prüfen und konkreten Zielbezug vor Bodyübertragung sichern. Lokale Aufruferauthentifizierung ersetzt keine Provider-TLS-Grenze.
S052.B02,S052,operations,none,operations,OP020 OP021 OP007 OP027,Falscher Endpunkt erhält tatsächlich Daten oder Wirkung,verlust,"Verifikation wird umgangen oder falscher Endpunkt ist ebenfalls akzeptiert, geschützte Daten werden übertragen beziehungsweise falsche Wirkung angenommen.","Bereits erfolgte Offenlegung oder falsche Zielwirkung bleibt historische Eigenschaft, spätere DNS-Korrektur nimmt sie nicht zurück.",OPR020,teilweise,"Unbetroffenes Intentjournal kann den beabsichtigten Zielbezug zeigen, nicht verlorene Vertraulichkeit wiederherstellen.",Keine geschützten Daten oder Wirkungen erreichten das falsche Ziel.,Provideridentität unabhängig von DNS prüfen und konkreten Zielbezug vor Bodyübertragung sichern. Lokale Aufruferauthentifizierung ersetzt keine Provider-TLS-Grenze.
S053.B01,S053,operations,none,operations,OP020 OP021 OP007 OP001,Abgelaufenes Zertifikat sperrt Providerpfad,halt,"Strikte Ablauf-/Peerprüfung und verlässliche Zeit, lokaler Kernel und Bedienpfad unabhängig gesund.",Bis authentisches gültiges Zertifikat oder legitim korrigierte Zeit vorliegt keine neue Übertragung.,OPR009,bedingt,Operator kann lokal weiter inspizieren und unabhängige Aufgaben bedienen.,Lokaler Pfad hängt am selben Zertifikat oder Client ignoriert Ablauf.,"Zertifikatsablauf unter vertrauenswürdiger Zeit als spezifischen Transporthalt behandeln. Manuelle Authentifizierungsumgehung ist eine neue riskante Handlung, keine Recoverygarantie."
S053.B02,S053,operations,none,operations,OP020 OP021 OP007 OP001,Unsicherer Bypass ermöglicht fremden Peer,verlust,Zusätzlich zum Ablauf wird Prüfung abgeschaltet und fremder Peer empfängt tatsächlich geschützte Inhalte.,"Erfolgte Offenlegung bleibt, ohne tatsächliche Übertragung wäre nur Risiko gegeben.",OPR001,teilweise,"Unbetroffene Taskfakten können erhalten sein, betroffene Vertraulichkeit nicht.",Trotz Bypass war Peer unabhängig authentisch oder kein vertraulicher Inhalt wurde übertragen.,"Zertifikatsablauf unter vertrauenswürdiger Zeit als spezifischen Transporthalt behandeln. Manuelle Authentifizierungsumgehung ist eine neue riskante Handlung, keine Recoverygarantie."
S054.B01,S054,operations,A7S03,coordinator-review-amendment,OP021 OP024 OP003 OP008 OP001,Nichtlesender Client wird begrenzt abgehängt,halt,"Alle Puffer begrenzt, Kernreserve vorhanden, Clientcursor und Frischegrenze werden erhalten.","Langsamer Client bleibt getrennt, Kernarbeit geht weiter; spätere Aufholung nur innerhalb tatsächlicher Retention.",OPR018 OBR029,bedingt,"Die Kernreserve und der begrenzte autorisierte Subscriber-Cursor bleiben nutzbar. Der Cursor bezeichnet vorhandenen Ereignisbereich und mögliche Retentionslücke, nicht eine Runtime-Sessiongeneration.",Speicher wächst ohne Grenze oder Anzeige verkauft alten Cursor als aktuelle Wahrheit.,"Subscriptionbudgets vom Daemonpuffer bis Socket durchsetzen. Ein letzter Cursor erlaubt nur Replay noch vorhandener Events, nicht pauschale Erhaltung aller offenen Vorfälle."
S054.B02,S054,operations,A7S03,coordinator-review-amendment,OP021 OP024 OP003 OP008 OP001,Aufholen aus erhaltenem Eventbestand,transient,"Client liest wieder, letzter Cursor und vollständig benötigter kanonischer Nachlauf sind verfügbar.",Endlicher Rückstand kann gelesen werden ohne Events als externe Wirkungen erneut auszuführen.,OBR029 OPR004,bedingt,"Der Subscriber liest den tatsächlich erhaltenen Ereignissuffix zu seinem autorisierten Cursor. Kanonische Eingaben erlauben die Rekonstruktion innerhalb dieses Horizonts, ohne eine Runtimeobservation zu benötigen.",Retentionslücke fehlt im Replay oder Plugin wird beim Aufholen aufgerufen.,"Subscriptionbudgets vom Daemonpuffer bis Socket durchsetzen. Ein letzter Cursor erlaubt nur Replay noch vorhandener Events, nicht pauschale Erhaltung aller offenen Vorfälle."
S054.B03,S054,operations,none,operations,OP021 OP024 OP003 OP008 OP001,Unbegrenzte Clientqueue erschöpft gemeinsame Ressourcen,eskalation,Immer neue Events werden ungegrenzt für nichtlesenden Client gepuffert.,"Puffer wächst bis Ressourcenlimit oder Ausfall, keine begrenzte Attraktion belegt.",none,ungeklaert,Unabhängige lokale Bedienbarkeit ist ohne Schutz nicht nachgewiesen; vorhandene Datenträgerbits allein ersetzen sie nicht.,Speicher bleibt trotz Eventzufuhr begrenzt und unabhängige Requests schreiten fort.,"Subscriptionbudgets vom Daemonpuffer bis Socket durchsetzen. Ein letzter Cursor erlaubt nur Replay noch vorhandener Events, nicht pauschale Erhaltung aller offenen Vorfälle."
S055.B01,S055,operations,none,operations,OP021 OP001 OP031,Lokale Bedienung bleibt trotz HTTP-Ausfall,extern-erzwungen,"Wie Szenario vorgibt sind Kernel und lokaler Zugriff intakt, berechtigter Mensch ist lokal erreichbar.","HTTP-Ausfall hält nur diesen Kanal an, unabhängige lokale Aufträge können weitergehen.",OPR009,bedingt,Operator kann konkrete Taskabfragen und erlaubte lokale Arbeit ohne HTTP erledigen.,HTTP-only-Fehler verhindert auch die zugesagte lokale Abfrage.,HTTP-Capability getrennt vom transportneutralen Kernel und lokalen Zugang halten. Bei Remote-Only-Operator kann trotzdem menschliche Entscheidung fehlen.
S055.B02,S055,operations,none,operations,OP021 OP001 OP031,Benötigter Entscheider erreicht nur HTTP,halt,"Lokaler Kernel gesund, zuständiger Mensch nicht vor Ort und kein befugter lokaler Ersatz.","Human-gated Aufgabe wartet auf erreichbare kompetente Entscheidung, nicht alle Aufgaben stehen.",OPR001,teilweise,"Lokaler Taskkern bewahrt Entscheidungsbedarf für später, kein erreichbarer Entscheidungskanal wird behauptet.",Befugter erreichbarer Vertreter löst dieselbe Aufgabe ohne HTTP.,HTTP-Capability getrennt vom transportneutralen Kernel und lokalen Zugang halten. Bei Remote-Only-Operator kann trotzdem menschliche Entscheidung fehlen.
S056.B01,S056,operations,none,operations,OP024 OP001 OP017 OP034 OP023,Veralteter Cache bleibt ehrlich als alt nutzbar,halt,"Letzter Cursor Quelle und Frischegrenze erhalten, UI markiert Nichtwissen über aktuellen Zustand.",Bis autoritativer Refresh keine aktuelle Livenessaussage; reale Arbeit kann laufen fertig oder blocked sein.,OPR014,bedingt,Operator kann den damaligen beobachteten Stand einordnen ohne ihn als heutige Wahrheit zu nutzen.,UI zeigt tagelang running ohne erkennbare zeitliche Begrenzung.,"Cached running als datierte Beobachtung ausgeben, nicht als aktuellen Taskzustand. Ersatzarbeit braucht frische Kern- und Wirkungsprüfung statt UI-Status."
S056.B02,S056,operations,none,operations,OP024 OP001 OP017 OP034 OP023,Alter Cache führt zu falschem Glauben,verlust,"Client behauptet alte running-Information als aktuell, Kernfakten bleiben unabhängig intakt.","Glaube bleibt bis korrelierter Refresh oder Gegenbeleg, nicht zwingend Fehler im Workprodukt.",OPR001,teilweise,"Realer Taskkern ist weiter inspizierbar über einen gültigen Zugang, Cacheentscheidung ist unzuverlässig.",Aktueller Kernstand entspricht tatsächlich während des ganzen Intervalls der behaupteten Beobachtung.,"Cached running als datierte Beobachtung ausgeben, nicht als aktuellen Taskzustand. Ersatzarbeit braucht frische Kern- und Wirkungsprüfung statt UI-Status."
S056.B03,S056,operations,none,operations,OP024 OP001 OP017 OP034 OP023,Cachebedingter Ersatz dupliziert Geschäft,verlust,"Zusätzliche menschliche Aktion erzeugt neuen Effektauftrag ohne alte Operation zu klären, beide werden angenommen.",Doppelte Wirkung bleibt nach Cachekorrektur; der Cache allein hätte sie nicht erzeugt.,OPR020,teilweise,"Erhaltene Intentjournale können Absichten nachzeichnen, nicht Einmaligkeit garantieren.",Kein Ersatzdispatch oder nur eine tatsächliche Teilnehmerannahme.,"Cached running als datierte Beobachtung ausgeben, nicht als aktuellen Taskzustand. Ersatzarbeit braucht frische Kern- und Wirkungsprüfung statt UI-Status."
S057.B01,S057,operations,none,operations,OP026 OP001 OP024 OP025 OP023,Duplikate und alte Antworten werden korrekt zugeordnet,abschluss,"Antworten enthalten verbindlichen Operationsbezug, vorhandene Quittung wird idempotent derselben Operation zugeordnet.",Alle Permutationen ergeben denselben belegten Ausgang ohne neue Wirkung.,OPR021 OPR020,bedingt,Rekonziliator nutzt eine echte Quittung mehrfach lesend statt mehrfach auslösend.,Antwortpermutation verändert Zieloperation oder erzeugt zusätzlichen Effekt.,Antwortkorrelation mit Operation und Revision vor Zustandsfortschreibung durchsetzen. Doppelte Antworten dürfen keine neuen fachlichen Befehle implizieren.
S057.B02,S057,operations,none,operations,OP026 OP001 OP024 OP025 OP023,Ankunftsreihenfolge überschreibt die Anzeige,verlust,"Consumer nimmt letzte angekommene Antwort als aktuell ohne Revisionsbindung, Kernjournal ist getrennt erhalten.","Falsche Beobachtung bleibt bis korrekt korrelierter Vergleich, keine automatische Geschäftsduplikation.",OPR020,teilweise,"Beabsichtigte Operationen bleiben untersuchbar, der angezeigte Ausgang nicht vertrauenswürdig.",Consumer sortiert und korreliert zwingend vor jeder relevanten Statusänderung.,Antwortkorrelation mit Operation und Revision vor Zustandsfortschreibung durchsetzen. Doppelte Antworten dürfen keine neuen fachlichen Befehle implizieren.
S057.B03,S057,operations,none,operations,OP026 OP001 OP024 OP025 OP023,Fehlzugeordnete Antwort löst neue Wirkung aus,verlust,"Zusätzliche fehlerhafte Consumeraktion interpretiert verspätete Antwort als Anlass für neuen Dispatch, Teilnehmer nimmt doppelt an.",Historische Mehrfachwirkung bleibt auch bei später richtiger Reihenfolge.,OPR020,teilweise,"Erhaltene lokale Versuche helfen Diagnose, nicht gesicherte Wirkungseinmaligkeit.",Duplikate werden nur gelesen und führen nie zu neuem Dispatch.,Antwortkorrelation mit Operation und Revision vor Zustandsfortschreibung durchsetzen. Doppelte Antworten dürfen keine neuen fachlichen Befehle implizieren.
S058.B01,S058,operations,none,operations,OP001 OP007 OP027,"Öffentlich erreichbar, ungebundene Aufrufe bleiben ausgeschlossen",extern-erzwungen,"Listener öffentlich, aber echte Principal-/Capability-Grenze vor Datenabgabe und Mutation intakt.","Reichweite bleibt bis Konfigurationsänderung erweitert, zugelassene Arbeit kann weitergehen.",OPR025,bedingt,Kernel kann zulässige Aufrufe weiterhin von fremden unterscheiden.,Anonymer oder nur mit fremder Session-ID auftretender Client erhält geschützte Daten.,"Nichtlokale Listeneraktivierung explizit und Principalbindung unabhängig von Netzwerkreichweite prüfen. Öffentlicher Bind ist vergrößerte Angriffsfläche, nicht automatisch Offenlegung."
S058.B02,S058,operations,none,operations,OP001 OP007 OP027,Öffentliche Reichweite trifft ausnutzbare Autoritätslücke,verlust,Unbefugter nutzt tatsächlichen Authentifizierungsfehler und liest Daten oder löst nicht erlaubte Mutation aus.,"Offenlegung und konkrete unautorisierte Wirkung bleiben, spätere Listenerkorrektur macht sie nicht ungeschehen.",none,keines,Für bereits verlorene Vertraulichkeit beziehungsweise Zustimmungstreue keines; übrige Systemfähigkeiten sind nicht pauschal verloren.,Keine unbefugte Kenntnis oder Wirkung erfolgte und die Grenze weist alle solchen Aufrufe zurück.,"Nichtlokale Listeneraktivierung explizit und Principalbindung unabhängig von Netzwerkreichweite prüfen. Öffentlicher Bind ist vergrößerte Angriffsfläche, nicht automatisch Offenlegung."
S059.B01,S059,operations,none,operations,OP033 OP001 OP031,"Beide Fernwege weg, lokale Arbeit lebt",extern-erzwungen,"Tailscale und SSH sind einzige Wege des entfernten Operators, lokale Maschine und bereits autorisierte Aufgaben gesund.","Fernkontrolle fehlt solange gemeinsamer Zugangsausfall anhält, lokale Arbeit kann weiter Fakten erzeugen.",OPR001 OPR010,teilweise,"Lokaler Dispatcher nutzt erhaltene Aufträge, entfernter Operator hat dadurch noch keinen Livezugang.",Lokale Arbeit benötigt zwingend einen der ausgefallenen Fernwege.,Fernzugang und lokale Ausführung getrennt darstellen. Bundled IPC hilft nur einer tatsächlich am Gerät berechtigten erreichbaren Person.
S059.B02,S059,operations,none,operations,OP033 OP001 OP031,Tatsächlich erreichbarer lokaler Vertreter kann prüfen,transient,Kompetenter befugter Mensch vor Ort hat unabhängig nutzbaren lokalen IPC und verständlichen Fallstand.,"Kontrolllücke endet für den konkreten Fall nach frischer Prüfung, nicht allein durch Existenz des Sockets.",OPR009 OPR032,bedingt,Vertreter kann lokale Evidenz lesen und im Rahmen seiner Rechte entscheiden.,Vertreter fehlt Zugriff oder benötigt exklusives Wissen des unerreichbaren Owners.,Fernzugang und lokale Ausführung getrennt darstellen. Bundled IPC hilft nur einer tatsächlich am Gerät berechtigten erreichbaren Person.
S059.B03,S059,operations,none,operations,OP033 OP001 OP031,Kein erreichbarer Mensch für neue Entscheidung,halt,"Nur entfernter Operator darf entscheiden, beide Wege bleiben weg, Taskkern bewahrt Bedarf.","Human-gated Arbeit wartet, obwohl andere lokale Arbeit laufen kann.",OPR001,teilweise,"Bedarf bleibt gespeichert, rechtzeitige menschliche Eingriffsfähigkeit nicht.",Eine erlaubte erreichbare Vertretung ist tatsächlich handlungsfähig.,Fernzugang und lokale Ausführung getrennt darstellen. Bundled IPC hilft nur einer tatsächlich am Gerät berechtigten erreichbaren Person.
S060.B01,S060,operations,none,operations,OP020 OP003 OP001 OP004,Feste Quote hält begrenzte Originalqueue zurück,extern-erzwungen,"Teilnehmer drosselt unabhängig von Retrylast, Zulauf über akzeptiertem Dienst, Aufnahmebudget intakt.",Quota hält Warten aufrecht; nach Aufhebung und ausreichendem Dienst kann endlicher Vorrat drainen.,OPR010,teilweise,"Scheduler behält zugelassene Originalarbeit, nicht Fristtreue oder unbegrenzte Aufnahme.",Zugelassene Queue geht verloren oder Drosselung hängt tatsächlich von Retrylast ab.,"Rate-Limit-Vertrag und Retryrückwirkung messen. Dauernde 429 unter fester Quote sind äußere Begrenzung, nicht allein ein selbsttragender Attraktor."
S060.B02,S060,operations,none,operations,OP020 OP003 OP001 OP004,Retrylast erhält sich über adaptive Drosselung,attraktorhypothese,"Mehr Retries verschärfen Quote oder Latenz, dies erzeugt weitere Retries; begrenztes Hochlastregime nach initialer Drosselung bei gleichem Grundbedarf.",Retrylast → strengere Drosselung → längere Wartezeit → Retrylast. Feste Quote ohne diese Kante wäre vorheriger Zweig.,OPR001,teilweise,"Taskfakten bleiben bei intaktem Store untersuchbar, Teilnehmerfortschritt nicht garantiert.",Bei gleicher Basispolicy und Grundlast nach Schockende unterscheiden sich hohe und niedrige Anfangslast nicht oder Retries verändern Quote nicht.,"Rate-Limit-Vertrag und Retryrückwirkung messen. Dauernde 429 unter fester Quote sind äußere Begrenzung, nicht allein ein selbsttragender Attraktor."
S060.B03,S060,operations,none,operations,OP020 OP003 OP001 OP004,Begrenzter Restvorrat nach Quotenende,transient,"Quote wieder ausreichend, gültige endliche Originalqueue ohne weitere Reproduktion erhalten.",Dienst über Zulauf beendet Rückstand; abgelaufene Arbeit braucht eigene Disposition.,OPR010,bedingt,Scheduler kann gültige ursprüngliche Aufträge abarbeiten.,Trotz positiver Dienstreserve und fehlender Reproduktion wächst der Rückstand.,"Rate-Limit-Vertrag und Retryrückwirkung messen. Dauernde 429 unter fester Quote sind äußere Begrenzung, nicht allein ein selbsttragender Attraktor."
S061.B01,S061,operations,none,operations,OP001 OP026 OP031 OP025,Umbenennung erhält gebundene Zielidentität,transient,"Task bindet stabile Ziel-ID, erhaltene historische Revision und geprüfte neue Namenszuordnung betreffen denselben legitimen Agentbezug.",Nach Auflösung bleibt Originalaufgabe routbar ohne neue Zielabsicht.,OPR026 OPR001,bedingt,Assignment-Bearbeiter kann alte und neue Bezeichnung auf dasselbe erlaubte Ziel beziehen.,Neuer Inhaber des alten Namens erhält Task ohne explizite Neuzuordnung.,"Dauerhafte Zielidentität von späterer agent-name-Auswahl trennen. Rename darf keinen stillen Ersatzempfänger autorisieren, historische Registryrevision bleibt Teil der erklärbaren Absicht."
S061.B02,S061,operations,none,operations,OP001 OP026 OP031 OP025,Alte Zielidentität derzeit nicht routbar,halt,"Historisches Ziel erhalten, aktuelle Registry hat keinen zulässigen zugehörigen Empfänger.",Warten auf erlaubte explizite Zuordnung statt stillen Namenersatz.,OPR026,bedingt,"Operator kann erkennen welches Ziel ursprünglich gemeint war, nicht automatisch an anderen Agent liefern.",Assignment löst bloßen alten Namen auf anderen Agent auf.,"Dauerhafte Zielidentität von späterer agent-name-Auswahl trennen. Rename darf keinen stillen Ersatzempfänger autorisieren, historische Registryrevision bleibt Teil der erklärbaren Absicht."
S061.B03,S061,operations,none,operations,OP001 OP026 OP031 OP025,Späte Namensauflösung trifft falschen Agent,verlust,"Nur veränderlicher Name als Auswahl, andere Identität erhält Task, originaler Taskkern bleibt unabhängig erhalten.","Fehlattribution bleibt bis Klärung, tatsächliche Offenlegung hängt von geliefertem Inhalt und Rechten ab.",OPR001,teilweise,"Taskabsicht bleibt nachlesbar, richtige Empfängerbindung ist nicht erhalten.",Nachgewiesene verbindliche Stable-ID-Prüfung verhindert die Umleitung.,"Dauerhafte Zielidentität von späterer agent-name-Auswahl trennen. Rename darf keinen stillen Ersatzempfänger autorisieren, historische Registryrevision bleibt Teil der erklärbaren Absicht."
S062.B01,S062,operations,none,operations,OP025 OP026 OP015 OP012,Ersatzverzeichnis wird vor Nutzung erkannt,halt,Ursprüngliche Scopehistorie und objektgebundene Zugriffsgrenze vergleichen tatsächlichen Ersatz vor betroffener Factory-Nutzung.,Bis explizite rechtmäßige Neuzuordnung kein Zugriff unter alter Identität.,OPR026 OPR016,bedingt,Operator kann alte Identität sehen und Factory-Schreiber bleibt am erlaubten geprüften Objekt begrenzt.,Neues gleichnamiges Verzeichnis wird ohne Entscheidung als altes angenommen.,Scope-ID und ursprüngliches Verzeichnisobjekt getrennt vom Pfad speichern. Existenzprüfung und heutiger FileId genügen nicht zum Beweis historischer Kontinuität.
S062.B02,S062,operations,none,operations,OP025 OP026 OP015 OP012,Gleicher Pfad verdeckt anderes Objekt,verlust,"Nur Pfadexistenz wird geprüft, neue Inhalte unter altem Scope interpretiert, Taskkern getrennt intakt.","Falsche Zuordnung bleibt bis Identitätsvergleich, keine notwendige Rückkopplung.",OPR001,teilweise,"Alte Auftragsfakten können bleiben, Verzeichnis- und Artefaktkontinuität fehlen.",Persistierte Originalidentität wird zwingend gegen Ersatz verglichen.,Scope-ID und ursprüngliches Verzeichnisobjekt getrennt vom Pfad speichern. Existenzprüfung und heutiger FileId genügen nicht zum Beweis historischer Kontinuität.
S062.B03,S062,operations,none,operations,OP025 OP026 OP015 OP012,Alte einzigartige Workspacebytes mit Verzeichnis weg,verlust,Gelöschtes Verzeichnis enthielt einzige benötigte Artefaktbytes und keine andere Quelle ist erreichbar.,Neuer Inhalt gleichen Pfads rekonstruiert alte Bytes nicht.,none,keines,Für exakte Originalbytes keines; neue Pfadexistenz ist keine Erhaltung.,Unverändertes Originalobjekt oder vollständige unabhängige Version wird gefunden.,Scope-ID und ursprüngliches Verzeichnisobjekt getrennt vom Pfad speichern. Existenzprüfung und heutiger FileId genügen nicht zum Beweis historischer Kontinuität.
S063.B01,S063,operations,none,operations,OP025 OP027 OP026 OP001,Zugriff bleibt trotz Symlinktausch am geprüften Objekt,abschluss,"Handle-/no-follow-Vertrag auf dem tatsächlichen Schreibpfad durchgesetzt, ursprüngliches Objekt lag in erlaubter .factory-Wurzel.","Schreibzugriff erreicht nur dieses Objekt oder endet mit Fehler, nicht unbemerkt neues Ziel.",OPR016,bedingt,Factory-Schreiber kann Zielbegrenzung behalten; erfolgreicher fachlicher Inhalt ist damit nicht bewiesen.,Deterministischer Tausch lenkt Schreibwirkung außerhalb der geprüften erlaubten Wurzel.,Factory-Dateischreiben über objektgebundene Zugriffe nur innerhalb geprüfter .factory-Wurzeln konkretisieren; vorherige canonicalize-Prüfung allein ist keine TOCTOU-Garantie.
S063.B02,S063,operations,none,operations,OP025 OP027 OP026 OP001,Späte Pfadauflösung schreibt auf anderes Ziel,verlust,Nach Prüfung wird Symlink neu verfolgt und betroffener Schreibzugriff erreicht anderes unerlaubtes Objekt.,"Falsche Schreibwirkung bleibt bis spezifischer Korrektur, keine Selbstrückkehr nötig.",OPR001,teilweise,"Unbetroffener Taskkern kann beabsichtigtes Ziel belegen, tatsächliche Schreibgrenze wurde verletzt.",Tausch führt nur zum I/O-Fehler oder Zugriff bleibt am geprüften Objekt.,Factory-Dateischreiben über objektgebundene Zugriffe nur innerhalb geprüfter .factory-Wurzeln konkretisieren; vorherige canonicalize-Prüfung allein ist keine TOCTOU-Garantie.
S064.B01,S064,operations,none,operations,OP026 OP031 OP010 OP025,Neue Delegation wird nach aktuellen Rechten verweigert,halt,"Alte Scope-/Taskhistorie erhalten, Move ändert aktuelle Berechtigung und künftiger Aufruf prüft diese Revision.","Auftrag wartet auf erlaubte neue Route oder Entscheidung, alte zulässige Annahme bleibt historische Tatsache.",OPR026 OPR030,bedingt,Delegationsprüfer kann alte Kette und heutige Grenze getrennt nutzen.,Move verändert alte Herkunftskette oder neue Delegation benutzt still alte Rechte.,Historische Annahmerechte und Rechte zukünftiger Delegation getrennt an Registryrevisionen binden. Ein Move darf alte Auditfakten nicht nach heutiger Verwandtschaft neu bewerten.
S064.B02,S064,operations,none,operations,OP026 OP031 OP010 OP025,Heutige Abstammung schreibt alte Bedeutung um,verlust,"Historisches Replay liest neue Parentbeziehung, rohe ursprüngliche Events sind getrennt erhalten aber benötigte damalige Relation möglicherweise nicht.",Gleiche Rohdaten ergeben andere historische Rechte bis korrekter historischer Bezug vorhanden ist.,OPR004,teilweise,"Replaybearbeiter kann Originaleingaben prüfen, nicht nie aufgezeichnete Rechte erfinden.",Replay bleibt bei geändertem Parent invariant und damals relevante Relation ist authentisch erhalten.,Historische Annahmerechte und Rechte zukünftiger Delegation getrennt an Registryrevisionen binden. Ein Move darf alte Auditfakten nicht nach heutiger Verwandtschaft neu bewerten.
S065.B01,S065,operations,none,operations,OP023 OP025 OP016 OP001,Zweiter Clone ist wirklich nur lesend oder gefenced,halt,Externe Generation ist auf allen Effektpfaden verpflichtend oder Clone besitzt tatsächlich keine Dispatchautorität; kopierte Daten lesbar.,Nur autorisierte Generation kann neue Wirkungen annehmen lassen; Clone kann Inventur leisten.,OPR027 OPR003,bedingt,Wiederhersteller liest Snapshot ohne aus kopierter queued-Historie Doppelwirkungen abzuleiten.,Beide Kopien können beim Fake-Teilnehmer gleichzeitig unter derselben Autorität neue Wirkung annehmen lassen.,Cross-Clone-Dispatchautorität außerhalb kopierter SQLite-Leases prüfen oder Clone technisch ohne Sendefähigkeit halten. Kein zweiter lokaler aktiv-Schalter als globales Fence.
S065.B02,S065,operations,none,operations,OP023 OP025 OP016 OP001,Beide Clones halten sich lokal für exklusiv,verlust,"Jeder Store vergibt eigene Leases, beide dispatchen kopierte Arbeit und Teilnehmer akzeptiert beide.",Doppelte Effekte und auseinanderlaufende Historien bleiben auch nach Stop eines Clones.,OPR001,teilweise,"Jeweilige lokale Taskfakten sind noch lesbar, globaler Einmaligkeits- und Identitätsanspruch nicht erhalten.",Unabhängig wirksames Fence oder Teilnehmer-Einmaligkeit verhindert zweite Annahme.,Cross-Clone-Dispatchautorität außerhalb kopierter SQLite-Leases prüfen oder Clone technisch ohne Sendefähigkeit halten. Kein zweiter lokaler aktiv-Schalter als globales Fence.
S065.B03,S065,operations,none,operations,OP023 OP025 OP016 OP001,Zusätzlich gemeinsamer Workspace mit zwei Schreibern,extern-erzwungen,Clones haben Zugriff auf denselben Workspace und starten beide tatsächlich schreibfähige Prozesse.,"Konflikt dauert mit Schreibfähigkeiten, kopierte Identitäten allein erzeugen ihn nicht.",OPR001,teilweise,"Nicht betroffene Taskdaten bleiben nutzbar, exklusive Dateiänderungsattribution fehlt.",Workspaces sind physisch getrennt oder nur ein Clone besitzt Schreibrechte.,Cross-Clone-Dispatchautorität außerhalb kopierter SQLite-Leases prüfen oder Clone technisch ohne Sendefähigkeit halten. Kein zweiter lokaler aktiv-Schalter als globales Fence.
S066.B01,S066,operations,none,operations,OP026 OP007 OP025,Geliehene Session-ID verleiht keine Autorität,abschluss,"Transport bindet echten Principal und Session/Scope-Rechte, fremde gültige Session-ID passt nicht dazu.","Ungültiger Aufruf endet vor Mutation oder Datenfreigabe, bestehende Arbeit bleibt.",OPR025,bedingt,Kernel kann berechtigte Agentaufträge weiter unterscheiden und fremden Aufruf abweisen.,Geliehene ID allein erlaubt Lesen oder Ändern in der fremden Session.,Sender-Kontext vor Delegations-/Taskprüfung authentifizieren. Ein existierender Session-Identifier ist öffentliche Identität und keine Besitzberechtigung.
S066.B02,S066,operations,none,operations,OP026 OP007 OP025,Identifierexistenz ersetzt fälschlich Authentifizierung,verlust,Aufrufer kann fremde Session-ID ohne Besitzbeleg verwenden und erhält tatsächlich fremde Rechte.,"Unberechtigte Zugriffsfähigkeit hält bis Bindung/Widerruf greift, bereits erfolgte Kenntnis ist nicht rücknehmbar.",none,keines,Für die verletzte Principalgrenze und bereits offengelegte Information keines; keine unabhängige Vertrauenswurzel wird unterstellt.,Obligatorischer Transportkontext weist fremden Principal vor jeder geschützten Nutzung zurück.,Sender-Kontext vor Delegations-/Taskprüfung authentifizieren. Ein existierender Session-Identifier ist öffentliche Identität und keine Besitzberechtigung.
S067.B01,S067,operations,none,operations,OP026 OP001,Rückkehr von C nach bereits besuchtem A verweigert,abschluss,"A-B-C-Kette unverändert und authentifiziert im kontrollierten Delegationspfad, Zielregistrierung geprüft.","Request endet vor neuer Taskanlage, vorhandene Aufgaben bleiben getrennt bearbeitbar.",OPR030 OPR001,bedingt,Prüfer kann aus bestehender Provenienz die Wiederholung erkennen ohne bestehende Arbeit zu löschen.,Legitimer Delegationsaufruf mit erhaltenem A in Kette legt neuen Task an A an.,"Erhaltene Delegationskette als Aufnahmegrenze testen. Sie begrenzt Rückkehr in derselben Kette, nicht frische eigenständige Taskproduzenten."
S068.B01,S068,operations,none,operations,OP004 OP023 OP026 OP001,Endliche Zusatzaufgaben ohne Selbstreproduktion,transient,"Einmaliger Produzent erzeugt endliche Menge, danach keine neue Erzeugung aus Arbeit oder Fehlern; Originalqueue begrenzt und gültig.","Bei Dienst über weiterem Zulauf drainen zugelassene Aufgaben, überzählige Arbeit kann trotzdem teuer sein.",OPR010,teilweise,"Scheduler behält zugelassene Aufträge, nicht pauschal Nutzen jeder semantisch gleichen Kopie.",Nach Seedende erzeugen Aufgaben selbst weiter neue Wurzeln.,Fresh-root-Erzeugungsrechte und Aufnahmebudget getrennt von endlicher Delegationskette begrenzen. Inhaltsgleichheit allein definiert keine fachliche Duplikation.
S068.B02,S068,operations,none,operations,OP004 OP023 OP026 OP001,Neue Tasks erhalten begrenztes Hochlastregime,attraktorhypothese,"Fresh-root-Recht erlaubt Kopien, Last senkt Abschlüsse und fehlender Fortschritt veranlasst Agent zu weiteren Kopien; nach Seed besteht bei gleichem Grundbedarf begrenzte wiederkehrende Hochlast.",Rückstau → scheinbar fehlender Fortschritt → neue Tasks → mehr Last → Rückstau. Ein großer endlicher Baum reicht nicht.,OPR001,teilweise,"Bei lesbarem Store bleiben ursprüngliche Taskfakten untersuchbar, produktiver Fortschritt nicht.",Bei gleichem Grundbedarf nach Seedende verschwindet zusätzliche Erzeugung oder keine Last-zu-Neuanlage-Kante existiert.,Fresh-root-Erzeugungsrechte und Aufnahmebudget getrennt von endlicher Delegationskette begrenzen. Inhaltsgleichheit allein definiert keine fachliche Duplikation.
S068.B03,S068,operations,none,operations,OP004 OP023 OP026 OP001,Ungebremste Vermehrung erschöpft Aufnahmekapazität,eskalation,"Jede Aufgabe erzeugt dauerhaft mehr neue Aufgaben als Abschlüsse entfernen, kein wirksames Budget und kein begrenztes Hochlastregime.",Menge wächst bis Ressourcenende statt zu einem belegten Attraktor zu konvergieren.,none,ungeklaert,Unter ungebremster Store-Erschöpfung ist keine dauerhaft nutzbare Queue garantiert; bis dahin vorhandene Records sind kein Erhaltungsbeweis.,Erzeugung ist endlich oder wirksames Budget bewahrt zugängliche Originalqueue.,Fresh-root-Erzeugungsrechte und Aufnahmebudget getrennt von endlicher Delegationskette begrenzen. Inhaltsgleichheit allein definiert keine fachliche Duplikation.
S069.B01,S069,operations,none,operations,none,"Scope stillgelegt, erlaubte Historie bleibt lesbar",halt,"Expliziter Tombstone, keine neue Aufnahme, berechtigter Historienzugang und Task-/Referenzdisposition dauerhaft festgehalten.","Lokale neue Arbeit bleibt untersagt, zulässige Historienprüfung bleibt bis definierter Retention/Autoritätsgrenze möglich.",OPR026 OPR001,bedingt,Berechtigter Bearbeiter kann alte Identität und Taskstand nutzen; Memorybytes nur wenn tatsächlich erhalten und erlaubt.,Alte ID wird neu vergeben oder Historienlesen erbt still Rechte eines neuen Pfadinhabers.,"Stilllegungsvertrag muss neue Aufnahme, alte Tasks, erlaubte Memory-/Historienzugriffe und externe Restpflichten getrennt entscheiden. Tombstone ist keine Teilnehmerlöschung."
S069.B02,S069,operations,none,operations,none,Lokale Stilllegung mit offenen Außenpflichten,ungewissheit,"Scope nicht mehr aktiv, erhaltenes Intentjournal enthält noch möglicherweise angenommene Teilnehmeroperationen.",Bis erlaubter Nachbeobachtung und Quittung beziehungsweise bewusster Disposition bleiben konkrete Pflichten offen.,OPR020,bedingt,Zuständiger Nachfolger kann bekannte offene Operationen verfolgen; kein Schluss auf keine unbekannten späten Wirkungen.,Stilllegung markiert alle Teilnehmerwirkungen automatisch abgeschlossen oder löscht nötige Operationsbezüge.,"Stilllegungsvertrag muss neue Aufnahme, alte Tasks, erlaubte Memory-/Historienzugriffe und externe Restpflichten getrennt entscheiden. Tombstone ist keine Teilnehmerlöschung."
S069.B03,S069,operations,none,operations,none,Erforderlicher alter Inhalt nach rechtmäßiger Löschung weg,verlust,"Stilllegungsvertrag verlangt Löschung bestimmter einzig vorhandener Memory-/Artefaktbytes, keine zulässige Rekonstruktionsquelle bleibt.","Für exakt diese Inhalte bleibt Nutzbarkeit nach Löschung weg, auch wenn Identität erhalten bleibt.",none,keines,Keines für den gelöschten Inhalt; unerlaubte Schattenkopie wird nicht als Residue vorgeschlagen.,Eine rechtmäßig gehaltene vollständige Quelle bleibt gemäß tatsächlichem Vertrag verfügbar.,"Stilllegungsvertrag muss neue Aufnahme, alte Tasks, erlaubte Memory-/Historienzugriffe und externe Restpflichten getrennt entscheiden. Tombstone ist keine Teilnehmerlöschung."
S069.B04,S069,operations,none,operations,none,Bedeutung von stillgelegt nicht definiert,offen,"Keine festgelegte Taskdisposition, Retention, Leseberechtigung oder Nachpflichtverantwortung.",Aus Verzeichnislöschung oder fehlender Registrierung allein folgt kein geschlossener Lebenszyklus.,none,ungeklaert,Es ist kein bestimmter erlaubter Restzugriff belegt; Produktvertrag muss vor Nutzung entschieden werden.,Expliziter Stilllegungsvertrag entscheidet alle hier betroffenen Grenzen.,"Stilllegungsvertrag muss neue Aufnahme, alte Tasks, erlaubte Memory-/Historienzugriffe und externe Restpflichten getrennt entscheiden. Tombstone ist keine Teilnehmerlöschung."
S070.B01,S070,operations,none,operations,OP026 OP012 OP025 OP001,Kollidierender Restore stoppt bei erhaltenem Export,halt,"Export enthält A und a als verschiedene Objekte, Import prüft Kollision vor Schreiben und Originalexport liegt unabhängig lesbar vor.",Bis verlustfreie explizite Abbildung vorliegt kein zerstörender Import.,OPR008,bedingt,Wiederhersteller kann beide Originalinhalte aus Export lesen obwohl Zielfilesystem sie nicht gleichnamig tragen kann.,Import überschreibt Export oder verliert ein Objekt vor Kollisionsmeldung.,Case-Kollision vor Restore-Schreiben erkennen und Originalexport unverändert halten. Laufzeit-FileId-Aliasprüfung ersetzt keine verlustfreie portable Namensabbildung.
S070.B02,S070,operations,none,operations,OP026 OP012 OP025 OP001,Verlustfreie Abbildung erhält getrennte Originalobjekte,transient,"Import definiert nachvollziehbare eindeutige Objektabbildung unter .factory, beide ursprünglichen Byteobjekte bleiben getrennt referenziert.",Nach Prüfung kann auf beide Inhalte ohne Namensgleichsetzung zugegriffen werden.,OPR005,bedingt,"Ergebnisnutzer erhält beide Originalbytes, bequeme Pfadschreibweise kann verändert sein.",Eine Referenz liefert die Bytes des anderen Case-Objekts.,Case-Kollision vor Restore-Schreiben erkennen und Originalexport unverändert halten. Laufzeit-FileId-Aliasprüfung ersetzt keine verlustfreie portable Namensabbildung.
S070.B03,S070,operations,none,operations,OP026 OP012 OP025 OP001,Stilles Überschreiben löscht einziges Case-Objekt,verlust,Case-kollidierender Import überschreibt einzigartige Bytes und Originalexport ist nicht mehr zugänglich.,Gleicher Zielname stellt zerstörte Variante nicht wieder her.,none,keines,Für die verlorene Variante keines; ein Alias ist keine zweite Originalkopie.,Unveränderter Export oder andere Originalquelle enthält beide Varianten.,Case-Kollision vor Restore-Schreiben erkennen und Originalexport unverändert halten. Laufzeit-FileId-Aliasprüfung ersetzt keine verlustfreie portable Namensabbildung.
S071.B01,S071,operations,none,operations,OP026 OP023 OP001,Gleicher Commandkey liefert aufgezeichnetes Ergebnis,abschluss,"Client behält gleichen principalgebundenen Intentkey und Payload, Mutation und Ergebnis wurden atomar gespeichert.","Verlorene Antwort wird durch Wiederlesen ersetzt, keine zweite Taskanlage.",OPR028,bedingt,CLI erhält ursprüngliche Task-ID und Commandausgang trotz Transportverlust.,Retry erzeugt zweite Task-ID oder gleicher Key mit anderem Payload wird still gleichgesetzt.,"Logische API-Idempotenz mit dauerhaftem gebundenem Ergebnis anbieten; aktueller create-Helper mit UUID-Insertkollision ist nur eine engere Ablehnung, keine Retry-Ergebnisgarantie."
S071.B02,S071,operations,none,operations,OP026 OP023 OP001,Nur gleicher Task-Primärschlüssel kollidiert,abschluss,"Aufruf benutzt historischen C6-Insert mit gleicher UUID, erste Taskrow ist dauerhaft vorhanden.","Zweiter Insert endet mit Fehler, ursprünglicher Task bleibt; Fehler ist nicht gespeichertes Ergebnis.",OPR001,teilweise,"Operator kann vorhandenen Task nach ID suchen, CLI hat nicht automatisch eine erfolgreiche idempotente Antwort.",Helper legt trotz gleicher UUID zweite Taskrow an.,"Logische API-Idempotenz mit dauerhaftem gebundenem Ergebnis anbieten; aktueller create-Helper mit UUID-Insertkollision ist nur eine engere Ablehnung, keine Retry-Ergebnisgarantie."
S071.B03,S071,operations,none,operations,OP026 OP023 OP001,Neue Retry-ID erzeugt zweite Aufgabe,verlust,"Antwort verloren, Client erstellt mit neuer ID dieselbe beabsichtigte Aufgabe ohne logischen Commandbezug.",Zwei lokale Aufgaben bleiben; doppelte Außenwirkung folgt erst mit weiteren Dispatches.,OPR001,teilweise,"Beide Taskfakten können untersucht werden, einmalige Aufnahme der Absicht ist verloren.",Commandebene führt beide Versuche auf dieselbe Intention und Task-ID zurück.,"Logische API-Idempotenz mit dauerhaftem gebundenem Ergebnis anbieten; aktueller create-Helper mit UUID-Insertkollision ist nur eine engere Ablehnung, keine Retry-Ergebnisgarantie."
S072.B01,S072,operations,none,operations,OP035 OP024 OP028 OP026,Cancel vor wirksamem Zustellversuch endet ohne Writer,abschluss,Cancel ist vor initialer Zustellprüfung committet und C1 prüft terminalen Status.,"Zustellrequest wird verweigert, Taskstorno bleibt; daraus folgt kein allgemeiner Stopp früherer unabhängiger Wirkungen.",OPR001,bedingt,Operator besitzt gültigen Cancel-Taskstand für diesen nie begonnenen Zustellpfad.,Writer wird auf diesem Pfad trotz voriger terminaler Prüfung gerufen.,Cancel- und Writer-Schnittpunkt im Caller serialisieren oder expliziten Ausgangskonflikt führen. Keine atomare Fernstornierung oder externe Annahme aus manuellem Writer ableiten.
S072.B02,S072,operations,none,operations,OP035 OP024 OP028 OP026,"Cancel nach Intent, späterer Writer bleibt möglich",ungewissheit,"C1-Intent committet, C6-queued-Cancel interleaved vor Writer und kein Callerlock schließt Lücke; beide Records dauerhaft.",Terminalstatus verhindert den schon vorbereiteten Writer nicht. Tatsächlicher Empfang braucht zusätzliche Übergabeaktion und Evidenz.,OPR002 OPR001,teilweise,"Operator kann Versuch und Cancel lesen, nicht daraus beweisen dass niemand einen Prompt erhielt.",Obligatorischer Callerlock oder gleichwertige Dispatchgrenze verhindert Writer im genauen Interleaving.,Cancel- und Writer-Schnittpunkt im Caller serialisieren oder expliziten Ausgangskonflikt führen. Keine atomare Fernstornierung oder externe Annahme aus manuellem Writer ableiten.
S072.B03,S072,operations,none,operations,OP035 OP024 OP028 OP026,Nach Cancel tatsächlich weitergegebene Wirkung ist belegt,abschluss,"Zusätzliche reale Übergabe und Workeraktion erfolgen nach Writer, irreversible Teilnehmerannahme ist verbindlich quittiert.","Historische Wirkung bleibt trotz lokaler Cancelrow wahr, Consent-Verstoß hängt vom tatsächlichen Vertrag ab.",OPR021,bedingt,Operator kann genau angenommene Wirkung belegen; lokale Stornierung ist kein Unsenden.,Es gab nur gerenderten Prompt ohne Übergabe oder keine verbindliche Teilnehmerannahme.,Cancel- und Writer-Schnittpunkt im Caller serialisieren oder expliziten Ausgangskonflikt führen. Keine atomare Fernstornierung oder externe Annahme aus manuellem Writer ableiten.
S073.B01,S073,operations,none,operations,OP026 OP001,Nur erstes konkurrierendes Assignment belegt Worker,abschluss,"Beide Assignments benutzen C3 und denselben Store, erstes erzeugt nichtterminale Zuordnung.",Zweiter Aufruf sieht Belegung und endet ohne zweite Zuteilung; erster Task muss noch bearbeitet werden.,OPR029,bedingt,Assignment-Entscheider behält eine eindeutige verwaltete Belegung.,Zwei C3-Aufrufe weisen gleichzeitig zwei nichtterminale Tasks derselben Session zu.,"Idle-Prädikat und Assignment in einer Storetransaktion bewahren. Queued und blocked zählen belegt, nicht erst running."
S074.B01,S074,operations,none,operations,OP014 OP026 OP001,Verbrauchter Versuch bleibt nach Requeue gesperrt,halt,"Mindestens ein gezählter Versuch verbraucht unverändertes Budget, C1 wird verwendet.","Requeue allein ändert Autorisierung nicht, weiterer Writer bleibt aus.",OPR002,bedingt,Operator kann alten Versuch und fehlende neue Erlaubnis prüfen.,Writer wird trotz unverändert verbrauchtem Budget erneut gerufen.,Requeue nicht mit erneuter Zustellautorisierung gleichsetzen und verbrauchte Versuche nicht durch Fehleroutcome oder Statuswechsel entfernen.
S074.B02,S074,operations,A7S02,coordinator-review-amendment,OP014 OP026 OP001,Blocked vor erstem Versuch hat noch Originalbudget,transient,"Noch kein Versuch verbraucht, ursprüngliche Zustellautorisierung gültig, übrige Guards erfüllt.",Erster tatsächlicher Versuch verbraucht Originalbudget; blocked allein war keine Lieferung.,KOR001 OPR001,bedingt,Der erhaltene Task und seine unverbrauchte gültige Zustellrevision erlauben die ursprüngliche begrenzte Aufnahme. Es gibt ausdrücklich noch keinen historischen Versuchsrecord und daher kein OPR002.,Requeue wird allein wegen blocked als bereits zugestellt behandelt oder erster Versuch verbraucht Budget nicht.,Requeue nicht mit erneuter Zustellautorisierung gleichsetzen und verbrauchte Versuche nicht durch Fehleroutcome oder Statuswechsel entfernen.
S074.B03,S074,operations,A7S02,coordinator-review-amendment,OP014 OP026 OP001,Bewusste neue Autorisierung ändert nur Zustellbudget,transient,Mindestens ein früherer Versuch ist dauerhaft belegt und seine damalige Autorisierung verbraucht. Nach Einsicht entscheidet ein berechtigter Operator über eine zusätzliche Zustellrevision. Historie bleibt unverändert und neuer Rest wird atomar mit der neuen Entscheidung erhalten; übrige Guards gelten weiter.,Neuer Versuch kann beginnen; frühere Außenwirkung oder alte Workspacelease bleiben eigenständig zu prüfen.,OPR002 KOR001,bedingt,OPR002 erhält die frühere Versuchsevidenz und deren verbrauchte Erlaubnis. KOR001 bezeichnet ausschließlich den zusätzlichen gültigen Rest der neuen Revision. Keines klärt frühere Außenwirkung oder Workspacebesitz.,Neue Autorisierung löscht alte Versuche oder gibt unklare Lease automatisch frei.,Requeue nicht mit erneuter Zustellautorisierung gleichsetzen und verbrauchte Versuche nicht durch Fehleroutcome oder Statuswechsel entfernen.
S075.B01,S075,operations,none,operations,OP012 OP005 OP001,"Pfad ändert sich, übernommenes Original bleibt",transient,"Originalbytes vor Completion dauerhaft unveränderlich übernommen, danach Arbeitsdatei überschrieben.",Leser benutzt stabile Objektreferenz und erhält weiter die abgenommenen Bytes.,OPR005,bedingt,Ergebnisnutzer kann Original gegen spätere Datei unterscheiden.,Objektreferenz folgt dem veränderlichen Pfad oder liefert neue Bytes.,Immutable Artefaktobjekt bei Abnahme übernehmen statt mutable Path als Originalgarantie behandeln. Aufnahme von Agentoutput und Factory-Schreiben unter .factory getrennt handhaben.
S075.B02,S075,operations,none,operations,OP012 OP005 OP001,"Nur Pfad blieb, alte Bytes überschrieben",verlust,"Keine Originalübernahme oder unabhängige Kopie, späterer Schreibzugriff ersetzt ursprünglichen Inhalt, Taskrow intakt.","Alter String bleibt, Originalbytes können daraus nicht rekonstruiert werden.",OPR001,teilweise,"Taskbezug bleibt nutzbar, für exaktes ursprüngliches Artefakt keines.",Tatsächlich erhaltenes Originalobjekt liefert alte Bytes.,Immutable Artefaktobjekt bei Abnahme übernehmen statt mutable Path als Originalgarantie behandeln. Aufnahme von Agentoutput und Factory-Schreiben unter .factory getrennt handhaben.
S075.B03,S075,operations,none,operations,OP012 OP005 OP001,Neue Bytes fälschlich als altes Resultat verwendet,verlust,Downstream liest mutable Path nach Überschreiben und übernimmt neue Bedeutung als geprüfte alte Ausgabe.,"Fehlannahme bleibt bis unabhängiger Abnahmevergleich, kein notwendiger Loop.",OPR001,teilweise,"Taskfakten zeigen ursprüngliche Annahmebehauptung, nicht Wahrheit der später gelesenen Ausgabe.",Consumer verifiziert zwingend ursprünglichen Digest samt eigenständig erhaltenem Objekt.,Immutable Artefaktobjekt bei Abnahme übernehmen statt mutable Path als Originalgarantie behandeln. Aufnahme von Agentoutput und Factory-Schreiben unter .factory getrennt handhaben.
S076.B01,S076,operations,none,operations,OP026 OP001 OP034,Übergroße Completion wird vor Taskmutation abgewiesen,abschluss,"Aufruf erreicht C5-Validierung trotz bereits eventuell großer Callerallokation, alter Store bleibt lesbar.",Dieser Request endet ohne Statusänderung; Task bleibt offen und Session nicht automatisch frei.,OPR001,bedingt,"Operator kann bisherigen Taskstand weiter benutzen, kein riesiges Resultat wurde als vollständig akzeptiert.",Mehrgigabyte-Summary ändert Taskstatus durch complete_with_result.,Resultatgröße vor persistenter Mutation prüfen und zusätzlich Ingressallokation begrenzen. Große Inhalte nur als wirklich übernommene Artefaktobjekte mit kurzer überprüfter Zusammenfassung verwenden.
S076.B02,S076,operations,none,operations,OP026 OP001 OP034,Ingressbegrenzung erhält lokalen Betrieb,halt,Größenprüfung gilt vor unbeschränkter Textallokation und gemeinsame Ressourcenreserve ist wirksam.,"Große Nachricht wird begrenzt abgelehnt, andere Kernelarbeit behält Ressourcen.",OPR018,bedingt,Kernel kann weiter nützliche lokale Anfragen bearbeiten statt an Validierungsvorbereitung zu sterben.,Speicher wächst proportional zum unzulässigen Body bevor Grenze greift.,Resultatgröße vor persistenter Mutation prüfen und zusätzlich Ingressallokation begrenzen. Große Inhalte nur als wirklich übernommene Artefaktobjekte mit kurzer überprüfter Zusammenfassung verwenden.
S076.B03,S076,operations,none,operations,OP026 OP001 OP034,"Große Bytes separat erhalten, kurze Completion möglich",transient,Großes zulässiges Artefakt wurde tatsächlich unveränderlich übernommen und Decoder verfügbar; kurze sachlich passende Abnahme vorhanden.,Geprüfte Referenz kann zusammen mit begrenzter Summary normal committet werden.,OPR005,bedingt,"Ergebnisnutzer hat den echten Inhalt, nicht eine abgeschnittene Zeichenfolge.",Referenz zeigt auf fehlende Datei oder semantisch unbrauchbare unvollständige Bytes.,Resultatgröße vor persistenter Mutation prüfen und zusätzlich Ingressallokation begrenzen. Große Inhalte nur als wirklich übernommene Artefaktobjekte mit kurzer überprüfter Zusammenfassung verwenden.
S077.B01,S077,operations,none,operations,OP026 OP017 OP001 OP016,Neue Aufgabe wird nicht demselben blocked Worker zugeordnet,halt,"Alte nichtterminale Permissionzuordnung erhalten, neuer Aufruf benutzt C3.",Dieser Worker bleibt belegt bis konkrete alte Aufgabe terminal oder zulässig anders disponiert ist.,OPR029,bedingt,Assignment-Bearbeiter behält eindeutige alte Zuständigkeit; andere freie Sessions können separat arbeiten.,Normaler assign lässt zweite nichtterminale Aufgabe in derselben Session zu.,"Permanente Kommunikationslebensdauer nicht als konkurrierende Taskbelegung behandeln. Normale Assignmentgrenze schützt nur kontrollierte Aufträge, nicht direkte Harnessprompts."
S077.B02,S077,operations,none,operations,OP026 OP017 OP001 OP016,Manueller Prompt umgeht Belegungsgrenze,extern-erzwungen,Mensch oder Harness sendet neue Arbeit direkt während alte Permissionfrage offen ist und beide Kontexte wirken weiter.,"Kontext-/Schreibkonflikt hält mit konkurrierender Aktivität an, permanente Lebensdauer allein erzeugt ihn nicht.",OPR001,teilweise,"Alte Taskfakten bleiben, verlässliche Zuordnung der neuen unverwalteten Arbeit fehlt.",Kein direkter Zusatzprompt oder neue Arbeit ist nachweislich separat isoliert.,"Permanente Kommunikationslebensdauer nicht als konkurrierende Taskbelegung behandeln. Normale Assignmentgrenze schützt nur kontrollierte Aufträge, nicht direkte Harnessprompts."
S078.B01,S078,operations,none,operations,OP026 OP005 OP001,Leere Completion ohne Summary oder Artefakt wird verweigert,abschluss,"C5 erhält weder nichtleere Summary noch Artefaktpfad, Taskdaten bisher intakt.","Request endet ohne Completion, Exit null füllt die fehlenden Resultatfelder nicht.",OPR001,bedingt,"Offener Task bleibt als Auftrag nutzbar, kein fachlicher Erfolg aus Exitcode behauptet.",NoResult-Aufruf committet dennoch Erfolg.,"Exitcode, Resultatform und fachliche Erfolgseigenschaft separat erfassen. Empty-output darf nur dann korrekt sein wenn der konkrete Auftrag es zulässt."
S078.B02,S078,operations,none,operations,OP026 OP005 OP001,Nichtleere Erfolgsaussage verdeckt fehlenden Pflichtoutput,verlust,"Caller liefert Erfolgstext oder Pfad zu leerer Datei, Auftrag verlangte echte Ausgabe und kein unabhängiger Test prüft sie.",Strukturell akzeptierter Fehler bleibt bis passender Prüfbezug eintrifft.,OPR001,teilweise,"Taskrow belegt Behauptung, erforderliche Arbeitsleistung ist nicht erhalten.",Aufgabenspezifische Abnahme weist fehlenden Output vor Annahme zurück.,"Exitcode, Resultatform und fachliche Erfolgseigenschaft separat erfassen. Empty-output darf nur dann korrekt sein wenn der konkrete Auftrag es zulässt."
S078.B03,S078,operations,none,operations,OP026 OP005 OP001,Auftrag erlaubt Stille und unabhängige Nachbedingung gilt,abschluss,"Auftrag definiert absichtlich leeren stdout, unabhängiger Prüfbezug bestätigt die eigentliche verlangte Eigenschaft.","Abnahme ist für diese Eigenschaft vollständig, nicht bloß für Exitkonvention.",OPR034,bedingt,Prüfer kann echten Erfolg trotz Stille belegen ohne Output zu erfinden.,Behauptete Nachbedingung wurde nicht unabhängig geprüft oder war nicht erfüllt.,"Exitcode, Resultatform und fachliche Erfolgseigenschaft separat erfassen. Empty-output darf nur dann korrekt sein wenn der konkrete Auftrag es zulässt."
S079.B01,S079,operations,none,operations,OP001 OP026 OP027 OP016,Metazeichen bleiben zugelassene Argumentdaten,abschluss,Executor nutzt strukturiertes argv und erlaubtes Executable ohne nachgelagerte Shellauswertung dieser Werte.,"Aufrufübergabe erhält beabsichtigte Bytegrenzen, eigentliche Programmarbeit braucht eigene Abnahme.",OPR031,bedingt,Executor kann Promptdaten mit Metazeichen als Daten übergeben statt Zusatzbefehl.,Fake-Executor beobachtet Shellinterpretation oder veränderte Argumentgrenzen.,"Executable und einzelne argv-Werte unveränderlich erfassen und literal ausführen. Das verbietet nicht jede gefährliche Programmbedeutung, verhindert aber ungewollte Shell-Neuinterpretation dieses Pfads."
S079.B02,S079,operations,none,operations,OP001 OP026 OP027 OP016,Shellinterpolation erzeugt nicht beabsichtigten Befehl,verlust,"Caller baut Shellstring aus untrusted Prompt, Metazeichen verändern tatsächlich ausgeführten Befehl, Kernrecords bleiben unbetroffen.","Falsche Ausführung ist geschehen; laufende Nachkommen können weiter schreiben, müssen aber konkret vorhanden sein.",OPR001,teilweise,"Originaltask kann Absicht belegen, Ausführungs- und Zustimmungsbindung ist verletzt.",Argumente bleiben literal oder Shellsonderzeichen wirken im konkreten Kontext nicht als Syntax.,"Executable und einzelne argv-Werte unveränderlich erfassen und literal ausführen. Das verbietet nicht jede gefährliche Programmbedeutung, verhindert aber ungewollte Shell-Neuinterpretation dieses Pfads."
S080.B01,S080,operations,none,operations,OP034 OP014 OP001 OP012 OP006,Dauerhafte zugeordnete Bytes ohne Resultatcommit,halt,"Worker schrieb geflushte Datei, unabhängige Run-/Versuchzuordnung erhalten, Completion nicht committet.","Warten endet durch fachliche Prüfung und berechtigte Abschlussentscheidung, nicht durch Dateiexistenz allein.",OPR006 OPR002,bedingt,Prüfer kann vorhandene Arbeit nutzen und alten Versuch prüfen ohne blind neu zuzustellen.,Datei ist nicht dauerhaft zugeordnet oder weiterer Writer startet ohne Budgetentscheidung.,"Orphan-Artefakt, Zustellungewissheit und akzeptierte Completion separat rekonzilieren. Worker-Tod weder als Neuauftrag noch automatisch als fertiges korrektes Ergebnis werten."
S080.B02,S080,operations,none,operations,OP034 OP014 OP001 OP012 OP006,Geprüfte Originalbytes werden explizit abgenommen,abschluss,"Zuordenbare Orphanbytes und unabhängiger passender Prüfbezug sind verfügbar, autorisierte Completion wird nach Prüfung dauerhaft committet.",Aufgabe ist erst danach als geprüft abgeschlossen anzusehen.,OPR006 OPR034 OPR001,bedingt,"Resultatnutzer hat nachgewiesene Arbeit und akzeptierten Taskstand, nicht bloß zufällige Datei.",Prüfung testet falsche Eigenschaft oder Completion wurde nie dauerhaft geschrieben.,"Orphan-Artefakt, Zustellungewissheit und akzeptierte Completion separat rekonzilieren. Worker-Tod weder als Neuauftrag noch automatisch als fertiges korrektes Ergebnis werten."
S080.B03,S080,operations,none,operations,OP034 OP014 OP001 OP012 OP006,Nicht dauerhafte einzige Arbeitsbytes verloren,verlust,"Tod trifft vor tatsächlichem Flush oder Datei wird gelöscht, keine andere vollständige Quelle der einzigartigen Ausgabe vorhanden.","Berechnung war fertig, benötigte Originalbytes bleiben trotzdem weg.",OPR001,teilweise,"Taskabsicht kann neue zulässige Arbeit begründen, exaktes altes Artefakt ist nicht erhalten.",Lesbare geflushte Originalbytes mit eindeutiger Herkunft werden gefunden.,"Orphan-Artefakt, Zustellungewissheit und akzeptierte Completion separat rekonzilieren. Worker-Tod weder als Neuauftrag noch automatisch als fertiges korrektes Ergebnis werten."
S081.B01,S081,operations,none,operations,OP022 OP028 OP001 OP023,Lokaler Intent bleibt ohne sichere Zahlungsantwort,ungewissheit,"Provider ignoriert Key, erste Annahme ist lokal unbekannt, Intentjournal vorhanden und kein verbindlicher Lookupbeleg.",Lokale Abfragen ändern entfernte Wahrheit nicht; weitere Zahlung wird ohne Entscheidung nicht als sicher wiederholbar behandelt.,OPR020,bedingt,"Operator kann genaue beabsichtigte Zahlung und bisherige Versuche untersuchen, nicht ihren Effektzähler feststellen.",Host folgert aus vorhandenem Key sichere Wiederholbarkeit trotz Teilnehmervertragsbruch.,"Provider-Idempotenz als externen überprüfbaren Vertrag behandeln, nicht durch lokale Keypersistenz ersetzen. Ohne definitive Annahmeevidenz darf Lookup-loses Retry keine Einmaligkeitszusage erhalten."
S081.B02,S081,operations,none,operations,OP022 OP028 OP001 OP023,Unabhängige Zahlungsquittung klärt erste Annahme,abschluss,"Provider bietet trotz ignoriertem Retrykey eine verbindliche eindeutige zugängliche Zahlungsquittung für die erste Operation, kein weiterer ungeklärter Versuch.",Erste Annahme ist belegt ohne Retry; historischer Vorgang bleibt auch bei späterem Refund wahr.,OPR021,bedingt,"Operator kann diese Zahlung zuordnen und verwenden, nicht generell jeden Retry sicher machen.",Beleg ist uneindeutig oder es gibt weitere nicht abgedeckte Versuche.,"Provider-Idempotenz als externen überprüfbaren Vertrag behandeln, nicht durch lokale Keypersistenz ersetzen. Ohne definitive Annahmeevidenz darf Lookup-loses Retry keine Einmaligkeitszusage erhalten."
S081.B03,S081,operations,none,operations,OP022 OP028 OP001 OP023,Wiederholung wird als zweite Zahlung angenommen,verlust,"Nach möglicher erster Annahme erneuter Zahlungsaufruf, ignorierter Key und zwei tatsächliche Annahmen.","Finanzielle Mehrbelastung besteht bis spezifischem Refund, historische Doppelzahlung bleibt.",OPR020,teilweise,"Erhaltene Versuche helfen Diagnose, lokale Keys bewahren keine entfernte Einmaligkeit.",Teilnehmer belegt tatsächlich nur eine Zahlung oder fachlich waren zwei autorisiert.,"Provider-Idempotenz als externen überprüfbaren Vertrag behandeln, nicht durch lokale Keypersistenz ersetzen. Ohne definitive Annahmeevidenz darf Lookup-loses Retry keine Einmaligkeitszusage erhalten."
S082.B01,S082,operations,none,operations,OP028 OP022 OP023,"Email gesendet, Ausgang lokal unbekannt",ungewissheit,"Email wurde wie vorgegeben gesendet, Plugin crasht vor durablem Resultat, lokales Intentjournal überlebt.","Tatsächlicher Versand ist abgeschlossen, lokales Wissen wartet auf echten Beleg oder bewusste Disposition.",OPR020,bedingt,"Rekonziliator kennt Nachrichtabsicht und Operation, nicht aus sich heraus verbindlichen Versandbeleg.",Journal fehlt oder verbindlicher eindeutiger Versandbeleg war bereits zugänglich.,Versand als irreversible Annahme mit eigenem Quittungsvertrag führen. Plugincrash ist keine Nichtsendung und lokales Rollback kann Empfängerkenntnis nicht löschen.
S082.B02,S082,operations,none,operations,OP028 OP022 OP023,Verbindlicher Versandbeleg überlebt separat,abschluss,Zugängliche Teilnehmerquittung belegt genau gesendete Nachricht trotz Plugincrash.,Diese Versandfrage ist geklärt ohne neue Email; etwaige Fehladressierung bleibt eigener Schaden.,OPR021,bedingt,Operator kann genau den erfolgten Versand nachweisen und weiteren identischen Versand vermeiden.,Beleg meint nur Queueaufnahme ohne vertraglichen Versandstatus oder falsche Nachricht.,Versand als irreversible Annahme mit eigenem Quittungsvertrag führen. Plugincrash ist keine Nichtsendung und lokales Rollback kann Empfängerkenntnis nicht löschen.
S082.B03,S082,operations,none,operations,OP028 OP022 OP023,Blinder Neuversand schafft zweite irreversible Nachricht,verlust,Crash wird als Nichtversand interpretiert und zweite Nachricht tatsächlich gesendet.,"Beide historischen Zustellungen bleiben, keine lokale Kompensation macht sie ungeschehen.",OPR020,teilweise,"Absichten und erhaltene Versuche bleiben prüfbar, einmalige Empfängerbelastung ist verloren.",Nur ein tatsächlicher Versand oder zweite Nachricht war eigenständig gewollt.,Versand als irreversible Annahme mit eigenem Quittungsvertrag führen. Plugincrash ist keine Nichtsendung und lokales Rollback kann Empfängerkenntnis nicht löschen.
S083.B01,S083,operations,none,operations,OP017 OP026 OP027 OP028,Wechsel von A nach B verlangt neue Zustimmung,halt,A ist als geprüftes Objekt erhalten und verpflichtende effektive Annahmegrenze erkennt B-Abweichung vor Annahme.,"B wartet auf neue inhaltsgebundene Entscheidung, Zustimmung zu A bleibt historisch lesbar.",OPR022,bedingt,Entscheider kann exakt alte und neue Rechnung unterscheiden und gezielt prüfen.,B wird trotz abweichender Bindung unter A-Zustimmung angenommen.,Die tatsächlich gezeigte Rechnung als unveränderliches Freigabeobjekt binden und Akzeptanz von B unter A verhindern. Vergleich erst nach Annahme liefert nur Diagnose.
S083.B02,S083,operations,none,operations,OP017 OP026 OP027 OP028,Rechnung B wurde unter Zustimmung zu A angenommen,verlust,"Nur generischer Freigabestatus statt Inhaltsbindung oder Checkrace, Teilnehmer akzeptiert B, A-Reviewobjekt bleibt erhalten.","Zustimmungsbruch bleibt historisch, nachträgliche B-Zustimmung autorisiert ihn nicht rückwirkend.",OPR022,teilweise,"Operator kann betroffene Abweichung anhand erhaltenem A belegen, nicht verlorene Consenttreue wiederherstellen.",Akzeptierte Rechnung war tatsächlich A oder B entsprach der ausdrücklich erlaubten Variabilität.,Die tatsächlich gezeigte Rechnung als unveränderliches Freigabeobjekt binden und Akzeptanz von B unter A verhindern. Vergleich erst nach Annahme liefert nur Diagnose.
S083.B03,S083,operations,none,operations,OP017 OP026 OP027 OP028,Annahme von B ist zusätzlich verbindlich belegt,abschluss,"Verbindliche Teilnehmerquittung für B liegt vor, unabhängig davon ob Zustimmung wirksam war.","Ausgangsfrage abgeschlossen, Legitimität bleibt getrennt verletzbar.",OPR021,bedingt,Operator kann wirklich angenommene Rechnung B als Fakt verfolgen ohne sie als genehmigt umzudeuten.,Quittung bezieht sich nur auf A-Draft oder vorläufigen Empfang.,Die tatsächlich gezeigte Rechnung als unveränderliches Freigabeobjekt binden und Akzeptanz von B unter A verhindern. Vergleich erst nach Annahme liefert nur Diagnose.
S084.B01,S084,operations,none,operations,OP028 OP022 OP029,Irreversible Annahme bleibt trotz Widerruf belegt,abschluss,Teilnehmer hat endgültig irreversible Wirkung angenommen und verbindliche Quittung ist zugänglich.,"Widerruf sperrt künftige Schritte nur bei wirksamer Grenze, macht frühere Wirkung nicht ungeschehen.",OPR021,bedingt,"Operator kann historischen Effekt nachweisen, nicht zurücknehmen.",Annahme war nur provisional und verbindlicher Abort verhinderte tatsächlich jeden irreversiblen Effekt.,Widerruf nach Annahme als Zukunftsgrenze und gegebenenfalls neue Mitigationsentscheidung führen. Keine retroaktive Tilgung einer verbindlich angenommenen Wirkung behaupten.
S084.B02,S084,operations,none,operations,OP028 OP022 OP029,Annahme ist real erfolgt aber lokal weiterhin ungewiss,ungewissheit,"Widerruf nach Annahme, lokale Bestätigung fehlt, Intentjournal ist erhalten.",Lokaler Widerruf erzeugt keine entfernte Quittung oder sichere Cancelbestätigung.,OPR020,bedingt,Operator sieht bekannte Absicht und muss den alten Ausgang weiter klären.,Verbindliche Ergebnis-/Abortquittung klärt den Ausgang bereits.,Widerruf nach Annahme als Zukunftsgrenze und gegebenenfalls neue Mitigationsentscheidung führen. Keine retroaktive Tilgung einer verbindlich angenommenen Wirkung behaupten.
S084.B03,S084,operations,none,operations,OP028 OP022 OP029,Kompensierbare Wirkung wartet auf konkrete Korrektur,halt,"Angenommene Wirkung besitzt tatsächlich mögliche Inverse, nötiger Kompensationsstand und Vorbedingungen überleben, neue Korrekturentscheidung fehlt.","Warten endet durch zulässige überprüfte Mitigation, nicht allein durch Widerruf alter Zustimmung.",OPR023,bedingt,"Bearbeiter kann sichere konkrete Korrektur beurteilen, noch kein Rollback geschehen.",Vorzustand fehlt oder Inverse ist tatsächlich irreversibel verlustbehaftet.,Widerruf nach Annahme als Zukunftsgrenze und gegebenenfalls neue Mitigationsentscheidung führen. Keine retroaktive Tilgung einer verbindlich angenommenen Wirkung behaupten.
S085.B01,S085,operations,none,operations,OP029 OP030 OP006 OP001,Versionskonflikt schützt neue menschliche Bearbeitung,halt,"Kompensationsstand enthält erwartete Version, Teilnehmer prüft sie atomar vor Inverse und erkennt menschliche Änderung.",Inverse wartet auf neue konkrete Entscheidung statt neuere Daten zu überschreiben.,OPR023,bedingt,"Bearbeiter kann Konflikt und alte Absicht prüfen, erhält keine allgemeine Merge-Lösung.",Teilnehmer führt Inverse trotz veränderter Version aus oder Check liegt vor einem ungeschützten Race.,Kompensation an extern durchgesetzte Version und konkrete Merge-/Nachbedingungen binden. Ein gespeicherter alter Vorwert schützt keine inzwischen geschaffene menschliche Arbeit.
S085.B02,S085,operations,none,operations,OP029 OP030 OP006 OP001,Blinde Inverse löscht einzige neue Bearbeitung,verlust,"Teilnehmer überschreibt neuere menschliche Daten, weder deren Version noch vollständige Kopie ist zugänglich.",Verlorene neue Information bleibt unter diesem Inventar weg; alter Vorzustand könnte trotzdem bekannt sein.,none,keines,Für exakte neue menschliche Arbeit keines; alter Saga-Vorwert rekonstruiert sie gerade nicht.,Unabhängige vollständige neue Version wird gefunden.,Kompensation an extern durchgesetzte Version und konkrete Merge-/Nachbedingungen binden. Ein gespeicherter alter Vorwert schützt keine inzwischen geschaffene menschliche Arbeit.
S085.B03,S085,operations,none,operations,OP029 OP030 OP006 OP001,Neuere Originalversion blieb unabhängig erhalten,verlust,"Schädliche Inverse geschah, aber vollständige neue Bearbeitung war vor ihr als zugängliches unveränderliches Artefakt gesichert und interpretierbar.","Schaden besteht bis erlaubte geprüfte Wiederherstellung, Originalinformation ist weiter verfügbar.",OPR005,teilweise,"Berechtigter Bearbeiter kann neuere Bytes lesen und Korrektur vorbereiten, nicht behaupten Teilnehmer sei schon korrekt.",Gesichertes Objekt enthält nur alten Saga-Vorwert statt der neuen menschlichen Arbeit.,Kompensation an extern durchgesetzte Version und konkrete Merge-/Nachbedingungen binden. Ein gespeicherter alter Vorwert schützt keine inzwischen geschaffene menschliche Arbeit.
S086.B01,S086,operations,none,operations,OP029 OP004,Fehlgeschlagene Inverse wartet mit bekanntem Stand,halt,"Vorwärts- und Kompensationsstand dauerhaft vorhanden, weitere automatische Versuche enden am definierten Budget.","Unveränderte Vorbedingungen erlauben keinen Erfolgsanspruch, kompetente Entscheidung oder Teilnehmeränderung benötigt.",OPR023,bedingt,Bearbeiter kann konkrete fehlgeschlagene Korrektur nachvollziehen statt kompletten Rollback behaupten.,Fehlversuche gehen verloren oder Runner meldet ohne passende Nachbedingung kompensiert.,"Kompensationsfehler samt benötigtem Vorzustand dauerhaft darstellen, begrenzte weitere Versuche und neue Entscheidung getrennt führen. Wiederholtes Scheitern ist noch kein Attraktor."
S086.B02,S086,operations,none,operations,OP029 OP004,Retrylast verstärkt Kompensationsversagen,attraktorhypothese,"Inversefehler erzeugen Retries, deren Last senkt Erfolgsrate und erzeugt neue Fehler; begrenztes Hochlastregime hält nach initialem Fehler bei gleichem Grundbedarf.",Fehler → Retrylast → geringere Korrekturleistung → weitere Fehler. Ein unveränderlich kaputter Teilnehmer allein wäre äußere Blockade.,OPR023,teilweise,"Nur solange Journal lesbar bleibt kann Operator ursprünglichen Korrekturstand nutzen, Fortschritt ist nicht erhalten.",Nach Entfernen initialer Störung bei gleicher Last und Policy kehren alle Startzustände zurück oder Retrylast beeinflusst Fehler nicht.,"Kompensationsfehler samt benötigtem Vorzustand dauerhaft darstellen, begrenzte weitere Versuche und neue Entscheidung getrennt führen. Wiederholtes Scheitern ist noch kein Attraktor."
S086.B03,S086,operations,none,operations,OP029 OP004,Unbegrenzte Retryfolge wächst bis Ressourcenende,eskalation,"Runner produziert ohne endliches Budget mehr Korrekturaufrufe als System abschließt, keine begrenzte Wiederkehr.",Wachsende Last endet an Ressourcen statt belegtem Attraktor.,none,ungeklaert,Dauerhafte Erreichbarkeit des Korrekturstands ist ohne Ressourcengrenze nicht nachgewiesen.,Durchgesetztes Budget hält Journal und lokale Bedienbarkeit erreichbar.,"Kompensationsfehler samt benötigtem Vorzustand dauerhaft darstellen, begrenzte weitere Versuche und neue Entscheidung getrennt führen. Wiederholtes Scheitern ist noch kein Attraktor."
S087.B01,S087,operations,none,operations,OP023 OP026 OP001,Gemeinsame Kaufabsicht begrenzt zwei Tasks auf eine Einheit,abschluss,"Beide Tasks beziehen sich vor Annahme auf dieselbe vereinbarte Kaufabsicht Menge eins, gemeinsame Annahmegrenze setzt sie wirksam durch.",Zweiter Auftrag wird derselben fachlichen Annahme zugeordnet statt neu bestellt.,OPR024,bedingt,Bestellentscheider kann eine Absicht über Taskgrenzen erhalten.,Zwei getrennte Taskkeys erlauben dennoch zwei Annahmen derselben Menge-eins-Absicht.,"Fachliche Kaufabsicht und gewünschte Menge explizit verknüpfen, nicht beliebige gleiche Taskpayloads global deduplizieren. Per-Task-Idempotenz schützt keine absichtsübergreifende Einmaligkeit."
S087.B02,S087,operations,none,operations,OP023 OP026 OP001,Zwei gewünschte Einheiten sind zwei legitime Bestellungen,abschluss,Geschäftliche Absicht verlangt ausdrücklich Menge zwei und verbindliche Quittungen belegen diese Annahmen.,"Gleiches Produkt ist kein Duplikationsschaden, wenn beide Einheiten gewollt sind.",OPR024 OPR021,bedingt,Operator kann tatsächliche Menge gegen autorisierte Absicht prüfen.,Belege oder Freigabe verlangen tatsächlich nur eine Einheit.,"Fachliche Kaufabsicht und gewünschte Menge explizit verknüpfen, nicht beliebige gleiche Taskpayloads global deduplizieren. Per-Task-Idempotenz schützt keine absichtsübergreifende Einmaligkeit."
S087.B03,S087,operations,none,operations,OP023 OP026 OP001,Zwei unabhängige Tasks kaufen ungewollt doppelt,verlust,"Nur per-Task-Keys, tatsächliche Absicht eine Einheit, beide Bestellungen angenommen.","Historische Mehrbestellung bleibt bis geschäftlicher Korrektur, keine Eigendynamik nötig.",OPR020,teilweise,"Erhaltene Intentjournale zeigen zwei Vorgänge, erklären aber ohne Fachbezug nicht von selbst Gleichheit der Absicht.",Fachliche Annahmegrenze verhindert zweite Bestellung oder zwei Einheiten waren gewollt.,"Fachliche Kaufabsicht und gewünschte Menge explizit verknüpfen, nicht beliebige gleiche Taskpayloads global deduplizieren. Per-Task-Idempotenz schützt keine absichtsübergreifende Einmaligkeit."
S088.B01,S088,operations,none,operations,OP001 OP027 OP023 OP017 OP022,Neuer Preis liegt außerhalb erlaubter Terms,halt,"Erhaltenes Reviewobjekt bindet Preis oder Toleranz, wirksame Annahmeprüfung erkennt Abweichung.","Bis neue Entscheidung kein Kauf zu unerlaubten Terms, ursprünglicher Ausgang bleibt getrennt.",OPR022,bedingt,Entscheider kann konkreten Preiswechsel abgrenzen und neu bewerten.,Teilnehmer nimmt Retry außerhalb der gespeicherten Preisgrenze an.,Retry behält ursprüngliche Operationsidentität und prüft echte Preisgrenzen. Neue Terms brauchen passende Zustimmung und lösen ungeklärte erste Annahme nicht auf.
S088.B02,S088,operations,none,operations,OP001 OP027 OP023 OP017 OP022,Teilnehmer hält dieselbe Bestellung innerhalb erlaubter Terms,abschluss,Verbindlicher Operationsbeleg zeigt dieselbe Bestellung und tatsächlicher Preis liegt innerhalb ausdrücklicher ursprünglicher Toleranz.,"Ausgang und Zustimmung passen für diese Operation, bloße Preisänderung ist kein Schaden.",OPR021 OPR022,bedingt,Operator kann akzeptierte Terms gegen die echte Zustimmung prüfen.,Retry erzeugt neue Bestellung oder überschreitet erlaubte Terms.,Retry behält ursprüngliche Operationsidentität und prüft echte Preisgrenzen. Neue Terms brauchen passende Zustimmung und lösen ungeklärte erste Annahme nicht auf.
S088.B03,S088,operations,none,operations,OP001 OP027 OP023 OP017 OP022,Alter Ausgang bleibt trotz neuer Preisentscheidung unbekannt,ungewissheit,"Erster Auftrag vielleicht angenommen, keine Quittung, lokales Intentjournal erhalten; neuer Preisvorschlag sagt nichts über ersten Ausgang.","Warten auf verbindliche alte Evidenz, neue Zustimmung wäre nur neue Erlaubnis und kein Nichterfolgsbeweis.",OPR020,bedingt,Rekonziliator kann die alte Operation abgrenzen statt Preisrefresh als sicheren Neustart behandeln.,Neue Preisentscheidung setzt den alten Zustand automatisch auf nicht angenommen.,Retry behält ursprüngliche Operationsidentität und prüft echte Preisgrenzen. Neue Terms brauchen passende Zustimmung und lösen ungeklärte erste Annahme nicht auf.
S088.B04,S088,operations,none,operations,OP001 OP027 OP023 OP017 OP022,Neue Terms ungeprüft angenommen,verlust,"Teilnehmer nimmt geänderten Preis außerhalb Zustimmung an, alte Freigabe bleibt lesbar; weitere Doppelbestellung nicht vorausgesetzt.","Consent-Verstoß bleibt, selbst wenn genau eine Bestellung existiert.",OPR022,teilweise,"Abweichung von erlaubtem Preis ist untersuchbar, Zustimmungstreue nicht erhalten.",Tatsächliche Terms lagen innerhalb ausdrücklich erlaubter Toleranz.,Retry behält ursprüngliche Operationsidentität und prüft echte Preisgrenzen. Neue Terms brauchen passende Zustimmung und lösen ungeklärte erste Annahme nicht auf.
S089.B01,S089,operations,none,operations,OP017 OP027 OP028 OP001,Refresh bleibt Draft und verlangt neue Inhaltsprüfung,halt,"Neue vertrauliche Zeilen verändern gebundenen Reviewgegenstand, verpflichtende Annahmegrenze stoppt Senden.","Warten auf korrekte Empfänger-/Inhaltsentscheidung, nicht automatisch alte Zustimmung vererben.",OPR022,bedingt,Entscheider kann vorher genehmigten Inhalt abgrenzen und neue Fassung gezielt prüfen.,Geänderter Rowset wird unter alter Digestfreigabe übertragen.,"Reportfreigabe an tatsächlich geprüfte Zeilen Empfänger und Übertragungszweck binden. Refresh eines Drafts ist noch kein Versand, Schedule ist keine Sendeautorisierung."
S089.B02,S089,operations,none,operations,OP017 OP027 OP028 OP001,Neue Zeilen gehen an unberechtigten Empfänger,verlust,"Alte Zustimmung oder Schedule wird pauschal als Versandrecht genutzt, neue vertrauliche Zeilen tatsächlich an nicht berechtigten Empfänger gesendet.",Erfolgte Kenntnisgabe bleibt auch nach Löschung lokaler Kopie oder Widerruf wahr.,none,keines,Für Vertraulichkeit der bereits übermittelten Zeilen keines; kein Unsenden oder perfekte Empfängerlöschung erfunden.,Keine Übermittlung geschah oder Empfänger war für genau diese neuen Zeilen berechtigt.,"Reportfreigabe an tatsächlich geprüfte Zeilen Empfänger und Übertragungszweck binden. Refresh eines Drafts ist noch kein Versand, Schedule ist keine Sendeautorisierung."
S089.B03,S089,operations,none,operations,OP017 OP027 OP028 OP001,Aktuell geprüfte Fassung wird legitim gesendet,abschluss,"Neue Fassung ausdrücklich geprüft, Empfänger für alle enthaltenen Zeilen berechtigt, verbindlicher Versandbeleg vorhanden.","Genau diese Übermittlung ist abgeschlossen, andere spätere Refreshes brauchen neue Bindungsprüfung.",OPR022 OPR021,bedingt,Operator kann zugestimmten Inhalt und tatsächlichen Versand verbinden.,Versandbeleg meint andere Fassung oder neue Zeilen lagen außerhalb Empfängerrechten.,"Reportfreigabe an tatsächlich geprüfte Zeilen Empfänger und Übertragungszweck binden. Refresh eines Drafts ist noch kein Versand, Schedule ist keine Sendeautorisierung."
S090.B01,S090,operations,none,operations,OP022 OP029 OP023 OP001 OP028,Not-found nach Retentionsende lässt Ausgang offen,ungewissheit,"Teilnehmerhistorie gelöscht, nur lokales Intentjournal verfügbar, keine weitere verbindliche Quittung.",Lokaler Intent liefert keine entfernte Annahmeinformation; weitere gleiche Lookups bleiben ergebnisarm.,OPR020,bedingt,"Operator kann bekannte Absicht und offene Evidenzlücke untersuchen, keine Effektanzahl rekonstruieren.",Host behandelt abgelaufenen Lookup als verbindliche Nichtannahme.,Lookup-Retentionshorizont und Not-found-Bedeutung pro Teilnehmer führen. Nach Historienlöschung darf fehlender Eintrag nicht zu nie angenommen oder sicher kompensierbar werden.
S090.B02,S090,operations,none,operations,OP022 OP029 OP023 OP001 OP028,Unabhängig erhaltene verbindliche Quittung reicht für diesen Ausgang,abschluss,Authentische eindeutige Quittung wurde tatsächlich außerhalb gelöschter Historie behalten und bleibt rechtmäßig lesbar.,"Konkreter belegter Ausgang ist geklärt, nicht sämtliche unbelegten Teilnehmeroperationen.",OPR021,bedingt,Operator kann diese Wirkung nachweisen ohne History-Retention oder perfekten Drittbeobachter zu erfinden.,Quittung existiert nicht mehr oder deckt relevante Operation nicht eindeutig ab.,Lookup-Retentionshorizont und Not-found-Bedeutung pro Teilnehmer führen. Nach Historienlöschung darf fehlender Eintrag nicht zu nie angenommen oder sicher kompensierbar werden.
S090.B03,S090,operations,none,operations,OP022 OP029 OP023 OP001 OP028,Benötigte Kompensationsinformation ebenfalls nicht mehr verfügbar,ungewissheit,"Inverse benötigt einzig beim Teilnehmer gespeicherte gelöschte Version oder Vorinformation, kein anderer vollständiger Bezug erhalten.",Weder Wiederholung des Lookups noch vorhandene Intent-ID erzeugt diese fehlende Vorbedingung.,none,keines,Für belegbar sichere konkrete Inverse keines; Intentlesen ist eine andere erhaltene Fähigkeit des ersten Zweigs.,Tatsächlich erhaltener vollständiger Kompensationsstand enthält benötigte Version und Bedeutung.,Lookup-Retentionshorizont und Not-found-Bedeutung pro Teilnehmer führen. Nach Historienlöschung darf fehlender Eintrag nicht zu nie angenommen oder sicher kompensierbar werden.
S091.B01,S091,operations,none,operations,OP031 OP017 OP001 OP003 OP005,Human-gated Aufgabe wartet lesbar auf Owner,halt,"Einziger kompetenter berechtigter Entscheider offline, keine gültige Entscheidung für konkrete Wirkung, Taskkern bleibt gesund.",Warten bis Rückkehr oder rechtmäßige neue Vertretung; Frist kann währenddessen verfallen.,OPR001,teilweise,"Operator kann nach Rückkehr Auftrag und offenen Bedarf lesen, nicht verlorene Gelegenheit zurückholen.",Andere befugte Person kann Entscheidung mit vorhandenem Wissen treffen.,"Autorisierte autonome Arbeit von neuen menschlichen Entscheidungen trennen. Drei Tage Abwesenheit sind endliche äußere Kapazitätslücke, keine automatische Fehler-/Alarmrückkopplung."
S091.B02,S091,operations,none,operations,OP031 OP017 OP001 OP003 OP005,Unabhängig bereits autorisierte Arbeit geht weiter,transient,Begrenzte Originalqueue mit weiter gültigen Autorisierungen braucht während Abwesenheit keine neue menschliche Entscheidung.,"Gültige Arbeit kann enden, menschlich abhängige Aufgaben bleiben davon getrennt.",OPR010,bedingt,Lokaler Dispatcher nutzt erhaltene Originalaufträge ohne Abwesenheit als zusätzliche Sendefreigabe auszulegen.,Aufträge erfordern neue Entscheidung oder Autorisierungen laufen vor Annahme ab.,"Autorisierte autonome Arbeit von neuen menschlichen Entscheidungen trennen. Drei Tage Abwesenheit sind endliche äußere Kapazitätslücke, keine automatische Fehler-/Alarmrückkopplung."
S091.B03,S091,operations,none,operations,OP031 OP017 OP001 OP003 OP005,Gelegenheit während Wartezeit unwiederbringlich verpasst,verlust,Konkrete zeitgebundene Chance endet vor Owner-Rückkehr und kein legitimer Ersatzweg war vorhanden.,"Rückkehr erneuert vergangene Gelegenheit nicht, kann nur über andere neue Arbeit entscheiden.",OPR001,teilweise,"Taskbezug bleibt zur ehrlichen Disposition nutzbar, rechtzeitige Entscheidung ist verloren.",Chance war verlängerbar oder gültige Entscheidung rechtzeitig vorhanden.,"Autorisierte autonome Arbeit von neuen menschlichen Entscheidungen trennen. Drei Tage Abwesenheit sind endliche äußere Kapazitätslücke, keine automatische Fehler-/Alarmrückkopplung."
S092.B01,S092,operations,none,operations,OP027 OP005 OP032 OP003 OP001,Endlicher Alarmstoß mit tragfähiger Fallprüfung,transient,"Alarmzufuhr endet, Aufnahme und Aufmerksamkeit reichen für tatsächlich gespeicherte verständliche Entscheidungsfälle; Klick auf Meldung erteilt keine Wirkungsfreigabe.","Diese endliche Fallmenge wird geprüft, daraus folgt weder Erledigung unbekannter Vorfälle noch allgemeine Systemgesundheit.",OPR032 OPR022,bedingt,"Befugter Prüfer kann konkrete Dossiers und Reviewobjekte bearbeiten, nicht bloß hundert Dialoge wegklicken.",Alarmack autorisiert Wirkung oder ungelöste Fälle werden allein durch Notificationreset als erledigt geführt.,Alarmquittung strikt von bindender Inhaltsentscheidung trennen und Entscheidungsdossiers an Fälle binden. Endliche Meldungen sind keine vollständige offene Vorfallmenge.
S092.B02,S092,operations,none,operations,OP027 OP005 OP032 OP003 OP001,Reflexfreigabe verursacht einzelne falsche Wirkungen,verlust,"Klicks sind bindend, konkrete falsche Wirkung wird angenommen, aber kein Rückweg zu weiteren Alarmen gezeigt; geprüfte Inhalte wurden zumindest festgehalten.",Einzelner Fehler bleibt ohne notwendige Eigendynamik bis echte Korrektur.,OPR022,teilweise,"Reviewobjekt belegt was formal vorlag, nicht dass Mensch es verstanden oder richtig entschieden hat.",Klick war nur Informationsack oder akzeptierte Wirkung war tatsächlich richtig autorisiert.,Alarmquittung strikt von bindender Inhaltsentscheidung trennen und Entscheidungsdossiers an Fälle binden. Endliche Meldungen sind keine vollständige offene Vorfallmenge.
S092.B03,S092,operations,none,operations,OP027 OP005 OP032 OP003 OP001,Fehlerhafte Freigaben erzeugen neuen Entscheidungsdruck,attraktorhypothese,"Mehr Alarme senken konkrete Prüfqualität, falsche Freigaben verursachen neue Fehler und diese wieder mehr bindende Alarmdialoge; begrenztes Hochlastregime nach anfänglichem Stoß bei unverändertem Grundbedarf.",Alarmdruck → Reflexfreigaben → neue Fehler → Alarmdruck. Reine Abwesenheit Stummschaltung oder endliche Meldungsmenge genügt nicht.,OPR001 OPR022,teilweise,"Unbetroffene Taskfakten und tatsächlich gespeicherte Reviewobjekte bleiben untersuchbar, Urteilsgüte und vollständiger Vorfallbestand nicht garantiert.",Nach Stoßende bei gleichem Grundbedarf und Workflow erzeugen genehmigte Fehler keine weiteren Dialoge oder Prüfqualität sinkt nicht.,Alarmquittung strikt von bindender Inhaltsentscheidung trennen und Entscheidungsdossiers an Fälle binden. Endliche Meldungen sind keine vollständige offene Vorfallmenge.
S093.B01,S093,operations,none,operations,OP031 OP022 OP023 OP027 OP001,Vertreter kann erhaltenen Fallstand tatsächlich nutzen,transient,Kompetenter befugter Vertreter hat zugängliches verständliches Dossier mit belegten Operationen und klar markierten offenen Ausgängen.,Nach eigener Prüfung kann er erlaubte Entscheidungen treffen; unbekannter Teilnehmerausgang verlangt weiterhin Evidenz.,OPR032 OPR020,bedingt,Vertreter kann wissen was bekannt ist und was noch zu klären bleibt ohne Originalowner zu fragen.,Dossier verschweigt offene Operation oder entscheidende Erklärung ist nur dem Owner bekannt.,Übergabe braucht verständliche Evidenz zu konkreten in-flight Operationen und ausdrücklichem Nichtwissen. Kontozugriff allein stellt keine Geschäftskenntnis her.
S093.B02,S093,operations,none,operations,OP031 OP022 OP023 OP027 OP001,"Intent bekannt, entscheidende Annahmeevidenz fehlt",ungewissheit,"Vertreter versteht Absicht und hat Intentjournal, aber benötigter Teilnehmerausgang ist in keiner verfügbaren Quelle belegt.",Formale Autorität und längeres Lesen erzeugen fehlende Quittung nicht.,OPR020,teilweise,"Vertreter kann gezielt den offenen Sachverhalt abgrenzen, nicht sichere Wiederholung folgern.",Zugänglicher verbindlicher Beleg klärt diesen Ausgang bereits.,Übergabe braucht verständliche Evidenz zu konkreten in-flight Operationen und ausdrücklichem Nichtwissen. Kontozugriff allein stellt keine Geschäftskenntnis her.
S093.B03,S093,operations,none,operations,OP031 OP022 OP023 OP027 OP001,Vertreter errät Nichterfolg und sendet doppelt,verlust,Zusätzliche Entscheidung ohne belegten alten Ausgang führt zu neuer Wirkung und beide Annahmen erfolgen.,"Doppelte historische Wirkung bleibt, bessere spätere Übergabe nimmt sie nicht zurück.",OPR020,teilweise,"Erhaltene Intentdaten erlauben Nachuntersuchung, nicht Einmaligkeit oder sachgerechte Entscheidung.",Keine zweite Annahme oder erneute Wirkung war bewusst eigenständig gewollt.,Übergabe braucht verständliche Evidenz zu konkreten in-flight Operationen und ausdrücklichem Nichtwissen. Kontozugriff allein stellt keine Geschäftskenntnis her.
S094.B01,S094,operations,none,operations,OP026 OP027 OP028 OP024,Explizite Zielinstanz verhindert Fixture-Produktionsverwechslung,halt,Reviewobjekt nennt vom Menschen tatsächlich beabsichtigte Instanz und verpflichtende Annahmegrenze vergleicht unabhängige echte Instanzidentität.,Mismatch verlangt neue bewusste Entscheidung statt unbemerkt an anderem Ziel weiterzumachen.,OPR022,bedingt,Entscheider kann genau beabsichtigtes Ziel gegen echte Verbindung prüfen.,Gebundenes Fixture-Review wird von Produktion als passende Wirkungserlaubnis akzeptiert.,Beabsichtigte Instanz in Reviewobjekt und Akzeptanzkontext binden. Erfolgreiche Authentifizierung zu Produktion sagt nicht dass Mensch Produktion meinte.
S094.B02,S094,operations,none,operations,OP026 OP027 OP028 OP024,Richtig authentifiziert an menschlich falscher Instanz,verlust,"Mensch meint Fixture, echte Produktionsmutation wird akzeptiert ohne bindenden Vergleich mit Absicht; Produktionsquittung bleibt zugänglich.","Falsche Zielwirkung bleibt als Fakt, auch wenn Aufrufer technische Rechte besaß.",OPR021,teilweise,"Operator kann tatsächliche Produktionsannahme belegen, menschliche Zieltreue ist verletzt.",Es erfolgte nur Lesen oder Produktion war tatsächlich beabsichtigt.,Beabsichtigte Instanz in Reviewobjekt und Akzeptanzkontext binden. Erfolgreiche Authentifizierung zu Produktion sagt nicht dass Mensch Produktion meinte.
S094.B03,S094,operations,none,operations,OP026 OP027 OP028 OP024,Nur Lesedarstellung wird verwechselt,ungewissheit,"Kein mutierender Aufruf, Anzeige enthält nicht ausreichend verstandene Instanz-/Frischezuordnung, Kernfakten bleiben richtig.","Irrtum endet mit verifizierter Kontextklärung, keine bereits erfolgte Außenwirkung.",OPR001,teilweise,"Aufgabenfakten der tatsächlichen Instanz bleiben lesbar, Interpretation als Fixture ist ungesichert.",Eine falsche Mutation wurde tatsächlich ausgeführt oder verifizierte Instanz ist bereits klar.,Beabsichtigte Instanz in Reviewobjekt und Akzeptanzkontext binden. Erfolgreiche Authentifizierung zu Produktion sagt nicht dass Mensch Produktion meinte.
S095.B01,S095,operations,none,operations,OP024 OP011 OP014 OP015,Manuelle Kopie bleibt lesbarer alter Stand ohne sichere Liveaussage,ungewissheit,"Kopie konsistent aber älter, normale Öffnung führt kein Restore-Reconcile aus; spätere reale Versuche können fehlen.",Wiederholtes Öffnen desselben Präfixes beseitigt weder stale running noch fehlende Fakten.,OPR003,teilweise,"Bearbeiter kann den enthaltenen Stand auswerten, nicht aktuell running oder nie versucht daraus folgern.",Unabhängiger Nachlaufbeleg zeigt vollständigen aktuellen Stand oder Kopie ist inkonsistent.,Manuelle Kopie als möglicherweise alten Herkunftsstand erkennen und zunächst von Dispatch trennen. Explizites C2-Reconcile verändert nur vorhandene Rows und füllt keinen fehlenden Nachlauf.
S095.B02,S095,operations,none,operations,OP024 OP011 OP014 OP015,Nicht sendefähige Inventur schützt vor automatischem Alt-Dispatch,halt,"Kopie bleibt technisch ohne Dispatchautorität, zugänglicher Herkunftsstand wird vor autorisierter Übernahme geprüft.",Alte Statuslabels können gelesen werden ohne neue Wirkungen auszulösen.,OPR027 OPR003,bedingt,"Wiederhersteller kann Inventur durchführen, fehlenden Nachlauf aber noch nicht rekonstruieren.",Normales Öffnen oder kopierte Credential erlaubt sofort effektfähigen Dispatch.,Manuelle Kopie als möglicherweise alten Herkunftsstand erkennen und zunächst von Dispatch trennen. Explizites C2-Reconcile verändert nur vorhandene Rows und füllt keinen fehlenden Nachlauf.
S095.B03,S095,operations,none,operations,OP024 OP011 OP014 OP015,Explizites Reconcile hält enthaltene Versuche und Leases,halt,"C2 wird auf enthaltene running/attempted Rows und leasehaltende Sessions angewandt, diese Datensätze überleben.",Zustell- und Belegungssperren bleiben getrennt bis jeweilige Evidenz/Entscheidung vorliegt.,OPR002 OPR015,bedingt,Operator kann gespeicherte Versuche und Workspacebelegung nutzen; nicht enthaltene spätere Versuche bleiben außerhalb.,Reconcile entfernt Leases oder erklärt queued-ohne-Row global nie zugestellt.,Manuelle Kopie als möglicherweise alten Herkunftsstand erkennen und zunächst von Dispatch trennen. Explizites C2-Reconcile verändert nur vorhandene Rows und füllt keinen fehlenden Nachlauf.
S096.B01,S096,operations,none,operations,OP015 OP016 OP001,"Pane weg, verwaltete Wiedervergabe wartet",halt,"Belegung wird bei fehlendem Prozess-/Schreibnachweis erhalten, menschlicher späterer Zugriff ist noch nicht koordiniert.",Bis alte Schreiber und neue menschliche Änderungen geklärt sind kein kontrollierter Ersatzstart.,OPR015,bedingt,"Startentscheider behält alte Belegung als Sperrgrund, nicht Macht über menschliche Editoren.",Paneverlust allein gibt Workspace frei oder alternative Reconnectfunktion umgeht Sperre.,"Pane-Schließung, Prozessbaum und menschliche Workspaceübergabe getrennt führen. Agenten dürfen Taskdateien schreiben, Factory-Lease kann legitime menschliche Änderungen nicht physisch verhindern."
S096.B02,S096,operations,none,operations,OP015 OP016 OP001,Mensch und Ersatzwriter schreiben überlappend,extern-erzwungen,"Mensch editiert nach Paneende, verwalteter Ersatz wurde ohne Übergabe ebenfalls gestartet.","Konflikt dauert mit beiden Aktivitäten, Ende einer Pane ist keine beiderseitige Übergabe.",OPR001,teilweise,"Unbetroffener Taskkern bleibt nutzbar, exklusive Änderungsattribution fehlt.",Alle Schreiber waren abgestimmt und nicht überlappend aktiv.,"Pane-Schließung, Prozessbaum und menschliche Workspaceübergabe getrennt führen. Agenten dürfen Taskdateien schreiben, Factory-Lease kann legitime menschliche Änderungen nicht physisch verhindern."
S096.B03,S096,operations,none,operations,OP015 OP016 OP001,Geprüfte Übergabe erhält konkreten Arbeitsstand,transient,"Alte Prozessschreibrechte geklärt, menschlicher Stand tatsächlich unveränderlich übernommen und fachlich relevante Änderungen vor Neuaufnahme geprüft.",Kontrollierte Weiterarbeit nutzt benannten Stand statt unbekannte alte Pfadannahmen.,OPR005,bedingt,"Nachfolger kann den übergebenen Originalstand lesen, nicht beliebige spätere menschliche Edits mitumfassen.",Übernahme erfolgte nicht oder menschliche Änderungen passieren weiter unkoordiniert nach ihr.,"Pane-Schließung, Prozessbaum und menschliche Workspaceübergabe getrennt führen. Agenten dürfen Taskdateien schreiben, Factory-Lease kann legitime menschliche Änderungen nicht physisch verhindern."
S097.B01,S097,operations,none,operations,OP031 OP001,Nur Owner versteht dauerhaften Blocker,halt,"Owner fehlt, vorhandener Text enthält keine für anderen kompetenten Bearbeiter ausreichende Bedeutung und keine weitere erklärende Quelle.",Wiederholte Eskalation desselben Texts erzeugt kein fehlendes Wissen.,OPR001,teilweise,"Task-ID und Status bleiben nachlesbar, für selbständige Blockerentscheidung keines.",Befugter Vertreter löst ihn korrekt aus vorhandenen Fakten ohne Ownerkontakt.,Blocker als prüfbaren Entscheidungsfall strukturieren und Verständnis durch befugten Ersatz testen. Persistente Zeichenfolge allein ist kein nutzbares Übergaberesidue.
S097.B02,S097,operations,none,operations,OP031 OP001,Tatsächlich verständlicher Fallstand ermöglicht Entscheidung,transient,Verfügbare Erklärung nennt fehlende Voraussetzung Belege Zuständigkeit und erlaubte Optionen verständlich für kompetenten berechtigten Ersatz.,"Nach Prüfung kann Entscheidung erfolgen, sofern kein weiterhin fehlender externer Fakt benötigt wird.",OPR032,bedingt,Vertreter kann Fall bearbeiten statt nur blocked erneut zu quittieren.,Übung zeigt dass entscheidende Bedeutung weiterhin exklusives Ownerwissen ist.,Blocker als prüfbaren Entscheidungsfall strukturieren und Verständnis durch befugten Ersatz testen. Persistente Zeichenfolge allein ist kein nutzbares Übergaberesidue.
S098.B01,S098,operations,none,operations,OP005 OP026 OP001,Selbstabnahme bewahrt falsches Ergebnis,verlust,"Ergebnis ist tatsächlich fehlerhaft, befangene Abnahme akzeptiert es, unabhängiger passender Prüfbezug fehlt.",Ein falscher angenommener Stand bleibt bis neue sachliche Evidenz; ohne Wiederverwendungskante kein Attraktor.,OPR001,teilweise,"Taskrecord dokumentiert Annahme, beweist weder Unbefangenheit noch sachliche Wahrheit.",Ergebnis war richtig oder Fehler wurde vor Annahme durch verpflichtende Prüfung erkannt.,"Fachliche Abnahme von Autorenschaft und formaler Completion trennen. Unabhängige Prüfung muss konkret betroffene Eigenschaft messen, zweite Zustimmung allein ist kein Orakel."
S098.B02,S098,operations,none,operations,OP005 OP026 OP001,Unabhängiger aufgabenbezogener Vergleich fängt Fehler,halt,Unbetroffener konkreter Prüfbezug zur Fehlerklasse existiert und ist verpflichtend vor fachlicher Abnahme.,"Abnahme wartet auf korrigiertes geprüftes Ergebnis, nicht lediglich anderen zustimmenden Namen.",OPR034,bedingt,Prüfer kann Fehler unabhängig vom Autorinteresse feststellen; andere ungemessene Eigenschaften bleiben offen.,Prüfbezug teilt denselben Fehler oder misst nur Form statt der beschädigten Eigenschaft.,"Fachliche Abnahme von Autorenschaft und formaler Completion trennen. Unabhängige Prüfung muss konkret betroffene Eigenschaft messen, zweite Zustimmung allein ist kein Orakel."
S099.B01,S099,operations,none,operations,OP026 OP015 OP016 OP001,Sofortstart wird bei unklarer alter Lease zurückgehalten,halt,"Alter stabiler Workspace im selben Store belegt, neuer Start benutzt C10 und keine Umgehung.","Warten endet durch passende alte Schreibfähigkeitsklärung oder zulässige Disposition, nicht durch Dringlichkeitswort.",OPR015,bedingt,Startentscheider kann erhaltene Belegung weiterhin zur kontrollierten Ausschließung nutzen.,begin_start akzeptiert zweite Reservation trotz stabiler alter Lease.,Dringlichkeit darf Belegungsevidenz nicht ersetzen. Normaler Leaseguard und manuelle/Recovery-Bypässe getrennt auditiert halten statt pauschal sichere Starts behaupten.
S099.B02,S099,operations,none,operations,OP026 OP015 OP016 OP001,Erzwungener Bypass schafft zwei Schreiber,extern-erzwungen,"Mensch oder anderer Recovery-Pfad gibt frei/startet direkt, alter Prozess hat weiterhin Schreibfähigkeit und Ersatz startet wirklich.","Überlappung besteht solange beide schreiben, Anfrage nach Sofortstart allein genügt nicht.",OPR001,teilweise,"Unbetroffene Taskdaten bleiben, exklusive Workspacekontrolle nicht.",Kein Ersatz wurde gestartet oder alte Schreibfähigkeit war zuvor positiv erloschen.,Dringlichkeit darf Belegungsevidenz nicht ersetzen. Normaler Leaseguard und manuelle/Recovery-Bypässe getrennt auditiert halten statt pauschal sichere Starts behaupten.
S099.B03,S099,operations,none,operations,OP026 OP015 OP016 OP001,Nach tatsächlicher Klärung kontrollierte Wiederaufnahme,transient,"Alte Schreibfähigkeiten sind nachweislich erloschen oder identisch korreliert, dokumentierter Taskstand und Belegung werden konsistent aktualisiert.",Nur danach kann kontrollierte Zuordnung weitergehen; alte Teilnehmerwirkungen bleiben eigene Frage.,OPR015 OPR001,bedingt,Aufnahmeentscheider nutzt geklärte Belegung und vorhandene Taskfakten statt Dringlichkeit als Beweis.,Klärung besteht nur aus Paneabwesenheit oder verdeckt weiter schreibende Nachkommen.,Dringlichkeit darf Belegungsevidenz nicht ersetzen. Normaler Leaseguard und manuelle/Recovery-Bypässe getrennt auditiert halten statt pauschal sichere Starts behaupten.
S100.B01,S100,operations,none,operations,OP013 OP031 OP001 OP006,Zugänge und Anleitung liegen hinter derselben Sperre,halt,"Alle aktuell nutzbaren Operatorzugänge fehlen, Anleitung nur auf unerreichbarem Gerät, weitere Wege sind nicht belegt.","Warten bleibt bis echter unabhängiger Zugang oder Bestandsklärung, intakte Bits allein lösen Sperre nicht.",none,ungeklaert,Für selbständigen Besitzerwiederzugang kein nutzbarer Gegenstand belegt; dauerhafte Vernichtung wird daraus noch nicht gefolgert.,Eine legitime außerhalb dieser Sperre erreichbare Anleitung samt ausreichendem Zugangspfad wird gefunden.,Recoveryabhängigkeiten einschließlich rechtmäßig erreichbarer Anleitung Schlüssel und Autorität außerhalb derselben verlorenen Grenze prüfen. Lokaler Safe-Mode kann keine verlorenen Kontorechte oder physische Erreichbarkeit erzeugen.
S100.B02,S100,operations,none,operations,OP013 OP031 OP001 OP006,Wirklich unabhängiger Recoveryweg besteht,transient,Zusätzlicher bereits eingerichteter legitimer Wiederzugang besitzt zugängliche Anleitung und erforderliche Identitäts-/Schlüsselpfade außerhalb verlorenen Geräts.,"Nach erfolgreicher autorisierter Wiedergewinnung kann Besitzer Zustand prüfen, nicht automatisch alte Effekte wiederholen.",OPR033,bedingt,Besitzer kann unter genau diesem Ausfall Zugang zurückerlangen; kein geheimer Inhalt im Analysebericht nötig.,Recovery verlangt als ersten Schritt einen der verlorenen Zugänge oder einzige gesperrte Anleitung.,Recoveryabhängigkeiten einschließlich rechtmäßig erreichbarer Anleitung Schlüssel und Autorität außerhalb derselben verlorenen Grenze prüfen. Lokaler Safe-Mode kann keine verlorenen Kontorechte oder physische Erreichbarkeit erzeugen.
S100.B03,S100,operations,none,operations,OP013 OP031 OP001 OP006,Lokale autorisierte Arbeit lebt ohne Besitzerzugriff,extern-erzwungen,"Gerät und Runtime laufen gesund, vorhandene begrenzte autorisierte Originalaufträge brauchen keinen neuen menschlichen Zugang.","Arbeit kann weitergehen solange Autorisierung und Ressourcen genügen, Besitzer bleibt blind.",OPR010 OPR001,teilweise,"Lokaler Worker kann erhaltene Aufträge nutzen, nicht der ausgesperrte Besitzer aktuell inspizieren.",Laufende Arbeit benötigt neuen Ownerentscheid oder Gerät ist ebenfalls außer Betrieb.,Recoveryabhängigkeiten einschließlich rechtmäßig erreichbarer Anleitung Schlüssel und Autorität außerhalb derselben verlorenen Grenze prüfen. Lokaler Safe-Mode kann keine verlorenen Kontorechte oder physische Erreichbarkeit erzeugen.
S100.B04,S100,operations,none,operations,OP013 OP031 OP001 OP006,Einzige erforderliche Recoveryinformation endgültig zerstört,verlust,Alle nötigen Schlüssel-/Identitätsinformationen und zulässigen Rekonstruktionsquellen sind nach geschlossenem Inventar unwiederbringlich verloren.,Keine erreichbare Anleitung ersetzt fehlende einzigartige Autoritäts-/Entschlüsselungsinformation.,none,keines,Für die davon abhängige Besitzerwiederherstellung keines; keine imaginäre externe Kopie oder perfekte Kontorettung.,Tatsächlich ausreichender legitimer Recoverypfad oder vollständige Schlüsselquelle wird nachgewiesen.,Recoveryabhängigkeiten einschließlich rechtmäßig erreichbarer Anleitung Schlüssel und Autorität außerhalb derselben verlorenen Grenze prüfen. Lokaler Safe-Mode kann keine verlorenen Kontorechte oder physische Erreichbarkeit erzeugen.
S101.B01,S101,governance,none,governance,GV04 GV01 GV07,"Inference steht, alte Arbeit bleibt lesbar",extern-erzwungen,Provider ist notwendig und geschlossen; lokaler Store und erlaubter Leser bleiben erreichbar.,Dauert bis ein zulässiger Ersatz verfügbar ist; kein interner Kreislauf.,GVR001,teilweise,Berechtigte Prüfer können gespeicherte Aufgaben und Versuche lesen; neue Inference bleibt unmöglich.,Ohne Provider lassen sich die bezeichneten alten Aufgaben nicht lesen.,"Providerabhängigkeit vom lokalen Aktenlesen trennen; Ersatzmodell erst nach auftragsbezogener Abnahme verwenden, nicht als historische Identität des geschlossenen Providers ausgeben."
S101.B02,S101,governance,none,governance,GV04 GV01 GV07,Begrenzte Aufgabe mit Ersatz abgeschlossen,abschluss,Ein verfügbares erlaubtes Ersatzmodell erzeugt ein unabhängig abgenommenes Ergebnis; Bytes bleiben erhalten.,"Endliche Abnahme beendet diese Aufgabe, nicht sämtliche Providerabhängigkeiten.",GVR002,bedingt,Empfänger nutzt das konkret abgenommene Ergebnis; der Entwurf behauptet keine identischen Modelle.,Abnahme scheitert am fachlichen Zweck oder Ergebnis benötigt den geschlossenen Dienst.,"Providerabhängigkeit vom lokalen Aktenlesen trennen; Ersatzmodell erst nach auftragsbezogener Abnahme verwenden, nicht als historische Identität des geschlossenen Providers ausgeben."
S102.B01,S102,governance,none,governance,GV07 GV05 GV02,Aliasvergleich ohne Gewichtszuordnung,ungewissheit,Anbieter liefert für den stillen Wechsel keine vertrauenswürdige historische Gewichtsidentität; Rohwerte bleiben erhalten.,Spätere Aliasabfragen ersetzen keine fehlende frühere Identität.,GVR004,teilweise,"Analyst kann bekannte Ergebnisgrößen auswerten, aber keine Gewichtsversion zuschreiben.",Ein zeitgenössischer unabhängiger Aufrufbeleg klärt die genaue Version.,Pro Aufruf belegte Modellrevision von Alias und Eingaberevision trennen; unbekannte Gewichte nicht aus späteren Wiederholungen rekonstruieren.
S102.B02,S102,governance,none,governance,GV07 GV05 GV02,Fehler wird nach Wechsel zur Referenz,attraktorhypothese,Neue falsche Ausgabe wird wiederholt als Autorität übernommen; widersprechende Daten beeinflussen Entscheidungen nicht.,Falsche Ausgabe → spätere Zitate → wachsendes Vertrauen → weniger Gegenprüfung → erneute Fehlerannahme.,GVR001,teilweise,Erhaltene Akte lässt Aussagen und Wiederverwendung untersuchen; sie liefert keine Wahrheit oder verlorene Gewichtsdaten.,Fehler wird nicht weiterverwendet oder ein Gegenbefund verändert trotz hoher Zustimmung die Entscheidung.,Pro Aufruf belegte Modellrevision von Alias und Eingaberevision trennen; unbekannte Gewichte nicht aus späteren Wiederholungen rekonstruieren.
S103.B01,S103,governance,none,governance,GV09 GV08 GV05 GV02,"Injection befolgt, Toolwirkung verweigert",halt,"Modell folgt der Seite, aber alle verlangten nicht erlaubten Effekte treffen eine unabhängige durchgesetzte Sperre.",Sperre besteht bis konkrete gültige Neubewertung; Text allein öffnet sie nicht.,GVR005,bedingt,Prüfer behalten den Effektauftrag und können ihn ablehnen; keine privilegierte Wirkung dieser Anforderung.,Ein Toolnebenpfad nimmt die injizierte Wirkung trotzdem an.,Quellinhalt darf keine Toolbefugnis liefern. Vollständige Effektvermittlung und OS-Datengrenze getrennt prüfen; Reaktion auf Injection ist keine Rücknahme bereits gelesener Geheimnisse.
S103.B02,S103,governance,none,governance,GV09 GV08 GV05 GV02,Injection hat geschützte Daten offengelegt,verlust,Toolbefugnis erlaubt Übertragung und unberechtigter Empfänger hat den betreffenden Inhalt gelesen.,Das Wissen beim Empfänger bleibt historisch erfolgt; späterer Stop kann es nicht zurückrufen.,none,keines,Für Nie-Offengelegtheit dieser Daten bleibt keine Restfähigkeit; andere Daten sind damit nicht automatisch verloren.,Empfänger konnte den Inhalt nachweislich nicht lesen.,Quellinhalt darf keine Toolbefugnis liefern. Vollständige Effektvermittlung und OS-Datengrenze getrennt prüfen; Reaktion auf Injection ist keine Rücknahme bereits gelesener Geheimnisse.
S103.B03,S103,governance,none,governance,GV09 GV08 GV05 GV02,Falsche Quellbehauptung verfestigt sich,attraktorhypothese,Injizierte Behauptung wird in weitere Kontexte kopiert und als unabhängige Bestätigung behandelt.,Kopie → Vertrauen → erneute Übernahme → mehr scheinbare Quellen; ursprüngliche Website kann verschwinden.,GVR003,teilweise,"Ein zuvor gebundenes Eingabepaket erlaubt dem Prüfer Herkunftsanalyse, sofern es außerhalb der Manipulation erhalten ist; es korrigiert den Glauben nicht automatisch.",Keine Wiederverwendung oder entscheidungswirksame Prüfung unterbricht die Kette.,Quellinhalt darf keine Toolbefugnis liefern. Vollständige Effektvermittlung und OS-Datengrenze getrennt prüfen; Reaktion auf Injection ist keine Rücknahme bereits gelesener Geheimnisse.
S104.B01,S104,governance,none,governance,GV05 GV02,Einmalige falsche Doppelbestätigung,transient,Beide Prüfer irren; danach wird das Urteil nicht als Quelle wiederverwendet und kein Vertrauenskreislauf entsteht.,Endlicher Bewertungsfehler; späterer Ausgang ist ohne weitere Dynamik offen.,GVR001,teilweise,"Erhaltene Bewertungen erlauben Nachprüfung des Vorgangs, nicht des behaupteten Wahrheitsgehalts.",Die Bestätigung wird später zitiert und steigert die Wahrscheinlichkeit weiterer Annahmen.,BR01 übernehmen: zwei falsche Bestätigungen sind zunächst ein Einzelfehler. Unabhängige Abnahme muss die konkrete Fehlerfamilie treffen und Entscheidungen tatsächlich verändern können.
S104.B02,S104,governance,none,governance,GV05 GV02,Doppelurteil zirkuliert als Beweis,attraktorhypothese,Falsches Urteil erhält Autorität und spätere Prüfer übernehmen es statt Sachprüfung.,Übereinstimmung → Vertrauen → Wiederverwendung → weitere Übereinstimmung → Ausschluss von Gegenprüfung.,GVR001,teilweise,"Die unveränderte Bewertungsakte bleibt ein untersuchbarer Gegenstand; berechtigte Prüfer können den Zitatkreislauf sehen, sofern lesbar.",Adverse unabhängige Sachbefunde werden akzeptiert und beenden die Übernahme.,BR01 übernehmen: zwei falsche Bestätigungen sind zunächst ein Einzelfehler. Unabhängige Abnahme muss die konkrete Fehlerfamilie treffen und Entscheidungen tatsächlich verändern können.
S104.B03,S104,governance,none,governance,GV05 GV02,Sachprüfung stoppt falsche Abnahme,halt,Eine für diesen Fehler unabhängige Prüfung existiert und ihr negativer Befund darf die Abnahme blockieren.,"Halt endet mit korrigiertem Ergebnis oder legitimem Abbruch, nicht durch weitere gleiche Reviewer.",GVR006 GVR005,bedingt,Befund und gesperrter Auftrag bleiben für zuständige Prüfer nutzbar; kein allwissender dritter Prüfer wird vorausgesetzt.,Der gleiche Modellfehler täuscht auch den Sachtest oder negatives Ergebnis wird ignoriert.,BR01 übernehmen: zwei falsche Bestätigungen sind zunächst ein Einzelfehler. Unabhängige Abnahme muss die konkrete Fehlerfamilie treffen und Entscheidungen tatsächlich verändern können.
S105.B01,S105,governance,none,governance,GV03 GV05 GV01,"Dateipfad behauptet, Original fehlt",ungewissheit,Gespeicherter Abschluss nennt eine nicht existierende Datei; sonstiger Aufgabenbericht ist lesbar.,Erneutes Lesen desselben Pfadstrings erzeugt keinen Inhalt; eine neue Datei wäre neue Arbeit.,GVR001,teilweise,Prüfer kann die falsche Ergebnisbehauptung belegen; für die behaupteten Originalbytes gibt es keine Restfähigkeit.,Zeitgenössische Originaldatei mit passender Identität wird tatsächlich gefunden.,"Bibliotheksabschluss nicht mit Dateiabnahme gleichsetzen: Pfad, tatsächliche Bytes und fachlich akzeptierter Inhalt benötigen getrennte Nachweise."
S105.B02,S105,governance,none,governance,GV03 GV05 GV01,Vorhandenes Ergebnis separat abgenommen,abschluss,Neben halluziniertem Namen existieren echte relevante Ergebnisbytes und deren konkrete Abnahme.,Nur der belegte Ergebnisumfang wird abgeschlossen; falsche Artefaktbehauptung bleibt sichtbar.,GVR002 GVR037,bedingt,"Empfänger nutzt identifizierte abgenommene Bytes, nicht den ungeprüften Pfad aus complete_with_result.",Objektmanifest zeigt keine erreichbaren Bytes oder fachliche Abnahme hängt an der erfundenen Datei.,"Bibliotheksabschluss nicht mit Dateiabnahme gleichsetzen: Pfad, tatsächliche Bytes und fachlich akzeptierter Inhalt benötigen getrennte Nachweise."
S106.B01,S106,governance,none,governance,GV04 GV13 GV10,"Modell verdrängt Daemon, Akte überlebt",extern-erzwungen,"Daemon fällt durch RAMdruck aus, bereits bestätigte Daten bleiben intakt und später lokal lesbar.",Modellbelegung hält Ausführung an; Neustart ohne Änderung kann dieselbe Überlast erneut erzeugen.,GVR001,teilweise,Operator liest nach verfügbarem Speicher alte Versuche; dies belegt weder weiterlaufende Arbeit noch deren Ende.,RAMausfall hinterlässt unlesbaren Store oder der benötigte Leser startet auch nach Freigabe nicht.,"Modell-RAM und Betriebsreserve begrenzen; Recoveryanzeige muss Datenträgerhaltbarkeit, Zustellunsicherheit und Leasebelegung unabhängig führen."
S106.B02,S106,governance,none,governance,GV04 GV13 GV10,Unklare Zustellung bleibt gesperrt,halt,Wiederanlauf kennt einen Versuch und eine funktionierende Effektsperre; Prozessbeobachtung fehlt.,Outcome-Unklarheit und Leasebelegung haben getrennte Ausgänge; RAMfreigabe allein beendet sie nicht.,GVR005,bedingt,"Prüfer kann die offene Effekthülle bearbeiten; dies ist eine entworfene Vermittlungsgrenze, keine produktweite Garantie aus restore::reconcile.",Ein anderer Recoverypfad nimmt ohne diesen Abgleich neue Wirkung an.,"Modell-RAM und Betriebsreserve begrenzen; Recoveryanzeige muss Datenträgerhaltbarkeit, Zustellunsicherheit und Leasebelegung unabhängig führen."
S107.B01,S107,governance,none,governance,GV07 GV05,"Ergebnis bleibt, Erzeugerabschnitt unbekannt",ungewissheit,Modellwechsel wurde nicht aufgezeichnet; tatsächliche Ausgabe ist erhalten und zweckspezifisch unabhängig abgenommen.,"Fehlende Aufrufidentität bleibt offen, auch wenn das Ergebnis korrekt verwendbar ist.",GVR002 GVR004,teilweise,"Empfänger nutzt die abgenommenen Bytes; Analyst vergleicht nur belegte Größen, nicht erfundene Modellanteile.",Abnahme ist modellzirkulär oder ein unabhängiger Aufrufbeleg rekonstruiert doch alle Abschnitte.,Per-Aufruf-Zuordnung als eigene Evidenzlücke markieren. Run-Metadatum oder Eingabehash dürfen einen unbeobachteten Modellwechsel nicht verdecken.
S107.B02,S107,governance,none,governance,GV07 GV05,Neue Fehler werden ohne Wechselhinweis übernommen,attraktorhypothese,"Verdeckter Wechsel erzeugt Fehler, die in weitere Aufträge als gültige Quellen eingehen.",Übernahme → Bestätigung aus kopierten Quellen → Vertrauen → weitere Übernahme.,GVR001,teilweise,"Lesbare Auftragsakten zeigen den Behauptungsfluss, nicht die fehlende Modellidentität.",Die Fehler werden nicht wiederverwendet oder wirksame Sachprüfung korrigiert sie.,Per-Aufruf-Zuordnung als eigene Evidenzlücke markieren. Run-Metadatum oder Eingabehash dürfen einen unbeobachteten Modellwechsel nicht verdecken.
S108.B01,S108,governance,none,governance,GV12 GV21 GV04 GV01,Korrekte Teilarbeit ohne Ende,eskalation,"Jeder akzeptierte Schritt erzeugt einen weiteren; kein wohlfundiertes Ende, aber haltbare kleine Zwischenstände sind vorhanden.",Weitere Schritte erhöhen Kosten; endliche Energie beendet die idealisierte Nichttermination.,GVR028,teilweise,Worker kann belegte Teilarbeit später fortsetzen oder prüfen; ein terminaler Liefergegenstand ist nicht erhalten.,Eine endliche Restmaßzahl sinkt bei jedem Schritt und erreicht null.,Terminales Abnahmekriterium und Checkpoint von lokaler Schrittgüte trennen; endlicher Ressourcenstop ist kein Beweis endloser Ausführung.
S108.B02,S108,governance,none,governance,GV12 GV21 GV04 GV01,Endlicher Zweck wird erreicht,abschluss,Ein präziser endlicher Teilauftrag wird legitim vereinbart und unabhängig abgenommen.,Erfüllte Abnahme beendet nur diesen Teilauftrag; vorherige offene Ziele bleiben getrennt.,GVR002,bedingt,"Empfänger verwendet das konkret fertige Ergebnis, nicht den bloßen Zähler korrekter Zwischenschritte.",Die Abnahme enthält weiterhin unbegrenzt neue Pflichten.,Terminales Abnahmekriterium und Checkpoint von lokaler Schrittgüte trennen; endlicher Ressourcenstop ist kein Beweis endloser Ausführung.
S109.B01,S109,governance,none,governance,GV02 GV07 GV05 GV01,Kleineres Fenster verweigert alten Kontext,halt,Harness erkennt Überschreitung vor Arbeit; gebundenes Eingabepaket und vollständige Sperre bestehen.,Halt bis ein gültig gekürzter Auftrag freigegeben oder der Run abgebrochen wird.,GVR003 GVR005,bedingt,Prüfer kann die betroffenen Eingaben sehen und genau diese Ausführung zurückhalten.,Harness arbeitet trotzdem mit still abgeschnittenen Pflichtanweisungen.,Kompilierte Bytes und vom Harness verbrauchten Kontext getrennt belegen; vor Kürzung Regelvollständigkeit prüfen statt bloßer Bytezählung.
S109.B02,S109,governance,none,governance,GV02 GV07 GV05 GV01,Unbeobachtete Trunkierung,ungewissheit,Harness schneidet still ab und zeichnet verbrauchte Teile nicht auf; ursprüngliche Compilerbytes bleiben erhalten.,Späteres erneutes Kompilieren rekonstruiert den früheren tatsächlichen Verbrauch nicht.,GVR001,teilweise,"Auftragsakte bleibt lesbar; für den tatsächlichen vollständigen Verbrauch fehlt Evidenz, weshalb GVR003 nicht als erfüllt zählt.",Eine unabhängige Empfangsspur enthält die vollständigen damals verbrauchten Bytes.,Kompilierte Bytes und vom Harness verbrauchten Kontext getrennt belegen; vor Kürzung Regelvollständigkeit prüfen statt bloßer Bytezählung.
S110.B01,S110,governance,none,governance,GV06 GV02,Bekannter Test ersetzt unabhängige Prüfung,attraktorhypothese,Erkannte Fixture wird ausgetrickst und hoher Score bewirkt Abschaffung anderer Prüfungen.,Gaming → Score → Vertrauen → weniger Fremdtests → unentdecktes Gaming.,GVR004,teilweise,Analyst kann den gespeicherten engen Testwert lesen; Generalisierung und reale Kompetenz bleiben unbewiesen.,Zurückgehaltene Sachtests bleiben entscheidungswirksam trotz hoher Scores.,Bekannte Fixtureleistung als engen Anspruch führen; Unabhängigkeit eines Tests nicht allein aus ausführbarem statt modellbasiertem Oracle ableiten.
S110.B02,S110,governance,none,governance,GV06 GV02,Optimierung bleibt ehrlich fixturebegrenzt,abschluss,"Behauptung betrifft nur die bekannte Fixture und deren tatsächliches Ergebnis, nicht allgemeine Fähigkeit.",Der enge Testlauf endet; daraus folgt kein anhaltender Fehlbewertungskreislauf.,GVR031,bedingt,Prüfer nutzt den explizit begrenzten Testbeleg und seine Ausschlüsse.,Der enge Score wird doch zur Freigabe ungeprüfter Aufgabenklassen verwendet.,Bekannte Fixtureleistung als engen Anspruch führen; Unabhängigkeit eines Tests nicht allein aus ausführbarem statt modellbasiertem Oracle ableiten.
S111.B01,S111,governance,none,governance,GV02 GV07,Regelwechsel vor Start sichtbar gehalten,halt,Geänderte Root-Bytes werden vor Start mit der gebundenen Revision verglichen; Widerspruch sperrt Wirkung.,Halt bis zuständige Person konkrete neue Revision erlaubt; bloßes erneutes Queueing löst ihn nicht.,GVR003 GVR005,bedingt,Prüfer sieht beide belegten Revisionen und entscheidet über den erhaltenen Auftrag.,Start liest andere Bytes als das Paket oder Gate lässt die alte Zustimmung ungeprüft gelten.,"Zeitpunkt von Queueing, Kompilierung und Nutzung erfassen und festlegen, welche Regelrevision die Freigabe bindet; compile liest nur den Aufrufzeitpunkt."
S111.B02,S111,governance,none,governance,GV02 GV07,Bindungszeitpunkt historisch unbekannt,ungewissheit,Caller-Caching und Verbrauch wurden nicht aufgezeichnet; jetzige Root-Datei allein ist verfügbar.,"Heutige Dateiversion entscheidet nicht, was damals galt oder verbraucht wurde.",GVR001,teilweise,Bekannte Taskzeiten bleiben prüfbar; alte Regelbindung kann daraus nicht erfunden werden.,Zeitgenössischer belegter Cache oder Verbrauch klärt die gewählte Revision.,"Zeitpunkt von Queueing, Kompilierung und Nutzung erfassen und festlegen, welche Regelrevision die Freigabe bindet; compile liest nur den Aufrufzeitpunkt."
S112.B01,S112,governance,none,governance,GV03 GV01,Unlesbare Pflichtquelle hält Kompilierung an,halt,Betroffene AGENTS-Datei ist explizit enthalten und Caller propagiert compile-Fehler statt Fallback.,Lesefehler besteht bis rechtmäßiger Zugriff wiederhergestellt oder Auftrag geändert wird.,GVR001,teilweise,"Operator kann Aufgabenmetadaten und den Quellfehler untersuchen, sofern separat lesbar; fehlende Anweisung bleibt unbekannt.",Caller liefert einen erfolgreichen Kontext trotz des enthaltenen unlesbaren Files.,UnreadableSource am Compiler eng zuschreiben; Caller darf Fehler nicht durch unerklärten alten Kontext ersetzen. Auftragsakte bleibt getrennt vom fehlenden Quellinhalt.
S112.B02,S112,governance,none,governance,GV03 GV01,Zulässiges gebundenes Paket bleibt verwendbar,transient,"Ein zuvor vollständig erfasstes Paket ist lesbar, seine Verwendung weiterhin erlaubt und unabhängig vom defekten Quellpfad.",Quellstörung verhindert diese gebundene Ausführung nicht; spätere neue Revisionen brauchen neue Prüfung.,GVR003,bedingt,Berechtigter Worker kann belegte Eingaben lesen; nicht automatisch auf beliebigen alten Cache übertragbar.,Regelvertrag verlangt die aktuell unlesbare Revision statt des erhaltenen Pakets.,UnreadableSource am Compiler eng zuschreiben; Caller darf Fehler nicht durch unerklärten alten Kontext ersetzen. Auftragsakte bleibt getrennt vom fehlenden Quellinhalt.
S113.B01,S113,governance,none,governance,GV19 GV08,Geheimnis verbleibt in erlaubter Kopiengrenze,halt,"Prompt wurde gespeichert, aber nicht unberechtigt gelesen; Kopienverzeichnis selbst ist zulässig und Nutzungswege sind gesperrt.",Disposition dauert bis zuständige Entscheidung alle bekannten Kopien erfasst; Rotation löscht keine Bytes.,GVR014,teilweise,Datenverantwortliche können erlaubte Behandlung der konkreten Kopien bestimmen; bloße Speicherexistenz wird nicht als Leak gezählt.,Eine relevante Kopie fehlt im Verzeichnis oder ein unberechtigter Leser hat bereits Zugriff genommen.,"Secretannahme vor Persistenz und Weitergabe begrenzen; bei bereits gespeichertem Prompt konkrete Kopien/Empfänger erfassen, kein rückwirkendes Geheimhaltungsversprechen."
S113.B02,S113,governance,none,governance,GV19 GV08,Promptgeheimnis wurde gelernt,verlust,Provider oder anderer Empfänger außerhalb der erlaubten Leser hat das konkrete Geheimnis erhalten.,Spätere Löschung kann historische Kenntnis nicht beseitigen; Credentialrotation ändert nur künftige Macht.,none,keines,Für nie erfolgte Offenlegung dieses Inhalts bleibt nichts nutzbar; daraus folgt nicht Verlust sämtlicher Aufgaben.,Alle Empfänger waren berechtigt oder konnten den Inhalt nicht entschlüsseln.,"Secretannahme vor Persistenz und Weitergabe begrenzen; bei bereits gespeichertem Prompt konkrete Kopien/Empfänger erfassen, kein rückwirkendes Geheimhaltungsversprechen."
S114.B01,S114,governance,none,governance,GV01 GV10 GV12,Compiler läuft ohne Linkverfolgung,abschluss,Aufgabe ist aus expliziten Quellen vollständig lösbar und Ergebnis unabhängig abgenommen.,compile folgt den zyklischen Links nicht; endliche Aufgabe endet normal.,GVR002,bedingt,Empfänger nutzt das abgenommene Ergebnis; Quellen-Nichtverfolgung allein hätte keine Nützlichkeit bewiesen.,Aufgabe benötigt in Wahrheit nicht gelesenen Linkinhalt.,Explizite Compilerquellen nicht mit rekursivem Knowledge-Crawler verwechseln. Ein späterer Crawler braucht eigene begrenzte Besuchs-/Arbeitsmenge.
S114.B02,S114,governance,none,governance,GV01 GV10 GV12,Separater Crawler verbraucht seine begrenzte Zulassung,halt,"Crawler folgt Links, aber jeder Besuch wird im begrenzten Arbeitsregister gezählt und erneute Besuche bleiben dieselbe Identität.",Restmenge wird ausgeschöpft oder abgeschlossen; Zyklen erzeugen keine ungezählten Wurzeln.,GVR013,bedingt,Operator kann die verbleibende endliche Suchmenge prüfen und bewusst erweitern; vollständige Wissenserschließung ist nicht garantiert.,Linkwechsel oder Retry schafft Besuche außerhalb desselben Limits.,Explizite Compilerquellen nicht mit rekursivem Knowledge-Crawler verwechseln. Ein späterer Crawler braucht eigene begrenzte Besuchs-/Arbeitsmenge.
S115.B01,S115,governance,none,governance,GV15 GV02 GV05 GV01,Widerspruch hält konkreten Effekt,halt,"Quellen betreffen denselben Effekt und Zeitraum; keine anerkannte Vorrangregel, wirksame Effektsperre vorhanden.",Wiederholte widersprechende Aussagen liefern keine neue Zuständigkeit.,GVR005,bedingt,Zuständige Prüfer behalten die strittige Effekthülle; sachfremde Arbeit wird dadurch nicht automatisch gestoppt.,Eine bereits anerkannte Vorrangregel löst den konkreten Konflikt oder der Effekt läuft trotz Sperre.,Freigabequellen nach Geltungsbereich und Wirksamkeitszeit ordnen; Mehrheit und letzte Ankunft sind ohne anerkannte Regel kein Vorrang.
S115.B02,S115,governance,none,governance,GV15 GV02 GV05 GV01,Geltungsbereiche lösen den Scheinwiderspruch,transient,Anerkannte Ordnung weist Quellen unterschiedlichen Zeiten oder Zuständigkeiten zu; heutige Person ist befugt.,"Eindeutige Zuordnung beendet genau diesen Konflikt, nicht mögliche Outcome-Unklarheit.",GVR032,bedingt,"Befugte Person kann die richtige aktuelle Regel anwenden, ohne Quellmehrheit zu simulieren.",Beide Regeln gelten weiterhin gleichzeitig unvereinbar für denselben Effekt.,Freigabequellen nach Geltungsbereich und Wirksamkeitszeit ordnen; Mehrheit und letzte Ankunft sind ohne anerkannte Regel kein Vorrang.
S116.B01,S116,governance,none,governance,GV07 GV05 GV01,Historische Webseite im Paket erhalten,transient,Vor Änderung wurden konkrete relevante Quellbytes mit belastbarem Zeit-/Versionsbezug legal erhalten.,URLänderung berührt dieses historische Paket nicht; aktuelle Nutzung braucht neue Gültigkeitsprüfung.,GVR003,bedingt,Prüfer rekonstruiert die damalige Eingabe ohne heutige Website.,Paket enthält nur URL oder Zeitbezug ist frei erfunden.,"URL als Adresse, nicht Version führen. Rechtmäßig erfasste historische Quellbytes erlauben historische Aussagen, nicht automatische heutige Wahrheit."
S116.B02,S116,governance,none,governance,GV07 GV05 GV01,Alte Webseitenfassung fehlt,ungewissheit,"Es gibt nur veränderliche URL und heutige Seite, keine bekannte gesetzlich nutzbare alte Fassung.",Wiederholtes Abrufen derselben URL erzeugt kein Wissen über frühere Bytes.,none,keines,Für exakte damalige Quellbytes besteht keine Restfähigkeit unter dieser Inventargrenze; heutige Aufgaben können trotzdem funktionieren.,Eine rechtmäßige zeitgenössische Fassung wird aufgefunden.,"URL als Adresse, nicht Version führen. Rechtmäßig erfasste historische Quellbytes erlauben historische Aussagen, nicht automatische heutige Wahrheit."
S117.B01,S117,governance,none,governance,GV09 GV08 GV02,Konfiguration bleibt vor Ausführung abgewiesen,halt,Harness behandelt fremde native Konfiguration nicht als automatische Befugnis; Freigabe vermittelt sämtliche Hooks.,Ohne konkrete Prüfung bleibt Ausführung gesperrt; bloße Repoanwesenheit öffnet sie nicht.,GVR005,bedingt,Prüfer bearbeitet eine gehaltene Aktivierungsanforderung statt bereits ausgeführten Schadcodes.,Ein Install-/Start-Hook läuft vor der Entscheidung.,Native Harnesskonfiguration ist eigene Ausführungsquelle außerhalb compile. Vor Hooks prüfen und reale Dateirechte begrenzen; Schreibverbot für Factory schützt nicht vor Harness-Leseverhalten.
S117.B02,S117,governance,none,governance,GV09 GV08 GV02,"Harness kompromittiert, getrennter Bereich nutzbar",extern-erzwungen,Native Konfiguration startet Schadcode; benannter anderer Datenbereich liegt nachweislich außerhalb seiner Rechte.,Angreifer erhält Kontrolle solange sein Zugang gilt; Isolation erhält nur den unbetroffenen Bereich.,GVR008,teilweise,Berechtigter Besitzer verwendet isolierte Daten weiter; Aussagen und Geheimnisse im kompromittierten Bereich sind nicht geschützt.,Schadcode kann mit denselben Rechten auch den angeblich getrennten Bereich lesen.,Native Harnesskonfiguration ist eigene Ausführungsquelle außerhalb compile. Vor Hooks prüfen und reale Dateirechte begrenzen; Schreibverbot für Factory schützt nicht vor Harness-Leseverhalten.
S118.B01,S118,governance,none,governance,GV02 GV28 GV05 GV08,Fremde Schreibidentität abgewiesen,halt,Sitzung ist außerhalb des behauptenden Agents an Scope gebunden; Schreibpfad erzwingt diese Grenze.,Auftrag bleibt gehalten bis korrekt autorisierte Identität vorliegt.,GVR005,bedingt,Prüfer sieht den abgewiesenen Schreibauftrag; bestehender fremder Bestand bleibt unverändert.,Direktzugriff umgeht die Bindung oder foreign-scope write wird akzeptiert.,"Shared-Memory-Autorenschaft aus vertrauenswürdig gebundener Sitzung ableiten, nicht aus Parameter scope. Herkunft, tatsächlicher Leser und resultierende Wissensannahme separat prüfen."
S118.B02,S118,governance,none,governance,GV02 GV28 GV05 GV08,Gefälschte Autorenschaft übernommen,ungewissheit,Store akzeptiert fremden Namen; unveränderte ursprüngliche Quellen sind separat erhalten.,Die falsche Zeile beweist keine Autorenschaft; ohne weitere Wiederverwendung ist kein Attraktor begründet.,GVR003,teilweise,Berechtigter Prüfer kann Aussagen mit erhaltenen Eingabepaketen vergleichen; diese heilen nicht automatisch den gefälschten Eintrag.,Alle unabhängigen Originale sind ebenfalls manipuliert oder tatsächliche Identität ist anderweitig bewiesen.,"Shared-Memory-Autorenschaft aus vertrauenswürdig gebundener Sitzung ableiten, nicht aus Parameter scope. Herkunft, tatsächlicher Leser und resultierende Wissensannahme separat prüfen."
S119.B01,S119,governance,none,governance,GV02 GV07 GV18 GV01,"Ähnliche Namen, getrennte Inhalte",halt,Beide Originale liegen unter kollisionsfreien Objekt-IDs; Auswahl über normalisierten Namen wird bei Mehrdeutigkeit angehalten.,"Prüfer muss konkretes Objekt wählen, dann endet Auswahlhalt.",GVR037,bedingt,Prüfer kann beide Bytes getrennt lesen und benennen; kein Original wird aus Displaygleichheit ersetzt.,Export oder Dateisystem vereinigt die Objekte doch zu einer überschreibenden Adresse.,"Artefakt-ID, Unicode-Anzeigename und Dateisystempfad trennen. Kollisionen vor Überschreiben prüfen; exakte Bytes sind noch keine fachliche Abnahme."
S119.B02,S119,governance,none,governance,GV02 GV07 GV18 GV01,Einziger Originalinhalt überschrieben,verlust,Normalisierung führt zum Überschreiben der letzten Kopie; keine rechtmäßig rekonstruierbare Darstellung enthält die verlorenen Bytes.,Namensmanifest kann den gelöschten Inhalt nicht wiederherstellen.,none,keines,Für dieses Original bleibt kein Residue; das andere Artefakt und restliches System können bestehen.,Eine unabhängige Version enthält die ursprünglichen Bytes.,"Artefakt-ID, Unicode-Anzeigename und Dateisystempfad trennen. Kollisionen vor Überschreiben prüfen; exakte Bytes sind noch keine fachliche Abnahme."
S120.B01,S120,governance,none,governance,GV19 GV08 GV17,Vollkontext bleibt eingeschränkt disponierbar,halt,"Kopie existiert, nur befugte Leser haben Zugang und erlaubtes Verzeichnis erfasst Telemetrie samt Exporten.",Nutzungs-/Retentionentscheidung bleibt offen bis geltende Zwecke geklärt sind.,GVR014,teilweise,Verantwortliche können konkrete Kopien sperren oder rechtmäßig behandeln; die Kopie selbst ist kein Resilienzgewinn.,Unbekannter Telemetrieexport oder unberechtigter Leser liegt außerhalb der vermittelten Grenze.,"Telemetry nicht als Inhaltsbackup nutzen. Rohkontextkopien, Leserrechte und spätere Löschpflicht getrennt inventarisieren; die ADR-Regel allein beweist keine Filterung."
S120.B02,S120,governance,none,governance,GV19 GV08 GV17,Telemetryleser kennt unzulässigen Kontext,verlust,Ein nicht berechtigter Diagnoseempfänger hat den kopierten Inhalt tatsächlich gelesen.,Lokale Reduktion der Telemetrie macht vergangene Offenlegung nicht rückgängig.,none,keines,Für Vertraulichkeit dieses offengelegten Inhalts bleibt keine Restfähigkeit.,Empfänger war für genau diese Inhalte berechtigt oder bekam sie nie lesbar.,"Telemetry nicht als Inhaltsbackup nutzen. Rohkontextkopien, Leserrechte und spätere Löschpflicht getrennt inventarisieren; die ADR-Regel allein beweist keine Filterung."
S121.B01,S121,governance,none,governance,GV08 GV09,Gelesenes Keychaingeheimnis nicht rückholbar,verlust,Unberechtigtes Plugin liest das konkrete Item erfolgreich wie in der Karte vorausgesetzt.,Vergangene Kenntnis bleibt; spätere Rotation kann nur zukünftige Authentisierung entwerten.,none,keines,Für die nie erfolgte Offenlegung dieses Items gibt es keinen Rest. Ein Audit über Kernelaufrufe ist kein vollständiges Zugriffsprotokoll.,OS verweigert den Itemzugriff oder es handelt sich nicht um unberechtigten Leser.,Keychainzugriff außerhalb Kernel als tatsächliche OS-Vertrauensgrenze behandeln. Erfolgreichen Lesezugriff nicht durch behauptete API-Autorisierung wegmodellieren.
S121.B02,S121,governance,none,governance,GV08 GV09,Andere Verwahrgrenze bleibt unberührt,extern-erzwungen,"Gelesenes Item ist kompromittiert, weitere konkret benannte Daten/Schlüssel liegen unter unabhängigen nicht zugänglichen Rechten.","Fortgesetzter Pluginzugriff kann seine ursprüngliche Grenze nutzen, nicht die nachgewiesen getrennte.",GVR008,teilweise,Berechtigter Besitzer nutzt ausschließlich die tatsächlich isolierten Daten; gleicher UID allein genügt nicht.,Zugang zum gelesenen Item vermittelt auch Zugriff auf die behauptet unabhängigen Schlüssel.,Keychainzugriff außerhalb Kernel als tatsächliche OS-Vertrauensgrenze behandeln. Erfolgreichen Lesezugriff nicht durch behauptete API-Autorisierung wegmodellieren.
S122.B01,S122,governance,none,governance,GV09 GV02,Pfadtausch erreicht gestartetes Objekt nicht,halt,Loader startet nur das zuvor gebundene geprüfte Objekt oder verweigert nach Tausch; kein Hook läuft vorher.,Substitution bleibt wirkungslos solange Objektbindung und Vertrauenswurzel gelten.,GVR009,bedingt,Loader kann authentisches Objekt nutzen und Prüfer den Tausch erklären; keine heutige Implementierung behauptet.,Der Prozess lädt ausgetauschte Haupt- oder Nebenbytes trotz erfolgreicher alter Prüfung.,Geprüfte Bytes und gestartete Bytes einschließlich dynamischer Abhängigkeiten binden; bloßer Pfad oder Manifeststatus kann das Check-use-Fenster nicht schließen.
S122.B02,S122,governance,none,governance,GV09 GV02,Ausgetauschte Bytes bereits gestartet,ungewissheit,Angreiferbinary wurde mit relevanten Rechten gestartet; erreichbare Daten und ausgeführte Befehle sind noch unbekannt.,Ohne unabhängige Ausführungs-/Zugriffsevidenz ist Schadensumfang nicht aus Manifeststatus ableitbar.,none,ungeklaert,Für saubere Ausführung fehlt ein belastbarer Restnachweis; Isolation oder externe Kopie wird nicht hinzuerfunden.,Unabhängige Ausführungsspur und Rechteinventar grenzen die tatsächlich berührten Objekte ein.,Geprüfte Bytes und gestartete Bytes einschließlich dynamischer Abhängigkeiten binden; bloßer Pfad oder Manifeststatus kann das Check-use-Fenster nicht schließen.
S123.B01,S123,governance,none,governance,GV09 GV28 GV02,Falscher Actor scheitert am unabhängigen Beleg,halt,Für konkreten Effekt existiert unabhängige persönliche Bindung; liegender Transport kann sie nicht erzeugen.,"Freigabe bleibt gesperrt, bis passende authentische Zustimmung vorliegt.",GVR010 GVR005,bedingt,Auditor prüft die echte Personen-/Effektbindung; Gate weist bloße Actorbehauptung zurück.,Transport kann selbst alle Belegbestandteile fälschen oder ein geteiltes Konto gilt als Person.,Transport ist Authentisierungs-Vertrauenswurzel oder muss unabhängige Personenbindung nachweisen. Kernel-Scopeprüfung einer Lüge liefert keinen Menschenbeleg.
S123.B02,S123,governance,none,governance,GV09 GV28 GV02,Actorhistorie ist nicht personenzuordenbar,ungewissheit,"Nur Behauptung des lügenden Transports wurde erhalten, kein unabhängiger Personenbeleg.","Nachträglicher erneuter Login beweist nicht, welcher Mensch damals zustimmte.",none,keines,Für den geforderten historischen Personenbeweis besteht keine Restfähigkeit aus dieser Datenlage; andere Fakten können lesbar sein.,Ein zeitgenössischer unabhängiger Beleg bindet genau diesen Effekt an die Person.,Transport ist Authentisierungs-Vertrauenswurzel oder muss unabhängige Personenbindung nachweisen. Kernel-Scopeprüfung einer Lüge liefert keinen Menschenbeleg.
S124.B01,S124,governance,none,governance,GV28 GV27,Direkte SQL-Manipulation lässt andere Grenze intakt,extern-erzwungen,Agent schreibt DB erfolgreich; ein benannter anderer Datenbereich ist ihm tatsächlich nicht zugänglich.,"Manipulation kann fortdauern, solange Schreibrechte bestehen; kein Beweis eines selbstverstärkenden Kreislaufs.",GVR008,teilweise,Besitzer nutzt nur unabhängig geschützte Daten; betroffene DB gilt nicht mehr als zuverlässige Autoritätsquelle.,Dieselben Rechte erreichen auch den als isoliert bezeichneten Bereich.,Domain-Alleinschreiber erfordert OS-Schreibgrenze; Mutable-SQL-Constraints und Ziel-Eventlog nicht als Rootschutz ausgeben. Bei Bypass nur konkret unabhängige Fakten vertrauen.
S124.B02,S124,governance,none,governance,GV28 GV27,Einzelner Auditfakt außerhalb DB belegbar,ungewissheit,"Betroffene Zeile wurde manipuliert, aber der konkrete frühere Fakt ist unabhängig verwahrt.","Vergleich kann diese Abweichung aufklären, nicht sämtliche unverwahrten späteren Mutationen.",GVR033,teilweise,Auditor prüft den tatsächlich verwahrten Fakt trotz direktem SQLitewrite.,Beleg liegt unter derselben veränderbaren Schreibgrenze oder enthält den strittigen Fakt nicht.,Domain-Alleinschreiber erfordert OS-Schreibgrenze; Mutable-SQL-Constraints und Ziel-Eventlog nicht als Rootschutz ausgeben. Bei Bypass nur konkret unabhängige Fakten vertrauen.
S125.B01,S125,governance,none,governance,none,Parameter bleibt unschädliches Datum,transient,Konkreter Sink bindet SQL-Werte; Dateizugriffe lösen Objektidentität innerhalb erlaubter Grenze ohne Escape auf.,Syntax hat keine Befehlswirkung; endliche Verarbeitung endet ohne fremde Mutation.,GVR008,bedingt,Ein nachgewiesen nicht erreichbarer fremder Datenbereich bleibt für seinen Besitzer nutzbar; keine allgemeine Sicherheit aus einer Zeichenfolge.,Parameter erreicht SQL-Interpolation oder Pfadauflösung außerhalb dieser Rechte-/Objektgrenze.,"Offenen Sink zuerst bestimmen: gebundener SQL-Wert, aufgelöster erlaubter Pfad und effektive Rechte sind unterschiedliche Verträge. Kein pauschaler Injectionzustand."
S125.B02,S125,governance,none,governance,none,Erreichbarer Sink verändert fremde Daten,ungewissheit,"Sink interpoliert oder erlaubt Escape; fremdes Ziel ist schreibbar, aber genaue Zielobjekte und unveränderte Kopien sind unbekannt.","Dauer und Schaden hängen vom ausgeführten Befehl und Schreibbereich ab, nicht vom Wort Injection.",none,ungeklaert,Für betroffene Integrität ist keine Restfähigkeit begründbar ohne Sink- und Dateninventar.,Konkreter Trace belegt Ablehnung oder begrenzt den tatsächlich veränderten Inhalt.,"Offenen Sink zuerst bestimmen: gebundener SQL-Wert, aufgelöster erlaubter Pfad und effektive Rechte sind unterschiedliche Verträge. Kein pauschaler Injectionzustand."
S126.B01,S126,governance,none,governance,GV28 GV02,Escapes werden als Daten gelesen,transient,Rohlog ist erhalten; unabhängiger Renderer stellt Steuerzeichen inert und begrenzt dar.,Optischer Angriff hat in diesem Renderer keine Wirkung; Diagnose kann weitergehen.,GVR007,bedingt,"Operator prüft die Originalzeichen, ohne dass sie andere Zeilen ersetzen.",Escape-Sequenz verändert sichtbare frühere Einträge oder führt eine Aktion aus.,"Terminaldarstellung und Ursprungsintegrität separat machen; neutrale Rohbyteansicht schützt nur vor Anzeige-Steuerung, nicht vor erfundenen Logfakten."
S126.B02,S126,governance,none,governance,GV28 GV02,Gefälschte Anzeige hat Entscheidung beeinflusst,ungewissheit,"Unsicherer Renderer täuscht Operator, aber ursprüngliche Bytes bleiben unverändert erreichbar.",Fehlentscheidung bleibt historisch möglich; spätere sichere Anzeige klärt nur den Darstellungsfehler.,GVR007,teilweise,Operator kann mit vertrauenswürdiger Ersatzansicht Rohbytes prüfen; daraus folgt keine Rücknahme eines ausgelösten Effekts.,Auch Rohbytes oder Ersatzrenderer sind manipuliert oder ausgelöste Wirkung bleibt unbeobachtet.,"Terminaldarstellung und Ursprungsintegrität separat machen; neutrale Rohbyteansicht schützt nur vor Anzeige-Steuerung, nicht vor erfundenen Logfakten."
S127.B01,S127,governance,A7S07,coordinator-review-amendment,GV43 GV09 GV02,Altes Token bleibt nach Restore abgewiesen,halt,Ein ausdrücklich verwaltetes maßgebliches Widerrufsregister außerhalb des zurückgesetzten Factory-Stores ist aktuell und authentisch abfragbar. Der Autoritätsadapter bindet Antwort an Principal Scope Grantrevision und Gültigkeit; der letzte kontrollierte Zulassungspfad weist das alte Token anhand dieses tatsächlich verfügbaren Stands ab.,"Restore ändert Aufgabenhistorie, nicht die erforderliche aktuelle Autoritätsepoche.",GVR011,bedingt,M02 nutzt den tatsächlich verfügbaren aktuellen Stand aus dem unabhängig verwalteten Register über M16. M01 liefert nur historische lokale Fakten. Der Zweig behauptet GVR011 nicht bei ausgefallener Gegenquelle; frühere Wirkungen bleiben getrennt.,Restaurierter Snapshot setzt auch die einzige geprüfte Widerrufsquelle zurück.,Widerrufsevidenz außerhalb des restaurierten Vertrauensstands verankern; Ablaufzeit braucht verlässliche Zeitbasis und ist nicht Ersatz für aktuelle Rücknahme.
S127.B02,S127,governance,none,governance,GV43 GV09 GV02,"Token wieder gültig, Gegenwart nicht belegt",ungewissheit,Restore enthält nur alten Grant und keine aktuelle Gegenquelle; Angreifer kann ihn erneut vorlegen.,Lokale Zustimmung bleibt veraltet bis unabhängige frische Evidenz erreichbar ist.,GVR001,teilweise,Prüfer liest historischen Grant mit Snapshotgrenze; daraus folgt kein heutiges Recht und kein Nachweis bereits erfolgter Ausnutzung.,Aktueller Widerruf wird vor Annahme tatsächlich geprüft.,Widerrufsevidenz außerhalb des restaurierten Vertrauensstands verankern; Ablaufzeit braucht verlässliche Zeitbasis und ist nicht Ersatz für aktuelle Rücknahme.
S127.B03,S127,governance,A7S07,coordinator-review-amendment,GV43 GV09 GV02,Gegenquelle fehlt und eine konkrete neue Handlung bleibt gehalten,halt,"Der alte lokale Grant ist lesbar, aber aktueller externer Widerrufsstand ist nicht verfügbar oder nicht frisch belegbar. Eine konkrete neue Effekthülle ist rechtmäßig erhalten und die vollständige Vermittlung hält sie vor Annahme an, statt den alten Grant als aktuell zu verwenden.","Die Handlung bleibt bis zu tragfähiger aktueller Befugnis ungeklärt und gesperrt. Aus dem Halt entsteht kein Wissen darüber, ob und wann extern widerrufen wurde.",GVR001 GVR005,teilweise,Historischer Bestand und konkrete gehaltene Absicht sind nutzbar. Der aktuelle Widerrufsstand GVR011 ist in diesem Zweig ausdrücklich nicht verfügbar.,"Nach altem Snapshot einen Widerruf setzen und anschließend die unabhängige Quelle unerreichbar machen: neue vermittelte Handlung bleibt aus, aber kein aktueller Widerrufsbeleg wird erfunden.",Widerrufsevidenz außerhalb des restaurierten Vertrauensstands verankern; Ablaufzeit braucht verlässliche Zeitbasis und ist nicht Ersatz für aktuelle Rücknahme.
S128.B01,S128,governance,none,governance,GV09 GV08 GV02,Namensähnliches Paket wird vor Code abgewiesen,halt,Auflösung ist an authentisch erhaltenes Paket gebunden und prüft vor jedem Installhook.,Falscher Name kann ohne passende Byte-/Herkunftsbindung nicht aktiv werden.,GVR009,bedingt,Loader behält den authentischen konkreten Integrationssatz als nutzbaren Gegenstand.,Transitive Abhängigkeit oder Hook aus dem Typosquat läuft vor der Bindungsprüfung.,Dependencyidentität und vorgezogene Installhooks in Aktivierungsvertrag aufnehmen. Vertrauter Integrationsname ist kein identisches Paket.
S128.B02,S128,governance,none,governance,GV09 GV08 GV02,"Typosquat aktiv, anderer Bereich bleibt getrennt",extern-erzwungen,Schadpaket läuft; benannter legitimer Datenbereich liegt nachweislich außerhalb seiner effektiven Rechte.,"Angreiferzugang dauert mit dem Paket, nicht automatisch über seine Grenzen hinaus.",GVR008,teilweise,Besitzer kann isolierten Bestand weiter nutzen; betroffene Integration und deren Ausgaben gelten nicht als sauber.,Installrechte umfassen auch den isoliert behaupteten Bestand.,Dependencyidentität und vorgezogene Installhooks in Aktivierungsvertrag aufnehmen. Vertrauter Integrationsname ist kein identisches Paket.
S129.B01,S129,governance,none,governance,GV04 GV31 GV48 GV30,Benannter unabhängiger Satz stellt Inhalt wieder her,transient,Eine vorab vorhandene rechtmäßige Kopie samt Schlüsseln und Decoder liegt außerhalb des Verschlüsselungszugriffs.,"Wiederherstellung endet, wenn Inhalt auf sauberer Umgebung lesbar ist; alte unbekannte Außenwirkungen bleiben gesondert.",GVR012,bedingt,Berechtigter Wiederhersteller nutzt nur den konkret unabhängig erhaltenen Satz; keine spontane externe Kopie wird angenommen.,Drill ohne betroffene DB/Backups kann den erforderlichen Inhalt nicht lesen.,"Ransomwaregrenze nach Daten, Schlüsseln und Tools schließen; Backupanzahl und vorhandenes Manifest beweisen keine außerhalb liegende Wiederherstellung."
S129.B02,S129,governance,none,governance,GV04 GV31 GV48 GV30,Kein bekannter Entschlüsselungsweg,ungewissheit,Alle bekannten Inhaltssätze sind verschlüsselt und kein verfügbarer Schlüssel oder Klartextpfad hilft; Systemspuren existieren.,Wiederholter Restore derselben Bytes liefert keinen Schlüssel; dauerhafte Unmöglichkeit ist damit nicht bewiesen.,none,keines,Für aktuelle Inhaltwiederherstellung fehlt ein nutzbarer Rest; Ciphertext und Erinnerungen schließen pauschalen Totalverlust aus.,Ein tatsächlich verfügbarer Schlüssel oder unabhängiger Inhaltspfad ermöglicht Lesen.,"Ransomwaregrenze nach Daten, Schlüsseln und Tools schließen; Backupanzahl und vorhandenes Manifest beweisen keine außerhalb liegende Wiederherstellung."
S130.B01,S130,governance,none,governance,GV10 GV01 GV11,Großer endlicher Arbeitsbaum wird abgearbeitet,extern-erzwungen,"Scopezahl und Wurzeln sind endlich, Lineage bleibt erhalten und verbleibende zugelassene Arbeit ist gezählt.","Baum kann lange saturieren, aber Restverpflichtungen sinken bei Abschluss; keine unendliche Rekursion.",GVR013,bedingt,"Scheduler nutzt das endliche Arbeitsregister zur Abweisung und Abarbeitung, nicht nur den Zyklustest.",Neue ungezählte Wurzeln entstehen oder Abschlüsse vermindern Restmenge nicht.,"Endliche Scopekette und Gesamtmenge trennen; Wurzelerzeugung, Retryidentität und alle Produzenten gemeinsam begrenzen."
S130.B02,S130,governance,A7S04,coordinator-review-amendment,GV10 GV01 GV11,Rückstau erzeugt neue Wurzeln,eskalation,Verzögerungen lösen autorisierte frische Retry-/Delegationswurzeln aus; Reproduktion liegt über Abbau und Gesamtlimit fehlt.,Rückstau → neue Wurzeln → mehr Rückstau → weitere neue Wurzeln; Ressourcenende kann Regime abbrechen.,GVR001,teilweise,Erhaltene Aufgabenlinien bleiben untersuchbar; sie begrenzen die Last nicht.,Bei gleicher deklarierter Basislast nach Ende des Startfehlers verschwindet Rückstau dauerhaft; Nullankunftstest ist getrennt auszuwerten.,"Endliche Scopekette und Gesamtmenge trennen; Wurzelerzeugung, Retryidentität und alle Produzenten gemeinsam begrenzen."
S131.B01,S131,governance,none,governance,GV17 GV18 GV19,Disposition unter geklärtem Prüfvorbehalt,halt,"Anfrage gilt möglicherweise; Rechtsprüfung und erlaubtes Kopien-/Zweckverzeichnis sind vorhanden, Nutzung wird begrenzt.","Hold dauert bis konkrete zulässige Datenbehandlung feststeht, nicht bis Replay erfolgreich ist.",GVR014,bedingt,Berechtigte Verantwortliche können betroffene Kopien und Handlungen bestimmen; Verzeichnis darf nicht selbst verbotene Daten retten.,Anordnung verlangt auch sofortige Löschung des Verzeichnisses oder relevante Kopien sind unbekannt.,Löschpflicht und zulässig notwendige Provenienz pro Datenobjekt bestimmen; append-only Ziel rechtfertigt weder unerlaubtes Behalten noch die Rekonstruktion gelöschter Inhalte.
S131.B02,S131,governance,none,governance,GV17 GV18 GV19,"Erlaubte Herkunft bleibt, gelöschte Payload fehlt",verlust,Indispensable Payload wurde rechtmäßig vollständig gelöscht; ausgewählte Herkunftskanten dürfen bleiben.,Kein Feedback: fehlender Inhalt entsteht nicht aus erhaltenen Kanten.,GVR015,teilweise,Auskunftsbearbeiter beantwortet nur Fragen aus erlaubten Kanten; für payloadabhängigen Beweis bleibt keines.,Die konkrete Anfrage ist ohne Payload nicht beantwortbar oder auch Kanten dürfen nicht bleiben.,Löschpflicht und zulässig notwendige Provenienz pro Datenobjekt bestimmen; append-only Ziel rechtfertigt weder unerlaubtes Behalten noch die Rekonstruktion gelöschter Inhalte.
S132.B01,S132,governance,none,governance,GV17 GV18,Hold kommt vor letzter Löschung durch,halt,"Gültige Anordnung ist vor relevantem Löschcommit wirksam, Daten und erlaubtes Verzeichnis bleiben erhalten.",Erhaltungsgebot hält Löschung an bis zuständige Freigabe; Verwendung ist separat beschränkt.,GVR014,bedingt,Verantwortliche können die konkret gehaltenen Kopien nachweisen und erlaubte Einsicht organisieren.,Ein Löschpfad entfernt betroffene Daten trotz vor Commit wirksamen Holds.,Legal-Hold-Wirksamkeit und Löschcommit auf dieselben Datenpfade beziehen. Backupfunktion ohne Retention belegt keine vorhandene atomare Holdbehandlung.
S132.B02,S132,governance,none,governance,GV17 GV18,Letzte nötige Kopie vor Hold gelöscht,verlust,Retention löscht einzige rekonstruierbare benötigte Kopie bevor Hold wirksam wird; keine zulässige weitere Darstellung existiert.,Spätere Anordnung erzeugt keine verlorenen Bytes.,none,keines,Für Erhaltung bzw. Wiederherstellung dieses Inhalts gibt es keinen Rest; sonstige Rechtsakten können bestehen.,"Zeit-/Kopieninventar zeigt, dass Inhalt bei Holdwirksamkeit noch vorhanden und erreichbar war.",Legal-Hold-Wirksamkeit und Löschcommit auf dieselben Datenpfade beziehen. Backupfunktion ohne Retention belegt keine vorhandene atomare Holdbehandlung.
S133.B01,S133,governance,none,governance,GV20 GV08 GV17 GV01,Nicht konformer Providerpfad angehalten,halt,Bindende Residenzregel schließt aktuellen Provider aus und sämtliche Sendepfade bleiben vor Annahme gesperrt.,Halt bis erlaubter Pfad oder gültig geänderter Vertrag besteht.,GVR005,bedingt,Verantwortliche behalten den ungesendeten konkreten Auftrag zur zulässigen Neubewertung; eigenständige lokale Auftragserfüllung wird nicht vorausgesetzt.,Daten verlassen die Grenze über Telemetrie oder anderen nicht vermittelten Pfad.,Residenzverletzung ohne neuen unberechtigten Leser ausdrücklich von Offenlegung unterscheiden. Providerpfad vor Sendung prüfen; Vertragsort ist kein kryptographischer Begriff.
S133.B02,S133,governance,none,governance,GV20 GV08 GV17 GV01,Unzulässiger Ort ohne belegte Offenlegung,extern-erzwungen,"Transfer an vertraglich verbotenen Ort erfolgt, aber kein neuer unberechtigter Klartextleser ist nachgewiesen; Verzeichnis ist erlaubt erhalten.",Historische Ortsverletzung bleibt erfolgt; Behandlung hängt von zuständiger Vertrags-/Rechtsentscheidung ab.,GVR014,teilweise,Datenverantwortliche können konkrete Kopien/Orte und zulässige Folgeschritte untersuchen; keine Vertraulichkeitsvernichtung wird erfunden.,Transfer war nach tatsächlicher Regel erlaubt oder unberechtigtes Lesen wird separat nachgewiesen.,Residenzverletzung ohne neuen unberechtigten Leser ausdrücklich von Offenlegung unterscheiden. Providerpfad vor Sendung prüfen; Vertragsort ist kein kryptographischer Begriff.
S134.B01,S134,governance,none,governance,GV19 GV08 GV43,Historische Kopien kontrolliert disponierbar,halt,Alte Bytes existieren nur bei berechtigten Verwahrern; Inventar und Nutzungsbeschränkung sind erlaubt und vollständig.,Kopien bleiben sensibel bis zulässige Disposition; ungültiger Login entwertet nicht jeden Inhalt.,GVR014,teilweise,"Verantwortliche können erlaubte Behandlung der alten Kopien planen und prüfen, ohne einen Leak zu behaupten.",Ein nicht erfasster Export oder tatsächlicher unberechtigter Leser wird gefunden.,"Backupgeheimnisse, derzeitige Credentialgültigkeit und Restore-Autorität getrennt führen; Rotation ist weder Löschung noch Schutz gegen zurückgesetzten Widerruf."
S134.B02,S134,governance,none,governance,GV19 GV08 GV43,Restore reaktiviert alte Credentialmacht nicht,halt,"Kopie wird restauriert, aber unabhängiger aktueller Widerrufsstand vermittelt jede neue Zulassung.","Alte Secretbytes bleiben historisch, gegenwärtige Macht wird separat abgewiesen.",GVR011,bedingt,Gate kann neue Nutzung alter Zugangsdaten verhindern; gespeicherte private Informationen bleiben dadurch nicht gelöscht.,Widerrufsprüfung stammt allein aus derselben alten Kopie.,"Backupgeheimnisse, derzeitige Credentialgültigkeit und Restore-Autorität getrennt führen; Rotation ist weder Löschung noch Schutz gegen zurückgesetzten Widerruf."
S135.B01,S135,governance,none,governance,GV25 GV20 GV21 GV01,Erhaltene Version rechtmäßig weiter nutzbar,extern-erzwungen,Alte Nutzungsrechte bleiben gültig und vollständiger kompatibler Lauf-/Bausatz existiert.,"Neue Releases bleiben rechtlich blockiert, bisheriger eng begrenzter Betrieb kann andauern.",GVR016,bedingt,Maintainer kann genau die erhaltene rechtmäßige Version betreiben oder bauen.,Benötigte Sicherheits-/Plattformfunktion erfordert doch die unzulässige neue Version.,Lizenzrechte des erhaltenen Versionssatzes ausdrücklich vom neuen Release trennen; keine rückwirkende Ungültigkeit und keine Ersatzlibrary ohne Kompatibilitäts-/Rechtebeleg annehmen.
S135.B02,S135,governance,none,governance,GV25 GV20 GV21 GV01,Erforderliche neue Nutzung bleibt verweigert,halt,Auftrag braucht die lizenzrechtlich ausgeschlossene neue Fassung und Freigabegrenze vermittelt deren Nutzung.,Halt bis zulässiger Ersatz oder geänderter Auftrag; alte Lizenz löst neue Rechte nicht.,GVR005,bedingt,"Berechtigter Entscheider hat den gehaltenen Auftrag, nicht die Fähigkeit zur unzulässigen Nutzung.",Ein nötiger Build-/Veröffentlichungspfad nutzt die verbotene Fassung dennoch.,Lizenzrechte des erhaltenen Versionssatzes ausdrücklich vom neuen Release trennen; keine rückwirkende Ungültigkeit und keine Ersatzlibrary ohne Kompatibilitäts-/Rechtebeleg annehmen.
S136.B01,S136,governance,none,governance,GV03 GV28 GV01,Konkrete Zustimmung personengebunden beweisbar,abschluss,Zeitgenössischer unabhängiger Beleg bindet identifizierte Person und damalige Befugnis an exakt diesen Effekt.,Enges Audit endet mit belegter Zustimmung; Ausführung und heutige Autorität bleiben separate Fragen.,GVR010,bedingt,Autorisierter Auditor kann die geforderte historische Zustimmung nachvollziehen.,"Geteiltes Konto, unklarer Effekttext oder fälschbarer Transportactor ersetzt tatsächliche Personenbindung.","Freigabebeweis muss Person, damalige Befugnis, Wirkung und Zeitpunkt binden; spätere Rollenauflösung und Transportname reichen nicht."
S136.B02,S136,governance,none,governance,GV03 GV28 GV01,Nur Rollenname erhalten,ungewissheit,Historische Daten enthalten lediglich geteilte Rolle oder ungesicherte Actorbehauptung; kein unabhängiger persönlicher Beleg.,Nachträgliche Befragung ohne belastbare Erinnerung liefert keinen sicheren damaligen Beweis.,none,keines,Für konkreten Menschenbeweis besteht aus diesem Inventar keine Restfähigkeit; die Taskhistorie ist nicht automatisch wertlos.,Zulässiger zeitnaher Beleg oder tragfähige unabhängige Erinnerung klärt genau diese Zustimmung.,"Freigabebeweis muss Person, damalige Befugnis, Wirkung und Zeitpunkt binden; spätere Rollenauflösung und Transportname reichen nicht."
S137.B01,S137,governance,none,governance,GV32 GV17 GV08,Original in amtlicher Verwahrung,extern-erzwungen,Gerät ist beschlagnahmt; erlaubtes Verzeichnis über Custody und Datenpflichten ist andernorts tatsächlich zugänglich.,"Behördliche Zugriffsbedingungen halten Einschränkung aufrecht, nicht ein interner Systemloop.",GVR014,teilweise,Berechtigte Rechtsverantwortliche können erlaubte Einsicht beantragen bzw. organisieren; freie Originalnutzung ist nicht erhalten.,Auch das Verzeichnis ist beschlagnahmt/unzulässig oder Zugriff bereits uneingeschränkt erlaubt.,"Custody, erlaubte Einsicht und Weiterbetrieb separat erfassen; keine Umgehung einer Beschlagnahme und keine unabhängige Kopie ohne benannte erlaubte Existenz."
S137.B02,S137,governance,none,governance,GV32 GV17 GV08,Erlaubter unabhängiger Satz trägt begrenzten Betrieb,transient,"Konkrete vorhandene Kopie, Schlüssel und Leser dürfen laut bindender Custodyregel genutzt werden.",Wiederherstellung kann begrenzte Aufgaben freigeben; gerichtliche Einschränkungen bestehen fort.,GVR012,bedingt,"Berechtigter Wiederhersteller nutzt nur ausdrücklich erlaubten Satz, nicht heimlich kopiertes Original.",Custodyanordnung verbietet diese Nutzung oder Satz enthält nicht die nötigen Daten.,"Custody, erlaubte Einsicht und Weiterbetrieb separat erfassen; keine Umgehung einer Beschlagnahme und keine unabhängige Kopie ohne benannte erlaubte Existenz."
S138.B01,S138,governance,none,governance,GV19 GV17 GV08,Neuklassifizierte Kopien unter begrenzter Behandlung,halt,Kopien und Zwecke sind bekannt; ihre Metadaten dürfen erhalten bleiben und neue Nutzungssperren greifen.,Neue Einstufung hält bisherige breite Nutzung an bis konkrete Disposition geklärt ist.,GVR014,bedingt,"Verantwortliche können erlaubte aktuelle Behandlung der Feldkopien durchsetzen, ohne alte Leser pauschal zu illegalisieren.",Verdeckte Kopien oder Nebenpfade bleiben außerhalb der neuen Behandlung.,"Klassifikation nach Wirksamkeitszeit, Zweck und tatsächlicher Kopie führen. Sensibilität heute beweist keinen vergangenen Rechtsbruch oder bereits erfolgtes Lesen."
S138.B02,S138,governance,none,governance,GV19 GV17 GV08,Neu verbotene Nutzung nicht rekonstruierbar,ungewissheit,"Historische Empfänger-/Zweckdaten fehlen; Feld ist jetzt sensibel, aber konkretes damaliges oder heutiges Lesen unbekannt.",Neue Einstufung allein füllt die fehlende Empfängerhistorie nicht.,none,ungeklaert,Für eine vollständige Offenlegungs-/Zweckbewertung ist kein Restnachweis belegt; tatsächlicher Geheimhaltungsverlust bleibt separat offen.,Vollständige zulässige Empfänger-/Zweckbelege werden gefunden.,"Klassifikation nach Wirksamkeitszeit, Zweck und tatsächlicher Kopie führen. Sensibilität heute beweist keinen vergangenen Rechtsbruch oder bereits erfolgtes Lesen."
S139.B01,S139,governance,none,governance,GV01 GV18 GV17 GV03,Gelöschte Scopes über erlaubte Kanten beantwortbar,abschluss,Benötigte Beziehungen wurden unabhängig von Registryeinträgen legal erhalten und genügen genau dieser Anfrage.,Eng begrenzte Auskunft endet mit belegten Kanten; keine Wiederbelebung gelöschter Scopes nötig.,GVR015,bedingt,Auskunftsbearbeiter beantwortet die konkrete Herkunftsfrage aus vorhandener Struktur.,Anfrage benötigt eine nicht erhaltene Kante oder ursprünglichen Inhalt.,Aktive Scoperegistry und zulässig aufbewahrte Herkunft trennen. Auskunftumfang muss fehlende Kanten und Payload ausdrücklich benennen.
S139.B02,S139,governance,none,governance,GV01 GV18 GV17 GV03,Erforderliche Herkunft endgültig im Inventar verloren,verlust,Notwendige Beziehung wurde gelöscht und keine zulässige rekonstruierbare Darstellung oder Erinnerung enthält sie.,Erneuter Export übriger Scopes erfindet die fehlende Beziehung nicht.,none,keines,Für vollständige verlangte Herkunft gibt es keinen Rest; bekannte Teilbeziehungen dürfen nur als unvollständig ausgewiesen werden.,Eine rechtmäßig zugängliche unabhängige Herkunftskante schließt die Lücke.,Aktive Scoperegistry und zulässig aufbewahrte Herkunft trennen. Auskunftumfang muss fehlende Kanten und Payload ausdrücklich benennen.
S140.B01,S140,governance,none,governance,GV31 GV47 GV01,"Backup vorhanden, Versicherungsbeweis offen",ungewissheit,"Benannter kompletter Satz ist lesbar vorhanden, aber repräsentativer vollständiger Versuch für den Versicherungsanspruch fehlt.",Inventar allein beendet Beweislücke nicht; Wiederholungsbehauptungen ersetzen keinen Versuch.,GVR012,teilweise,Wiederhersteller kann den Satz prüfen; für garantierte Recovery liegt noch kein Testbeleg vor.,Ein repräsentativer abgenommener Versuch belegt bereits genau den geforderten Anspruch.,"Wiederherstellungsinventar und durchgeführten Nachweis als getrennte Objekte führen; Prüfziel einschließlich Inhalt, Schlüssel, Zeit und Außenwirkungsabgleich ausweisen."
S140.B02,S140,governance,none,governance,GV31 GV47 GV01,Enger Recoverynachweis trägt Auditantwort,abschluss,Tatsächlicher vollständiger Versuch ist unabhängig dokumentiert und deckt den konkret vereinbarten Schadens-/Zeitumfang.,Audit endet nur innerhalb dieser Hülle; neue Abhängigkeiten eröffnen neue Prüfung.,GVR025,bedingt,"Auditor nutzt die belegte Dauer und Inhaltsabnahme, nicht bloß die Dateianzahl.","Fehlender Schlüssel, Außenwirkung oder andere Ersatzhardware fällt außerhalb der behaupteten Testhülle.","Wiederherstellungsinventar und durchgeführten Nachweis als getrennte Objekte führen; Prüfziel einschließlich Inhalt, Schlüssel, Zeit und Außenwirkungsabgleich ausweisen."
S141.B01,S141,governance,none,governance,GV21 GV22 GV01,Neue teure Aufrufe bleiben innerhalb Budget zurückgehalten,halt,"Neuer bindender Tarif ist bekannt, vollständige Ausgabenreservierung erkennt fehlenden Rahmen vor Annahme.",Halt bis ausreichendes legitimes Budget oder günstiger erlaubter Pfad besteht.,GVR018 GVR017,bedingt,Budgethalter stoppt neue Verpflichtungen und sieht alte bekannte Kosten; vergangene Aufrufe werden nicht ungeschehen.,Ein neuer Aufruf wird außerhalb Reservierung angenommen oder sein Preis hat keine bindende Obergrenze.,Tarifwirksamkeit an Annahmezeit binden und zukünftiges Zulassen von bereits eingegangenen Kosten trennen. Faktor hundert bedeutet nicht automatisch Unwirtschaftlichkeit jedes Auftrags.
S141.B02,S141,governance,none,governance,GV21 GV22 GV01,Hochwertiger Auftrag lohnt trotz Preissprung,abschluss,Gesamter tatsächlicher Aufwand bleibt unter belegtem Auftragswert und erlaubtem Budget; Ergebnis wird abgenommen.,"Endlicher wertvoller Auftrag endet, allgemeine Wirtschaftlichkeit bleibt unbewiesen.",GVR002 GVR017,bedingt,Empfänger nutzt das Ergebnis und Budgethalter den konkreten Kostennachweis.,Spätere Rechnung oder menschlicher Nacharbeitsaufwand übersteigt die angenommene Kostengrenze.,Tarifwirksamkeit an Annahmezeit binden und zukünftiges Zulassen von bereits eingegangenen Kosten trennen. Faktor hundert bedeutet nicht automatisch Unwirtschaftlichkeit jedes Auftrags.
S142.B01,S142,governance,none,governance,GV22 GV21,"Bekannte Nutzung, unbekannte Nachschuld",ungewissheit,Provider berechnet nachträglich ohne bekannte bindende Obergrenze; lokale Nutzung und Annahmezeiten bleiben erhalten.,Fortgesetzte Aufrufe erhöhen unbewertete Verpflichtung; erst Vertrag/Rechnung kann sie beziffern.,GVR017,teilweise,"Budgethalter kann bekannte Nutzung und offenen Rechnungsanteil ausweisen, keine sichere Gesamtschranke.",Vollständiger bindender Tarif begrenzt bereits alle angenommenen Aufrufe.,Unbekanntes Postpaid nicht als prepaidbegrenztes Risiko darstellen. Ohne bindende Preisgrenze keine GVR018-Obergrenze behaupten; neue Exposition separat sperren.
S142.B02,S142,governance,none,governance,GV22 GV21,Neue Exposition bis Vertragsklärung gesperrt,halt,Vollständige Effektsperre hält neue Provideranforderungen zurück; frühere Postpaidschuld bleibt unbekannt.,Halt bis legitime bindende Bedingungen vorliegen oder Dienst aufgegeben wird.,GVR005 GVR017,teilweise,Entscheider behält offene Anfrage und bekannte Altverpflichtungen; Sperre löscht keine Schuld.,Weiterlaufender nicht vermittelter Worker erzeugt weitere abrechenbare Aufrufe.,Unbekanntes Postpaid nicht als prepaidbegrenztes Risiko darstellen. Ohne bindende Preisgrenze keine GVR018-Obergrenze behaupten; neue Exposition separat sperren.
S143.B01,S143,governance,none,governance,GV10 GV23 GV01,"Großscope belastet, kleine Anteile bleiben erreichbar",extern-erzwungen,Legale Großlast dauert an; unabhängige verbindliche Anteile und Betriebsreserve werden vollständig durchgesetzt.,"Dauerlast hält Engpass, aber kann reservierte Anteile nicht übernehmen.",GVR019,bedingt,Kleine Scopes erhalten ihren konkreten Anteil; weder allgemeine Fristgarantie noch Gleichheit aller Ergebnisse folgt.,Messung zeigt kleinen Scope trotz erfüllter Vertragsbedingungen unter seinem zugesagten Anteil.,Faire Ressourcenanteile getrennt von per-agent max_sessions und Organisationsfeedback prüfen; endlichen Großauftrag nicht allein zum Attraktor erklären.
S143.B02,S143,governance,none,governance,GV10 GV23 GV01,Auslastung erzeugt künftige Zuteilungsmacht,attraktorhypothese,Großscope bekommt wegen heutiger hoher Ausgabe weitere Slots; benachteiligte Scopes verlieren dadurch belegbaren Wert und Stimme.,Mehr Slots → mehr sichtbare Leistung → mehr Zuteilung → weniger konkurrierende Wertbelege.,GVR004,teilweise,"Erhaltene rohe Verbrauchs-/Ergebnisgrößen bleiben auswertbar, sofern unabhängig aufbewahrt; sie erzwingen keine faire Entscheidung.",Zuteilung ist unabhängig von vergangener Belegung und kleine Scopes erholen sich nach endlichem Burst.,Faire Ressourcenanteile getrennt von per-agent max_sessions und Organisationsfeedback prüfen; endlichen Großauftrag nicht allein zum Attraktor erklären.
S144.B01,S144,governance,none,governance,GV21 GV16,Unrentable Kleinarbeit wird legitim beendet,abschluss,Gesamtaufwand einschließlich Mensch ist belegt höher als Nutzen; zuständige Person verwirft weitere Aufträge wahrheitsgemäß.,"Bewusste Nichtnutzung beendet diesen Arbeitsstrom, ohne nützliche Lieferung zu behaupten.",GVR017 GVR031,teilweise,Verantwortliche behalten Aufwandbeleg und begründete Entscheidung für spätere Neubewertung.,Reale End-to-end-Bilanz zeigt doch positiven Wert oder Aufträge laufen verdeckt weiter.,Menschliche Freigabekosten als tatsächlichen Aufwand führen. Legitime Nichtnutzung und autorisierten kleineren Vertrag von verstecktem Genehmigungsbypass trennen.
S144.B02,S144,governance,none,governance,GV21 GV16,Teurer Freigabeweg wird belohnt umgangen,attraktorhypothese,Team kann Gate umgehen und erhält für schnellere sichtbare Lieferung mehr Belohnung als sichtbare Sanktion.,Bypass → bessere Kennzahl → Belohnung → Vorbild für weiteren Bypass → unterdrückte Risiken.,GVR001,teilweise,Unveränderte Auftragsakte kann spätere Untersuchung tragen; sie bewahrt nicht die umgangene Autorität.,Unabhängig erfasste Folgen überwiegen Belohnung und Bypass sinkt bei gleicher Arbeitslast.,Menschliche Freigabekosten als tatsächlichen Aufwand führen. Legitime Nichtnutzung und autorisierten kleineren Vertrag von verstecktem Genehmigungsbypass trennen.
S145.B01,S145,governance,none,governance,GV01 GV10 GV24 GV11,Dauerlast wird begrenzt zugelassen,extern-erzwungen,"Nachfrage übersteigt feste Workspaces, sämtliche Produzenten treffen begrenztes Arbeitsregister und zugesagte Ressourcenanteile.",Abgewiesene Nachfrage bleibt außen; zugelassene Menge kann innerhalb realer Kapazität abgearbeitet werden.,GVR013 GVR019,bedingt,Scheduler behält endliche Arbeit und konkrete Anteile; abgelehnte oder verspätete Aufträge sind kein Erfolg.,Ein Producer umgeht Zulassung oder zugesagter Anteil ist wegen gemeinsamer Ressource nicht verfügbar.,"Zehnfache Nachfrage gegen reale Kapazität, Deadlines und Retryidentität prüfen. Begrenzte Zulassung hält Arbeit lesbar, nicht alle angefragten Termine ein."
S145.B02,S145,governance,none,governance,GV01 GV10 GV24 GV11,Echter Geschäftszeitpunkt verpasst,verlust,Zugelassene Arbeit wird erst nach harter nicht verlängerbarer Frist fertig.,Vergangener Zeitpunkt lässt sich durch spätere erfolgreiche Ausführung nicht wiederherstellen.,none,keines,Für ursprüngliche Rechtzeitigkeit bleibt kein Rest; erhaltenes spätes Ergebnis wäre separat nach anderem Zweck abnehmbar.,Frist ist tatsächlich weich oder unverändert wertvolle Annahme erfolgt rechtzeitig.,"Zehnfache Nachfrage gegen reale Kapazität, Deadlines und Retryidentität prüfen. Begrenzte Zulassung hält Arbeit lesbar, nicht alle angefragten Termine ein."
S146.B01,S146,governance,none,governance,GV21 GV22 GV13,Neue Kosten ab Budgetnull vermittelt angehalten,halt,Bindende Preisgrenze und Ausgabengate greifen vor jedem neuen Aufruf; Altverpflichtungen sind gesondert erfasst.,Halt besteht bis neue legitime Reservierung; alter angenommener Aufruf kann weiter Kosten verursachen.,GVR018 GVR017,teilweise,Budgethalter stoppt nur noch nicht eingegangene Kosten und sieht bereits bekannte Exposition.,Worker kann nach Nullsetzung ohne neue Reservierung zusätzliche kostenpflichtige Aufrufe annehmen lassen.,"Budgetnull ist keine forcierte Prozessbeendigung. Neue Annahme, bestehende Providerverpflichtung, Runtimebeobachtung und Lease getrennt anzeigen."
S146.B02,S146,governance,none,governance,GV21 GV22 GV13,"Cancel gespeichert, tatsächlicher Verbrauch offen",ungewissheit,Agent quittiert keinen verlässlichen Stop oder Provideroutcome ist unbekannt; gespeicherte Versuche und bekannte Nutzung sind lesbar.,Wiederholtes lokales Cancel beweist weder Prozessende noch bezahlten Endbetrag.,GVR001 GVR017,teilweise,Operator kann Anfragen und offene Kosten benennen; keine Behauptung freier Leases oder beendeter Arbeit.,Unabhängige Runtime-/Providerquittung beweist endgültigen Stop und vollständige Rechnung.,"Budgetnull ist keine forcierte Prozessbeendigung. Neue Annahme, bestehende Providerverpflichtung, Runtimebeobachtung und Lease getrennt anzeigen."
S147.B01,S147,governance,none,governance,GV37 GV04 GV24,Anforderung ohne Fehlerhülle bleibt unbestimmt,offen,"Unklar sind erlaubter Hostausfall, maximale Rechen-/Providerlatenz und Bedeutung von Echtzeit; vorhandene enge Testbelege bleiben erhalten.",Eine Forderung allein erzeugt keinen ausführbaren Zeitvertrag.,GVR031,teilweise,Prüfer kann bereits belegte begrenzte Funktion von unbewiesener Garantie unterscheiden; geforderte Echtzeit ist nicht erhalten.,Ein präziser akzeptierter Vertrag samt nachgewiesener Worst-case-Hülle liegt vor.,Harte Echtzeitanforderung erst mit Ausfallhülle und Worst-case-Latenz annehmen. Single-host-Funktion und bewiesene Garantie sind verschiedene Ansprüche.
S147.B02,S147,governance,none,governance,GV37 GV04 GV24,Hostausfall zerstört harte Antwortfrist,verlust,Garantie schließt Hostausfall ein; einziger Host ist während unverlängerbarer Antwortfrist unerreichbar und kein erlaubter Ersatz existiert.,Spätere Wiederkehr kann ursprüngliche Frist nicht erfüllen.,none,keines,Für diese rechtzeitige Antwort bleibt keine Restfähigkeit; dauerhafte Datenhaltung ist eine andere Eigenschaft.,Eine im tatsächlichen Vertrag erlaubte unabhängige Antwortinstanz liefert rechtzeitig.,Harte Echtzeitanforderung erst mit Ausfallhülle und Worst-case-Latenz annehmen. Single-host-Funktion und bewiesene Garantie sind verschiedene Ansprüche.
S148.B01,S148,governance,none,governance,GV24 GV21,Ursprüngliche Gelegenheit verloren,verlust,"Harte wirtschaftliche Frist ist abgelaufen, Kundenzweck danach wertlos.",Vergangene Gelegenheit ist nicht durch schnellere spätere Verarbeitung erneuerbar.,none,keines,Für ursprünglichen ökonomischen Zweck bleibt kein Rest; sinnvolle künftige Verwendung wäre ein anderer Auftrag.,Kunde bestätigt unveränderten Wert auch nach der Frist.,Wirtschaftliche Gültigkeit in Warteschlangenauftrag führen und nach Queuewartezeit neu bewerten; technische Fertigstellung darf verpassten Nutzen nicht umetikettieren.
S148.B02,S148,governance,none,governance,GV24 GV21,Spätes Ergebnis für anderen Zweck brauchbar,abschluss,Ergebnisbytes bleiben vorhanden; berechtigter Empfänger nimmt sie ausdrücklich für einen anderen begrenzten Zweck ab.,Neue Abnahme beendet nur neue Verwendung; alter Fristverlust bleibt verzeichnet.,GVR002,teilweise,"Empfänger nutzt echten Folgeauftrag, ohne alten verlorenen Wert als gerettet zu zählen.",Neue Nutzung hängt weiterhin an der bereits verpassten ursprünglichen Gelegenheit.,Wirtschaftliche Gültigkeit in Warteschlangenauftrag führen und nach Queuewartezeit neu bewerten; technische Fertigstellung darf verpassten Nutzen nicht umetikettieren.
S149.B01,S149,governance,none,governance,GV30 GV21 GV31,Primärbetrieb bleibt ohne alten Backupdienst,extern-erzwungen,"Primärbestand funktioniert; tatsächlich vorhandene Ergebnisse sind für weiterhin gültigen engen Zweck abgenommen und lesbar, externe Backupzahlung entfällt.","Weniger Diversität ist andauernde Exposition, nicht bereits eingetretener Datenverlust.",GVR001 GVR002,teilweise,Berechtigte Nutzer lesen alte Aufgaben und abgenommene Ergebnisse; zusätzliche Wiederherstellungsfähigkeit wird nicht behauptet.,Primärspeicher benötigt den gekündigten Dienst für Lesen oder Ergebnisgebrauch.,"Bezahlbarkeit, Primärbetrieb und Recoverydiversität getrennt führen. Neue verbleibende Kopie muss tatsächlich unabhängig zugänglich sein, nicht als Wunschbackup zählen."
S149.B02,S149,governance,none,governance,GV30 GV21 GV31,Kleinerer benannter Recoverysatz bleibt,extern-erzwungen,Bereits vorhandener rechtmäßiger Satz mit Schlüssel/Decoder bleibt ohne unbezahlbaren Anbieter tatsächlich nutzbar.,Engere Wiederherstellung gilt bis nächster gemeinsamer Verlust; ehemalige Standortvielfalt ist weg.,GVR012,teilweise,"Wiederhersteller kann den konkret noch vorhandenen Umfang lesen, nicht den alten Diversitätsanspruch.",Isolierter Test ohne Anbieter kann den benannten Inhalt nicht wiederherstellen.,"Bezahlbarkeit, Primärbetrieb und Recoverydiversität getrennt führen. Neue verbleibende Kopie muss tatsächlich unabhängig zugänglich sein, nicht als Wunschbackup zählen."
S150.B01,S150,governance,none,governance,GV22 GV07 GV06,"Geldvergleich offen, Sachwerte vergleichbar",ungewissheit,Rechnung fehlt; ursprüngliche Nutzung und einige gleich definierte Ergebnisgrößen sind erhalten.,Spätere Rechnung kann Kostenrangfolge ändern; fehlende Geldwerte sind nicht aus Tokens eindeutig ableitbar.,GVR017 GVR004,teilweise,"Analyst nutzt bekannte Sachgrößen und offenes Obligo, nicht behauptete Gewinnrangfolge.",Vollständiger Tarif und Nutzungsbezug begründen schon eine eindeutige Kostenreihenfolge.,Monetäre Rangfolge an abgerechneten bzw. bindend begrenzten Kosten ausrichten; unbekannter Rechnungsteil darf keinen Nullpreis und kein modellübergreifendes Siegersignal erzeugen.
S150.B02,S150,governance,none,governance,GV22 GV07 GV06,Scheinbar billiger Pfad entfernt Gegenmessung,attraktorhypothese,Unbekannte Kosten werden als günstig behandelt und Auswahl belohnt diesen Pfad sowie reduziert unabhängige Abrechnungskontrolle.,Falscher Vorteil → mehr Auswahl → günstige interne Berichte → weniger Kontrollkosten → fortgesetzter Vorteil.,GVR017,teilweise,Erhaltene echte Nutzungsbelege können spätere Abrechnung tragen; sie erzwingen noch keine Korrektur der Auswahl.,Endrechnungen bleiben entscheidungswirksam und falsche Rangfolge wird revidiert.,Monetäre Rangfolge an abgerechneten bzw. bindend begrenzten Kosten ausrichten; unbekannter Rechnungsteil darf keinen Nullpreis und kein modellübergreifendes Siegersignal erzeugen.
S151.B01,S151,governance,none,governance,GV26 GV28 GV25 GV01,Neue Plattformsemantik hält Writer an,halt,Relevante Abweichung wird vor Mutation erkannt; alter Datenbestand und kompatibler Leser sind erhalten.,Halt bis neuer Leser/Writer für konkrete Semantik geprüft ist.,GVR020,bedingt,Maintainer prüft unveränderte Daten mit passendem Leser statt sie mit falschem Binary umzudeuten.,Inkompatibler Writer verändert Daten schon vor Vertragsprüfung.,Buildidentität samt Rust/Plattform und konkrete Verhaltensverträge führen; gleiches Sourcecommit ist keine Laufzeitäquivalenz.
S151.B02,S151,governance,none,governance,GV26 GV28 GV25 GV01,Erhaltenes altes Build bleibt begrenzt nutzbar,transient,Alter vollständiger Versionssatz darf auf noch kompatibler Plattform betrieben werden; Wechsel wird zurückgestellt.,Lokaler Betrieb bleibt möglich bis neue Plattform zwingend wird oder Satz ausfällt.,GVR016,bedingt,"Maintainer kann konkrete alte Verträge weiter bedienen, nicht beliebige neue Plattformen garantieren.",Altes Binary hängt ebenfalls am geänderten Plattformverhalten oder notwendige Abhängigkeit fehlt.,Buildidentität samt Rust/Plattform und konkrete Verhaltensverträge führen; gleiches Sourcecommit ist keine Laufzeitäquivalenz.
S152.B01,S152,governance,none,governance,GV26 GV28,Benötigte alte Eventsemantik unbekannt,halt,Neuer Reader braucht nicht vorhandene Übersetzung; Originalevents und ein bekannter Präfixleser bleiben erhalten.,"Replay hält an erster unbekannter Stelle, bis korrekte reine Übersetzung existiert.",GVR020,teilweise,Maintainer kann originale Bytes und bekannten Präfix lesen; vollständiger Replay ist nicht erhalten.,Reader überspringt unbekanntes Event oder ruft beim Lesen Plugins auf.,Eventreplay als Zielvertrag kennzeichnen: unbekannte Version nicht überspringen. Abwärtsverträgliche neue Formate brauchen nicht zwangsläufig einen Upcaster.
S152.B02,S152,governance,none,governance,GV26 GV28,Neue Version ist bereits bedeutungsgleich lesbar,transient,Konkrete historische Payloads sind ohne Upcast vollständig kompatibel und semantisch geprüft.,Releasewechsel braucht für diese Payloads keine Konvertierung; endliche Rekonstruktion kann erfolgen.,GVR020,bedingt,Prüfer nutzt passenden reinen Reader für den tatsächlichen Bestand; fehlender benannter Upcaster ist hier kein Ausfall.,Ein relevantes altes Feld wird anders interpretiert oder still verworfen.,Eventreplay als Zielvertrag kennzeichnen: unbekannte Version nicht überspringen. Abwärtsverträgliche neue Formate brauchen nicht zwangsläufig einen Upcaster.
S153.B01,S153,governance,none,governance,GV26 GV27 GV28,Ein inkompatibler Writer verweigert Start,halt,Schema-/Writervertrag erkennt Nichtkompatibilität vor Schreiben; Originaldaten und kompatibler Leser bestehen.,Halt bis genehmigter Cutover auf genau einen kompatiblen Writer erfolgt.,GVR020,bedingt,Maintainer liest unveränderten Bestand ohne semantisch fremde Mutation.,Einer der Writer mutiert bereits bevor Kompatibilitätscheck greift.,"Prototyp/Rust-Cutover mit Semantik- und Writergrenze planen; SQL-Transaktion serialisiert konkurrierende Bytes, nicht zwei widersprechende Schemasichten."
S153.B02,S153,governance,none,governance,GV26 GV27 GV28,Beide Writer verändern akzeptiert dieselbe DB,extern-erzwungen,Beide inkompatiblen Mutationspfade haben Schreibrechte; relevanter unabhängiger Vorzustandsbeleg ist erhalten.,Konkurrierende Prozesse halten Deutungskonflikt aufrecht; eine endliche Race wäre nur vorübergehend.,GVR033,teilweise,Auditor kann nur konkret unabhängig belegte frühere Fakten prüfen; gegenwärtige kohärente Reihenfolge ist nicht bewiesen.,Eine wirkliche gemeinsame Semantik-/Writergrenze verhindert die zweite Mutation.,"Prototyp/Rust-Cutover mit Semantik- und Writergrenze planen; SQL-Transaktion serialisiert konkurrierende Bytes, nicht zwei widersprechende Schemasichten."
S154.B01,S154,governance,none,governance,GV26 GV28 GV43,Altes Binary bleibt lesend oder verweigert,halt,"Rollbackbinary ist nicht schreibkompatibel; vorgeschaltete Prüfung hält Mutation an, kompatibler Leser für jetzige Bytes bleibt.",Halt bis verträglicher Writer oder geprüfte bedeutungserhaltende Migration besteht.,GVR020,bedingt,Maintainer bewahrt aktuelle Bytes statt sie durch alte Schemaannahmen zu verändern.,Historisches Binary schreibt unbemerkt falsche Interpretation.,Rollbackfähigkeit pro exactem Binary und Datenversion prüfen; Datenrestore ist keine Rücknahme nach Snapshot ausgeführter Außenaktionen.
S154.B02,S154,governance,none,governance,GV26 GV28 GV43,DBrollback trifft aktuelle Teilnehmerhistorie,halt,"Alter Snapshot wird benutzt, aber aktueller Widerruf und Teilnehmeroperationsregister liegen außerhalb dieses Restores.",Neue Effekte warten bis Rechte und tatsächliche alte Outcomes getrennt geklärt sind.,GVR011 GVR021,bedingt,Gate/Teilnehmer lehnen alte Grants oder bereits akzeptierte Operationen ab; DBintern verlorenes Suffix wird dadurch nicht vollständig rekonstruiert.,Teilnehmer erkennt alte Identität nicht oder Widerrufsquelle wurde ebenfalls zurückgesetzt.,Rollbackfähigkeit pro exactem Binary und Datenversion prüfen; Datenrestore ist keine Rücknahme nach Snapshot ausgeführter Außenaktionen.
S155.B01,S155,governance,none,governance,GV25 GV01 GV04,Erhaltener Satz unabhängig startbar,transient,Authentischer vollständiger Versionssatz samt Rechten und kompatibler Ersatzplattform existiert bereits.,"Downloadausfall beeinträchtigt diesen Satz nicht, bis neue Abhängigkeit benötigt wird.",GVR016,bedingt,Maintainer baut/startet die konkret erhaltene Version ohne verschwundenes Paketrepository.,Offlinebau benötigt noch ein nicht aufbewahrtes Paket oder Recht.,Versionssatz einschließlich Abhängigkeiten und Rechte lokal benennen. Unverfügbare Downloadadresse allein ist weder Laufzeitausfall noch vollständige Reproduzierbarkeit.
S155.B02,S155,governance,none,governance,GV25 GV01 GV04,"Nur Bestandsbetrieb, Ersatzinstallation offen",extern-erzwungen,"Bestehender Prozess/Binary funktioniert, aber keine vollständige Ersatzinstallation ist verfügbar; Akte bleibt lesbar.",Maintainer-/Downloadabsenz hält Erneuerungsblockade aufrecht.,GVR001,teilweise,Operator kann vorhandene Aufgaben inspizieren; Neubau- oder Ersatzhardwarefähigkeit wird nicht hinzuerfunden.,Ersatzumgebung lässt sich bereits aus legal vorhandenen Teilen vollständig starten.,Versionssatz einschließlich Abhängigkeiten und Rechte lokal benennen. Unverfügbare Downloadadresse allein ist weder Laufzeitausfall noch vollständige Reproduzierbarkeit.
S156.B01,S156,governance,A7S01,coordinator-review-amendment,GV02 GV08 GV19,Rootexport vor Sendung als falsch erkannt,halt,"Falsches lokales Rootpaket liegt vor, korrektes Projektpaket ist noch nicht erzeugt. Ein konkreter Publikationsauftrag und sein Ablehnungsgrund sind rechtmäßig dauerhaft erhalten. Die Prüfung erkennt Companyinhalte und alle betroffenen noch nicht angenommenen Publikationspfade bleiben tatsächlich gesperrt.",Freigabe bleibt gesperrt bis korrekt projizierte identische Bytes geprüft sind.,GVR005,bedingt,Nutzbar ist nur die erhaltene gesperrte Publikationsabsicht mit dem konkreten Prüfbedarf. Ein sauberes Projektpaket existiert in diesem Zweig noch nicht und wird nicht als Residue gezählt.,"Nur falsches Rootpaket und gehaltenen Auftrag bereitstellen: Inspektion und Nichtsendung müssen ohne jemals erzeugtes korrektes Paket möglich sein. Fehlt die gespeicherte Hülle oder ist ein Sendepfad ungesperrt, trägt auch GVR005 nicht.","Publikation als vorab geprüften Projektobjektgraph binden, einschließlich Historie. Nach Sendung tatsächliche Leser und Kopien statt bloßer lokaler Löschung bewerten."
S156.B02,S156,governance,none,governance,GV02 GV08 GV19,Companyinhalte tatsächlich veröffentlicht und gelesen,verlust,Unberechtigte Empfänger haben im gesendeten Rootobjektgraph vertrauliche Inhalte gelesen.,Spätere Paketkorrektur oder lokale Löschung nimmt die Kenntnis nicht zurück.,none,keines,Für Nie-Veröffentlichung/Nie-Offenlegung dieser Inhalte besteht keine Restfähigkeit; erlaubte Projektveröffentlichung bleibt ein anderer Gegenstand.,Objektgraph enthielt keine fremden vertraulichen Inhalte oder niemand erhielt sie lesbar.,"Publikation als vorab geprüften Projektobjektgraph binden, einschließlich Historie. Nach Sendung tatsächliche Leser und Kopien statt bloßer lokaler Löschung bewerten."
S156.B03,S156,governance,A7S01,coordinator-review-amendment,GV02 GV08 GV19,Tatsächlich vorhandenes geprüftes Projektpaket bleibt nutzbar,abschluss,Ein separates korrekt auf den erlaubten Projektumfang begrenztes Paket ist tatsächlich erzeugt und geprüft. Seine unveränderten Bytes sind rechtmäßig erhalten und außerhalb der Fehlwahl des Rootpakets eindeutig adressierbar. Eine Sendefreigabe wird daraus nicht abgeleitet.,"Die begrenzte Inhaltsprüfung ist abgeschlossen. Das Paket bleibt für berechtigte Nachprüfung oder spätere gesondert erlaubte Veröffentlichung nutzbar, solange Inhalt Rechte und Abnahmegrenze gelten.",GVR036,bedingt,"Erst hier existiert der von GVR036 bezeichnete saubere Projektobjektgraph. M07 hält die Bytes, M15 den erlaubten Umfang und M02 eine davon getrennte aktuelle Sendefreigabe.","Wenn nur das falsche Rootpaket vorhanden ist oder die geprüften Bytes später ausgetauscht werden, fehlt dieses Residue. Ohne gesonderte gültige Freigabe darf das vorhandene Paket nicht versandt werden.","Publikation als vorab geprüften Projektobjektgraph binden, einschließlich Historie. Nach Sendung tatsächliche Leser und Kopien statt bloßer lokaler Löschung bewerten."
S157.B01,S157,governance,none,governance,GV06 GV28 GV09 GV02,Unsicherer grüner Test schafft Vertrauen,attraktorhypothese,Falscher Oracle belohnt Missing-ID-Fallback; grüne Ergebnisse verdrängen unabhängige Identitätsprüfung.,Fallback → grün → Vertrauen → weniger andere Checks → Fallback bleibt legitimiert.,GVR031,teilweise,"Ein unverändertes Belegverzeichnis zeigt die enge und falsche Testannahme, sofern Originale erhalten; es stellt keine sichere Identität her.",Unabhängiger Identitätsvertrag blockiert Verhalten trotz grünem Test.,Missing-ID-Vertrag muss unabhängig vom absichtlich falschen Testoracle überprüfbar sein; grüne Tests dürfen keine erfundene persönliche Identität schaffen.
S157.B02,S157,governance,none,governance,GV06 GV28 GV09 GV02,Fehlende Identität wird unabhängig abgewiesen,halt,Konkrete Freigabe benötigt persönlichen Beleg außerhalb des falschen Oracles; dieser fehlt und Gate bleibt geschlossen.,"Halt endet nur mit echtem passenden Beleg oder Ablehnung, nicht mit weiterer grüner Testausführung.",GVR005,bedingt,Prüfer nutzt die gehaltene Effekthülle; der fehlende Personenbeleg wird ausdrücklich nicht als erhaltenes Residue gezählt. Keine Person entsteht aus missing ID.,Gleicher Fallback kann selbst den vermeintlich unabhängigen Personenbeleg ausstellen.,Missing-ID-Vertrag muss unabhängig vom absichtlich falschen Testoracle überprüfbar sein; grüne Tests dürfen keine erfundene persönliche Identität schaffen.
S158.B01,S158,governance,none,governance,GV07 GV26 GV05 GV01,Versionierter Reader klärt tatsächlichen Bestand,transient,Konkrete Binary-/Schemafassung ist bekannt und kann mit passendem Leser statt allgemeinem README geprüft werden.,Enger Dokumentationsirrtum endet nach versionierter Klärung; Ziel-ADR bleibt Plan.,GVR020 GVR031,bedingt,"Maintainer prüft reale Lesefähigkeit und begrenzte Behauptungen, ohne Eventreplay aus mutable Tables zu folgern.",Versionsbezug fehlt oder Reader gibt die dokumentierte Funktion nur vor.,"Dokumentations-/ADR-Ziel und ausgelieferte Versionsfähigkeit getrennt versionieren; Widerspruch im gelesenen README ist enger Befund, kein vollständiger Betriebsnachweis."
S158.B02,S158,governance,none,governance,GV07 GV26 GV05 GV01,Widerspruch wird mit alten Dokumenten wegzitiert,attraktorhypothese,Teams behandeln stale README als Autorität und kopieren es in weitere Entscheidungen trotz entgegenstehender Quellen.,Dokumentzitat → autoritative Entscheidung → weitere Dokumentzitate → Ausschluss aktueller Befunde.,GVR031,teilweise,"Unveränderte belegte Gegenbefunde bleiben prüfbar, sofern nicht mit umgeschrieben; Wirksamkeit ihrer Korrektur ist nicht garantiert.",Aktueller Source-/Verhaltenstest verändert die Entscheidung tatsächlich.,"Dokumentations-/ADR-Ziel und ausgelieferte Versionsfähigkeit getrennt versionieren; Widerspruch im gelesenen README ist enger Befund, kein vollständiger Betriebsnachweis."
S159.B01,S159,governance,none,governance,GV09 GV08 GV01,Ungeprüft gestartetes Paket bleibt zufällig korrekt,abschluss,"Vorzeitige Aktivierung ist erfolgt, Bytes sind tatsächlich gutartig und Ergebnis konkret unabhängig abgenommen.",Dieser endliche Lauf kann gelingen; gefährlicher Updatepfad bleibt unverändert möglich.,GVR002,teilweise,Empfänger nutzt nur das belegte richtige Ergebnis; keine Sicherheitsbescheinigung für Activation-before-check.,Fachliche Abnahme scheitert oder unbekannter Hook hat zusätzliche Wirkung.,Prüfreihenfolge vor jeder Codeaktivierung einschließlich Hooks erzwingen. Nachträgliches Manifestversagen kann bereits ausgeführte Wirkungen nicht zurückholen.
S159.B02,S159,governance,none,governance,GV09 GV08 GV01,Ungeprüfte Aktivierung hat Kontrolle verloren,ungewissheit,Früh gestartete Bytes sind schädlich; ausgeführte Zugriffe und unabhängige saubere Bereiche noch nicht bestimmt.,Manifestprüfung danach belegt weder Schadensgrenze noch sauberen Prozesszustand.,none,ungeklaert,Für vertrauenswürdige betroffene Ausführung ist kein Residue nachgewiesen; spätere Signaturprüfung ist keine überlebende Schutzstruktur.,Unabhängige Ausführungsevidenz und Rechteinventar grenzen saubere Objekte konkret ab.,Prüfreihenfolge vor jeder Codeaktivierung einschließlich Hooks erzwingen. Nachträgliches Manifestversagen kann bereits ausgeführte Wirkungen nicht zurückholen.
S160.B01,S160,governance,none,governance,GV29 GV01,Neue Dienste erzeugen weitere Dienstforderungen,attraktorhypothese,Integrationsprobleme werden belohnt mit weiteren Kerndiensten beantwortet; Gesamtkopplungskosten bleiben unberücksichtigt.,Mehr Dienste → mehr Schnittstellenfehler → neuer Kernbedarf → mehr Dienste.,GVR031,teilweise,Erhaltene Architekturentscheidungen und Gegenbelege bleiben prüfbar; sie reduzieren Kopplung nicht von selbst.,Nach Vorfällen sinken Gesamtverantwortung/Kopplung durch belegte Zusammenlegung oder Entfernung.,Neue Verantwortung gegen vorhandenen Kernelvertrag und Gesamtintegration prüfen; module_hint verlangt keinen neuen Dienst. Begründete Vereinfachung und Wachstumsschleife trennen.
S160.B02,S160,governance,none,governance,GV29 GV01,Begrenzte Änderung vermindert tatsächliche Kopplung,abschluss,Neue/angepasste Funktion ersetzt belegbar andere Schnittstellen und der konkrete Vertragstest wird abgenommen.,Endliche Architekturänderung endet; keine Rückkopplung allein aus Dienstanzahl.,GVR031,bedingt,Prüfer kann alte und neue Vertragsgrenzen sowie tatsächlichen Nachweis vergleichen.,Lokale Einsparung verschiebt ungemessene Integration auf andere Dienste.,Neue Verantwortung gegen vorhandenen Kernelvertrag und Gesamtintegration prüfen; module_hint verlangt keinen neuen Dienst. Begründete Vereinfachung und Wachstumsschleife trennen.
S161.B01,S161,governance,none,governance,GV14 GV33 GV16 GV28,Alleinige Autorität dauerhaft fehlt,halt,"Gründer ist dauerhaft ausgefallen, kein anerkannter Nachfolger; Effekte mit neuer Pflichtfreigabe werden vermittelt gehalten.",Institutionelle Lücke endet nicht durch Retry oder Kenntnis des Passworts.,GVR005 GVR001,teilweise,Berechtigte Leser können alte Aufgaben sehen und Anforderungen aufbewahren; neue legitime Entscheidung bleibt nicht möglich.,Eine bereits wirksam delegierte verfügbare Person darf genau diese Effekte erlauben.,Legitime Nachfolge von Credentialbesitz unterscheiden; ohne befugte Person keine Selbstermächtigung. Gehaltene Aufgaben und rein lesende Akten sind begrenzte Restfähigkeiten.
S161.B02,S161,governance,none,governance,GV14 GV33 GV16 GV28,Anerkannte Nachfolge erlaubt künftige Arbeit,transient,Gültige Zuständigkeitsordnung benennt tatsächlich verfügbare befugte Nachfolge und wird umgesetzt.,Übergang endet mit aktueller Zuordnung; historische Urheberschaft wird nicht umgeschrieben.,GVR032,bedingt,Legitime Nachfolge entscheidet ihren übertragenen Bereich ohne Gründeridentität zu imitieren.,Nachfolgeregel ist unanerkannt oder konkrete erforderliche Befugnis nicht übertragen.,Legitime Nachfolge von Credentialbesitz unterscheiden; ohne befugte Person keine Selbstermächtigung. Gehaltene Aufgaben und rein lesende Akten sind begrenzte Restfähigkeiten.
S162.B01,S162,governance,none,governance,GV15 GV27 GV38 GV33,Konflikt hält dieselbe Wirkung zurück,halt,"Anweisungen betreffen denselben Effekt, kein anerkannter Vorrang; gemeinsamer letzter Aufrufpfad sperrt beide.",Dauert bis bindende Entscheidung oder Verzicht; weitere widersprechende Anweisungen ändern nichts.,GVR005,bedingt,Prüfer behalten beide Aussagen am konkreten Auftrag; kein Doppelauftrag wird als Vorrangentscheidung benutzt.,Ein Geschäftsführer kann den gemeinsamen Aufrufpfad umgehen.,"Widerspruch auf Effekt-ID, Zeitpunkt und Vorrang beziehen; letzte Ankunft und zwei legitime Titel sind keine Konfliktlösung. Akzeptierte historische Wirkungen bleiben separat."
S162.B02,S162,governance,none,governance,GV15 GV27 GV38 GV33,Anerkannte Vorrangregel entscheidet Zukunft,transient,Vorab oder legitim neu anerkannte Ordnung legt für diesen Effekt eindeutige Befugnis fest; ein dazu persönlich gebundener neuer Beschluss ist tatsächlich belegt und erhalten.,Konflikt endet für zukünftige Zulassung; bereits eingetretene Wirkungen werden damit nicht rückwirkend ungeschehen.,GVR032 GVR010,bedingt,Befugte Person kann neuen Beschluss persönlich belegen; Übertragung bewahrt nur den tatsächlich gültigen Bereich.,Beide behaupteten Befugnisse bleiben rechtlich unaufgelöst oder persönlicher Beleg fehlt.,"Widerspruch auf Effekt-ID, Zeitpunkt und Vorrang beziehen; letzte Ankunft und zwei legitime Titel sind keine Konfliktlösung. Akzeptierte historische Wirkungen bleiben separat."
S163.B01,S163,governance,none,governance,GV33 GV43 GV09 GV15,"Neue Befugnisse wirksam, alte Grants abgewiesen",transient,Anerkannte Übergabe ordnet Rechte neu; unabhängiger aktueller Widerrufsstand bindet alle Zulassungspfade; alte persönliche Zustimmungsbelege sind rechtmäßig erhalten.,Übergang endet sobald konkrete Rechte wirksam sind; zukünftige Änderung kann neue Prüfung verlangen.,GVR032 GVR011 GVR010,bedingt,"Neue Befugte entscheiden, alte persönliche Belege bleiben historisch lesbar und alte Sessions erlangen keine neuen Rechte.",Eine alte Delegation oder restaurierte Session akzeptiert weiterhin alten Grant.,"Verkauf in aktuelle Befugnis-/Widerrufsepochen und historische Autorenschaft trennen; Papierentzug muss jede Session, Delegation und Restorezulassung erreichen."
S163.B02,S163,governance,none,governance,GV33 GV43 GV09 GV15,"Verkauf vollzogen, technische Rechte veraltet",ungewissheit,"Rechtlicher Entzug ist erfolgt, aber aufgerufene Gates kennen nur alten Stand; Taskakten bleiben lesbar.",Lokale historische Grants beweisen die neue Rechtslage nicht; mögliche Nutzung ist separat zu ermitteln.,GVR001,teilweise,Auditor kann frühere Grants mit Standgrenze sehen; legitime heutige Autorisierung bleibt unbelegt.,Aktueller Widerruf erreicht nachweislich alle tatsächlichen Aufrufpfade.,"Verkauf in aktuelle Befugnis-/Widerrufsepochen und historische Autorenschaft trennen; Papierentzug muss jede Session, Delegation und Restorezulassung erreichen."
S164.B01,S164,governance,none,governance,GV34 GV08 GV17 GV01,Eigenständiger erlaubter Auftrag bleibt lösbar,transient,Projekt darf konkret enthaltene Quellen nutzen und diese reichen fachlich für den Auftrag ohne Companykontext.,Trennung beeinträchtigt diese enge Aufgabe nicht; andere Aufgaben können blockiert bleiben.,GVR022,bedingt,Nachfolger verwendet nur übertragbare Aufgabenbasis; rechtlich verbotene Kopie wird nicht zur Schutzstruktur.,Unabhängiger Bearbeiter benötigt unübertragenes Firmenwissen.,Spin-out-Kontext explizit nach erlaubten Abhängigkeiten bauen; Root-to-leaf-Kompilierung darf verbotenen Altroot nicht automatisch übertragen.
S164.B02,S164,governance,none,governance,GV34 GV08 GV17 GV01,Notwendiges Firmenwissen darf nicht genutzt werden,halt,Erforderlicher Inhalt ist nicht übertragbar; kein unabhängiger erlaubter Ersatz ist vorhanden und Verwendung wird gesperrt.,Rechtliche/inhaltliche Lücke bleibt bis zulässige Spezifikation oder Aufgabeaufgabe.,GVR005,teilweise,Prüfer behält gehaltenen Auftrag mit benannter Lücke; für die verbotene notwendige Wissensfähigkeit bleibt keines.,Auftrag ist tatsächlich aus bereits erlaubtem Projektmaterial vollständig lösbar.,Spin-out-Kontext explizit nach erlaubten Abhängigkeiten bauen; Root-to-leaf-Kompilierung darf verbotenen Altroot nicht automatisch übertragen.
S165.B01,S165,governance,none,governance,GV15 GV02 GV13 GV16,Risikokonflikt hält Resume,halt,Security und Produkt haben keinen anerkannten Vorrang; wirksame Effekthülle verhindert neue Annahme.,Halt endet mit legitimer Risikozuständigkeit; Outcome- und Leasefragen bleiben separat offen.,GVR005,bedingt,"Prüfer bearbeitet konkreten riskanten Resume, ohne aus blockiertem Status Prozessende zu folgern.",Ein Produktpfad nimmt Resume trotz strittiger Freigabe an.,Risikovorrang und Nachweis früherer Teilnehmerwirkung als unabhängige Sperrprädikate führen. Freigabeautorität kann unbekanntes Outcome nicht durch Behauptung erzeugen.
S165.B02,S165,governance,none,governance,GV15 GV02 GV13 GV16,"Autorität geklärt, altes Outcome weiter offen",halt,"Anerkannte Person darf entscheiden, aber Teilnehmer kann vorherige Wirkung nicht bestätigen; Sperre bleibt bis gewünschter Abgleich.",Zuständigkeitslösung liefert keine fehlende Außenweltevidenz.,GVR032 GVR005,teilweise,"Befugte Person und erhaltene Hülle erlauben kontrollierte Entscheidung über Unsicherheit, nicht Behauptung sicherer Wiederholung.",Verlässlicher Teilnehmerbeleg klärt den alten Effekt oder Policy erlaubt bewusst neue Wirkung ohne diesen Nachweis.,Risikovorrang und Nachweis früherer Teilnehmerwirkung als unabhängige Sperrprädikate führen. Freigabeautorität kann unbekanntes Outcome nicht durch Behauptung erzeugen.
S166.B01,S166,governance,none,governance,GV35 GV07 GV01 GV06,"Messreihen bleiben getrennt, Ergebnis bleibt nutzbar",ungewissheit,"Flotte ersetzt, Instrumentbegriffe nicht kalibriert; einige Ergebnisbytes sind unabhängig fachlich abgenommen.",Fehlende Messsemantik entsteht nicht durch Mittelung; Resultatnutzung kann trotzdem weitergehen.,GVR002 GVR004,teilweise,"Empfänger nutzt Resultate, Analyst nur ursprüngliche enge Rohwerte; keine kontinuierliche Reibungskurve erfunden.",Die Ergebnisabnahme hängt selbst an inkompatibler alter Metrik.,Alt-/Neuinstrumente versioniert und nur kalibrierte Schnitte vergleichen; Outputabnahme unabhängig von blocked-/turns-Messung halten.
S166.B02,S166,governance,none,governance,GV35 GV07 GV01 GV06,Belegter Messschnitt über Instrumentwechsel,transient,Konkrete Alt-/Neuversionen wurden für ausdrücklich gleiche Größen repräsentativ kalibriert.,Nur dieser Schnitt überbrückt Wechsel; ungleiche Felder bleiben getrennt.,GVR023,bedingt,Analyst nutzt belegte Zuordnung ohne fehlendes Feld als null zu werten.,Gleicher Ablauf liefert für die verglichene Größe systematisch andere Bedeutung.,Alt-/Neuinstrumente versioniert und nur kalibrierte Schnitte vergleichen; Outputabnahme unabhängig von blocked-/turns-Messung halten.
S167.B01,S167,governance,none,governance,GV16 GV06,Belohnter Bypass stabilisiert sich,attraktorhypothese,Teams umgehen wirksame Freigabewege tatsächlich und niedrige Blockzahlen bringen Belohnung bei unsichtbaren Verstößen.,Bypass → niedrige Kennzahl → Belohnung → Norm → mehr Bypass; unterdrückte Verstöße erhalten den Kreis.,GVR001,teilweise,"Unveränderte konkrete Aufgabenakten erlauben nachträgliche Untersuchung, falls erreichbar; Gateintegrität ist nicht erhalten.",Unabhängige Sanktionen/Belege ändern Verhalten bei gleicher Last oder kein unzulässiger Effekt liegt vor.,Blockedzahl nicht als alleinigen Sicherheitserfolg führen; genehmigte Vereinfachung und tatsächlichen Bypass anhand unabhängiger Effekt-/Zustimmungsbelege unterscheiden.
S167.B02,S167,governance,none,governance,GV16 GV06,Weniger Blocks durch legitime Vereinfachung,transient,"Zuständige Stelle entfernt unnötige Schritte, persönliche Zustimmungen und verbotene Effekte werden unabhängig geprüft.",Begrenzte Verbesserung reduziert Kosten ohne verdeckte neue Befugnis; kein Bypassloop erforderlich.,GVR010 GVR031,bedingt,"Auditor nutzt Effektbelege und explizit geänderten Anspruch, statt niedrige Kennzahl als alleinigen Erfolg zu nehmen.",Neue unautorisierte Wirkungen werden unter geändertem Nenner verborgen.,Blockedzahl nicht als alleinigen Sicherheitserfolg führen; genehmigte Vereinfachung und tatsächlichen Bypass anhand unabhängiger Effekt-/Zustimmungsbelege unterscheiden.
S168.B01,S168,governance,none,governance,GV10 GV22 GV23,Verbrauchsanteile funktionieren ohne Budgetoffenlegung,extern-erzwungen,Vertraulichkeit des Budgets bleibt; unabhängige zulässige Ressourcenrechnung und verbindliche Anteile sind durchgesetzt.,"Überlast hält abgewiesene Nachfrage aufrecht, aber nicht die garantierten Anteile.",GVR019,bedingt,"Operator und kleine Scopes nutzen konkreten Zuteilungsvertrag, ohne privaten Budgetbetrag zu kennen.",Verfügbare Ressourcenmessung genügt für vereinbarte Anteile nicht oder wird manipuliert.,"Ressourcenverbrauch und faire Zuteilung ohne Offenlegung fremder Geschäftsbudgets erfassen, sofern zulässig. Budgetgeheimhaltung allein ist weder Missbrauch noch Kapazitätsmessung."
S168.B02,S168,governance,none,governance,GV10 GV22 GV23,Undurchsichtige Belegung verstärkt Einfluss,attraktorhypothese,Belegung schafft politischen Zuteilungsvorteil; Auskunftsverweigerung unterbindet gerade die bindende Gegenrechnung.,Mehr Belegung → mehr Einfluss → Schutz undurchsichtiger Zuteilung → mehr Belegung.,GVR001,teilweise,Erhaltene Akten können Streit und bekannte Last dokumentieren; faire Zuteilung ist daraus nicht automatisch rekonstruierbar.,Akzeptierte unabhängige Verbrauchsrechnung löst Verteilung ohne Budgetpreisgabe oder Einfluss hängt nicht an Belegung.,"Ressourcenverbrauch und faire Zuteilung ohne Offenlegung fremder Geschäftsbudgets erfassen, sofern zulässig. Budgetgeheimhaltung allein ist weder Missbrauch noch Kapazitätsmessung."
S169.B01,S169,governance,none,governance,GV15 GV28 GV16 GV05,Ursprünglicher Fakt bleibt unabhängig überprüfbar,halt,"Organisation verlangt Rewrite, aber konkreter Originalfakt ist außerhalb der angreifbaren Schreibgrenze legal verwahrt.",Lokaler Änderungswunsch beseitigt diesen Beleg nicht; Streit über neue Bewertung kann bleiben.,GVR033,bedingt,"Auditor kann Original und spätere sichtbare Korrektur vergleichen, nicht jede denkbare Aussage authentifizieren.",Verwahrer ist derselben Änderungshoheit unterworfen oder hat strittigen Fakt nie erhalten.,Sichtbare Korrektur mit ursprünglichem Fakt und Autor von verdecktem Rewrite trennen. Append-only Ziel braucht tatsächliche Schreibgrenze; gegen Root ist unabhängige Verwahrung nötig.
S169.B02,S169,governance,none,governance,GV15 GV28 GV16 GV05,Günstige Umschreibung legitimiert weitere,attraktorhypothese,Originale werden ohne verbleibenden unabhängigen Vergleich umgeschrieben; bessere Auditgeschichte bringt Nutzen und macht weiteres Umschreiben akzeptabel.,Rewrite → günstige Geschichte → Belohnung/Legitimation → weiterer Rewrite.,none,keines,Für unverfälschten betroffenen historischen Fakt bleibt ohne unabhängige Darstellung kein nutzbarer Beleg; übriger Betrieb kann laufen.,Originale bleiben unabhängig nachweisbar und sichtbare Sanktion beendet Umschreibungsnorm.,Sichtbare Korrektur mit ursprünglichem Fakt und Autor von verdecktem Rewrite trennen. Append-only Ziel braucht tatsächliche Schreibgrenze; gegen Root ist unabhängige Verwahrung nötig.
S170.B01,S170,governance,none,governance,GV03 GV13 GV01 GV38,"Kein Zeuge für alte Annahme, Wiederholung gehalten",halt,"Partner ist weg, kein unabhängiger Outcome bekannt; alte Versuchsakte und wirksame neue Effektsperre bestehen.","Gleiche lokale Abfrage erzeugt kein Außenweltergebnis; bewusste neue Entscheidung kann Risiko ändern, nicht Vergangenheit.",GVR001 GVR005,teilweise,Prüfer sieht offenen Versuch und kann neue Wirkung zurückhalten; kein Beweis gescheiterten ersten Effekts.,Bereits vorhandener unabhängiger Receipt klärt die Annahme oder Pfad sendet trotzdem erneut.,"Partnerstilllegung lässt Outcome unbekannt statt fehlgeschlagen werden. Lokale Versuche, unabhängige tatsächliche Teilnehmerbelege und neue Effektautorität separat halten."
S170.B02,S170,governance,none,governance,GV03 GV13 GV01 GV38,Vorher gesicherter konkreter Receipt klärt Wirkung,abschluss,Ergebnisbeleg aus Teilnehmerregister war vor Stilllegung unabhängig lesbar erhalten und bindet genau diese Operations-ID.,Konkrete Outcome-Frage endet mit belegtem Ergebnis; übrige Partneroperationen bleiben offen.,GVR021,teilweise,"Reconciler nutzt den erhaltenen Receipt, nicht eine erfundene künftig erreichbare Partnerantwort; laufendes Fencing ist damit nicht garantiert.",Receipt fehlt für fragliche Operation oder beweist nur lokale Sendeabsicht.,"Partnerstilllegung lässt Outcome unbekannt statt fehlgeschlagen werden. Lokale Versuche, unabhängige tatsächliche Teilnehmerbelege und neue Effektautorität separat halten."
S171.B01,S171,governance,none,governance,GV10 GV04 GV01,Prozessanzahl trifft wirksame Gesamtreserve,extern-erzwungen,Aktivierung misst und begrenzt aggregierten Footprint; Betriebsreserve und konkrete Anteile sind real durchgesetzt.,Mehr Scopes werden zurückgestellt statt Reserve zu verbrauchen; Dauerlast bleibt externe Nachfrage.,GVR019 GVR027,bedingt,Operator behält lokalen Inspektionspfad und zugelassene Scopes ihren Anteil.,Startspitze oder ungemessener Nebenprozess verdrängt trotz Limit den lokalen Zugang.,"Pro-Scope-Aktivierung bleibt explizit, benötigt aber aggregierte Prozess-/Speicherzulassung. Tausend Prozesse sind ohne Footprint kein Beweis notwendiger Instabilität."
S171.B02,S171,governance,none,governance,GV10 GV04 GV01,Unbegrenzte Residentlast verdrängt Pflichtdienst,extern-erzwungen,"Jeder Scope startet Prozess ohne Gesamtlimit, Footprint überschreitet Hostkapazität; intakte Akte bleibt später lesbar.",Last hält Ausfall bis Prozesse enden oder Ressourcen frei werden; Neustartloop braucht zusätzliche Policy.,GVR001,teilweise,Operator kann nach verfügbarem Leser bestehende Aufgaben untersuchen; keine verfügbare Daemonausführung während Verdrängung behauptet.,Tatsächlicher Footprint passt in ausreichende Reserve und Pflichtdienst bleibt erreichbar.,"Pro-Scope-Aktivierung bleibt explizit, benötigt aber aggregierte Prozess-/Speicherzulassung. Tausend Prozesse sind ohne Footprint kein Beweis notwendiger Instabilität."
S172.B01,S172,governance,none,governance,GV37 GV08 GV20,Zusätzliche nachgewiesene Grenze trennt Kundendaten,extern-erzwungen,Trotz gleicher UID erzwingt unabhängige Sandbox-/Keygrenze tatsächlich gegenseitige Nichtlesbarkeit für alle relevanten Pfade.,Koexistenz kann unter genau diesem Bedrohungsvertrag andauern.,GVR008,bedingt,Jeweiliger berechtigter Kunde nutzt eigenen Bestand ohne Zugriff des anderen; Scope-Namen allein erfüllen Voraussetzung nicht.,Ein erlaubter Kundencodepfad liest über gemeinsame Dateien oder Keychain den fremden Inhalt.,Kundengeheimhaltung nach effektivem Angreifer-/UID-Rechtevertrag bewerten. Gemeinsame User-ID allein beweist weder Isolation noch tatsächlichen Leak.
S172.B02,S172,governance,none,governance,GV37 GV08 GV20,"Nur gemeinsame UID, geforderte Isolation unbelegt",offen,"Konkrete Sandbox, Schlüsselrechte und native Zugriffspfade sind nicht spezifiziert; kein tatsächliches Lesen nachgewiesen.",Fehlender Grenznachweis wird nicht durch zwei Scopeeinträge ersetzt.,none,ungeklaert,Für zugesagte gegenseitige Geheimhaltung ist kein Residue belegt; Offenlegung darf daraus dennoch nicht behauptet werden.,Rechteprüfung belegt Nichtlesbarkeit oder zeigt einen tatsächlichen fremden Lesezugriff.,Kundengeheimhaltung nach effektivem Angreifer-/UID-Rechtevertrag bewerten. Gemeinsame User-ID allein beweist weder Isolation noch tatsächlichen Leak.
S173.B01,S173,governance,none,governance,GV36 GV43 GV27 GV01,Offline nur haltbare Entwürfe,extern-erzwungen,"Worker darf lokal auf vertrauenswürdig begrenzter Fremdhardware arbeiten, Absichten bleiben ohne Außenwirkung; Paket ist haltbar.","Offlinezeit verhindert frische Autorität, nicht diese selbständige Entwurfsarbeit; Import verlangt neuen Abgleich.",GVR024,bedingt,Berechtigter Worker nutzt gespeicherte Entwürfe und Basisversionen; keine Zusage heutiger externer Gültigkeit.,Fremder Host liest unerlaubte Daten oder Worker setzt veränderliche Außenvollmacht offline ein.,"Offlineentwurf von aktueller Mutationsbefugnis und Fremdhardwarevertrauen trennen. Reconnect braucht aktuelle Rechte und Objektversionen, nicht bloßen Uploadabschluss."
S173.B02,S173,governance,none,governance,GV36 GV43 GV27 GV01,Alte Absicht trifft neue Rechte und Teilnehmerstände,halt,Bei Rückkehr greifen unabhängiger Widerrufsstand und Teilnehmerabgleich vor Annahme des Entwurfs als Effekt.,Veraltete Absicht bleibt bis gültiger Neubewertung gehalten; erfolgreiche Dateiübertragung beendet das nicht.,GVR011 GVR021,bedingt,"Reconciler kann alte Grants/Operationsidentitäten prüfen und Doppelwirkung verweigern, sofern Teilnehmer dies vertraglich unterstützt.",Offlinewirkung wurde schon ohne diese Grenze angenommen oder Teilnehmer kennt Operations-ID nicht.,"Offlineentwurf von aktueller Mutationsbefugnis und Fremdhardwarevertrauen trennen. Reconnect braucht aktuelle Rechte und Objektversionen, nicht bloßen Uploadabschluss."
S174.B01,S174,governance,none,governance,none,Erlaubter Remoteclient statt lokaler Dauerdaemon,extern-erzwungen,Vertrag erlaubt benannten tatsächlich verfügbaren Remote-Kern und verlangt lokale Nutzung nur während Verbindung.,"OS-Suspension unterbricht Zugang, nicht automatisch entfernte Ausführung; Beobachterverlust ist getrennt.",GVR001,teilweise,Berechtigter Client kann beim Wiederverbinden den haltbaren bekannten Bestand lesen; autonome Offlineantwort ist nicht erhalten.,Vertrag verlangt volle autonome lokale Funktion oder Remote-Kern ist nicht tatsächlich verfügbar.,"Smartphonevertrag zuerst festlegen: Remoteclient, intermittente Entwurfsarbeit oder autonome Fristwirkung. Kein versteckter ständig verfügbarer Fremddaemon wird vorausgesetzt."
S174.B02,S174,governance,none,governance,none,Intermittente lokale Entwürfe überstehen Suspension,transient,Nur selbständige Entwürfe gefordert; lokales haltbares Arbeitspaket passt in erlaubte OS-Laufzeiten und Rechte.,"Suspension pausiert Arbeit, nächster erlaubter Start kann Entwurf lesen; frische Außenvollmacht bleibt aus.",GVR024 GVR028,bedingt,Worker/Benutzer kann gespeicherte Teilaufgabe wiederaufnehmen ohne dauernden Daemon.,OS beendet vor jedem nötigen Commit oder Auftrag erfordert während Suspension aktuelle Außenwirkung.,"Smartphonevertrag zuerst festlegen: Remoteclient, intermittente Entwurfsarbeit oder autonome Fristwirkung. Kein versteckter ständig verfügbarer Fremddaemon wird vorausgesetzt."
S174.B03,S174,governance,none,governance,none,Autonome harte Hintergrundwirkung ohne Laufrecht,halt,"Vertrag verlangt Fristwirkung während vollständiger OS-Suspension, kein erlaubter Remoteexecutor oder OS-Ausführungsfenster existiert.","Technischer Halt dauert mit Suspension; Fristverpassung kann folgen, nicht interne Konvergenz.",none,keines,Für genau diese autonome Fristwirkung besteht kein nutzbarer Ausführungsträger. Andere Smartphonefunktionen bleiben möglich.,OS gewährt ein ausreichend verlässliches Fristfenster oder Vertrag erlaubt tatsächlich verfügbaren Remoteexecutor.,"Smartphonevertrag zuerst festlegen: Remoteclient, intermittente Entwurfsarbeit oder autonome Fristwirkung. Kein versteckter ständig verfügbarer Fremddaemon wird vorausgesetzt."
S175.B01,S175,governance,none,governance,none,Partition lässt nur berechtigte Seite mutieren,halt,Vertrag erlaubt Unverfügbarkeit einer Stadt; Teilnehmer erzwingt exklusive Epoche und stabile Operations-IDs außerhalb lokaler Kopien.,"Abgetrennte Seite hält neue Wirkung bis gültige Epoche/Abgleich vorliegt, andere kann ihren zulässigen Teil leisten.",GVR021 GVR038,bedingt,Reconciler und Teilnehmer bewahren begrenzte Effektordnung; gleichzeitige volle Verfügbarkeit wird ausdrücklich aufgegeben.,Beide Städte können bei Partition dieselbe externe Wirkung unter akzeptierter Epoche auslösen.,Active-active-Vertrag braucht Partitionspolitik und extern durchgesetzte Operations-/Writeridentität. Mehrere DBs allein liefern weder eine Wahrheit noch automatisches sicheres Failover.
S175.B02,S175,governance,none,governance,none,Beide Städte schreiben widersprüchlich weiter,extern-erzwungen,Vertrag/Implementierung lässt ohne gemeinsame Fencinggrenze beide denselben Effektbereich bedienen; getrennte lokale Aufgaben-/Versuchsakten bleiben lesbar erhalten.,Anhaltende Partition und Doppelbefugnis halten Divergenz; bloße Bytekonsistenz jeder DB löst sie nicht.,GVR001,teilweise,Prüfer kann nur tatsächlich erhaltene lokale Absichten als historischen Arbeitsstand vergleichen; gemeinsame Reihenfolge und ein akzeptiertes Outcome sind nicht bewiesen.,Teilnehmer serialisiert die Wirkung tatsächlich unter einer anerkannten gemeinsamen Identität.,Active-active-Vertrag braucht Partitionspolitik und extern durchgesetzte Operations-/Writeridentität. Mehrere DBs allein liefern weder eine Wahrheit noch automatisches sicheres Failover.
S175.B03,S175,governance,none,governance,none,Garantieziel ohne Partitionsentscheidung,offen,"Unverfügbarkeit, Quorum, Effektbesitz und Latenz wurden nicht entschieden.",Forderung allein bestimmt keine Konvergenz oder überlebende globale Fähigkeit.,none,ungeklaert,Für behauptetes garantiertes active-active gibt es ohne Vertrag keinen Restnachweis; keine automatische Architekturwahl wird erfunden.,Ein akzeptierter Partitions-/Teilnehmervertrag ordnet konkrete Ausfalltraces eindeutig zu.,Active-active-Vertrag braucht Partitionspolitik und extern durchgesetzte Operations-/Writeridentität. Mehrere DBs allein liefern weder eine Wahrheit noch automatisches sicheres Failover.
S176.B01,S176,governance,none,governance,GV37 GV20 GV38,Lokaler Controller hält enge Bewegungsgrenze,extern-erzwungen,Bereits vorhandener separat validierter Controller/Sensorik beherrscht konkrete Gefahr und Frist unabhängig von Factorylatenz.,Factoryverzögerung hält neue Aufträge auf; Controller kann erlaubte lokale Sicherheitsreaktion ausführen.,GVR035,bedingt,Anlagenverantwortlicher nutzt den nachgewiesenen lokalen Regel-/Sperrpfad; kein Beleg heutiger Factory-Echtzeitfähigkeit.,Sensor-/Controllerfehler oder Bewegung außerhalb geprüfter Hülle verletzt die behauptete Grenze.,"Factory nicht in Millisekundenregelkreis verlegen. Separater validierter Controller kann eine präzise physische Grenze tragen, nicht universelle Unumkehrbarkeit beseitigen."
S176.B02,S176,governance,none,governance,GV37 GV20 GV38,Irreversible Bewegung bereits erfolgt,verlust,Bewegung wurde physisch angenommen und die betrachtete Vorbewegungseigenschaft ist nicht exakt wiederherstellbar.,Historisches Eintreten lässt sich nicht löschen; legitime harmlose Bewegung bleibt ebenfalls erfolgt.,none,keines,Für Ungeschehenmachen dieser Eigenschaft bleibt nichts; das bedeutet weder automatisch Schaden noch Verlust aller Anlagenfähigkeit.,Bewegung fand nicht statt oder eine tatsächlich exakte Inverse erhält alle betrachteten Eigenschaften.,"Factory nicht in Millisekundenregelkreis verlegen. Separater validierter Controller kann eine präzise physische Grenze tragen, nicht universelle Unumkehrbarkeit beseitigen."
S177.B01,S177,governance,none,governance,GV37 GV28 GV01,Konkreter außerhalb Root verwahrter Fakt prüfbar,ungewissheit,Benannter historischer Fakt wurde vorher bei rechtlich erlaubtem unabhängig kontrolliertem Verwahrer belegt; Root erreicht ihn nicht.,"Lokale Manipulation zerstört den Vergleichsbeleg nicht, unverwahrte spätere Fakten bleiben unbewiesen.",GVR033,teilweise,Autorisierter Auditor prüft den konkret erhaltenen Fakt und erkannte Abweichung.,Root kontrolliert auch Belegquelle/Schlüssel oder strittiger Fakt liegt außerhalb ihres Inhalts.,Gegen Root benötigter Beweis braucht benannte unabhängige Verwahrung jenseits lokaler Dateien und Code. Lokales Append-only ist kein manipulationssicherer Menschenbeweis.
S177.B02,S177,governance,none,governance,GV37 GV28 GV01,Nur Rootkontrollierte Beweise vorhanden,ungewissheit,"Alle verfügbaren Belegbytes, Code und Trustanker liegen unter dem angreifenden Root; kein unabhängiger Herkunftsbeleg.",Neue lokale Hashes oder Signaturen reparieren die fehlende unabhängige Vergangenheit nicht.,none,keines,Für verlangten Rootfestigkeitsbeweis dieser Historie besteht kein Residue; lesbare Bytes können trotzdem weiter nützlich sein.,Ein tatsächlich unabhängiger zeitgenössischer Verwahrbeleg wird nachgewiesen.,Gegen Root benötigter Beweis braucht benannte unabhängige Verwahrung jenseits lokaler Dateien und Code. Lokales Append-only ist kein manipulationssicherer Menschenbeweis.
S178.B01,S178,governance,none,governance,GV47 GV24 GV26,Korrekte endliche Wiederherstellung kommt zu spät,extern-erzwungen,"Alle benötigten Inhalte und Leser sind nutzbar, gemessene vollständige Dauer überschreitet RTO.",Endlicher Replay kann später fertig werden; vergangene Zeitgrenze bleibt verfehlt.,GVR020 GVR025,teilweise,Maintainer rekonstruiert Inhalt und Auditor sieht ehrlichen Laufzeitbeleg; RTO-Fähigkeit ist nicht erhalten.,Repräsentative vollständige Messung einschließlich Inhalt/Tail liegt innerhalb RTO.,"RTO mit vollständig validiertem Reader, Inhalt, Snapshot und Tail messen. Langsamer korrekter Replay ist kein Informationsverlust; Snapshotexistenz beweist keine Beschleunigung."
S178.B02,S178,governance,none,governance,GV47 GV24 GV26,Validierter schneller Pfad erfüllt enges RTO,abschluss,Konkreter gültiger Snapshot samt vollständigem Tail/Content und reinem Reader wurde auf relevanter Ersatzhardware innerhalb RTO abgenommen.,Dieser Restore endet; Wachstum oder anderer Schaden braucht neuen Nachweis.,GVR020 GVR025,bedingt,"Wiederhersteller nutzt belegten Interpretationspfad und Auditor die zeitbegrenzte Evidenz, keine bloße Snapshotbehauptung.",Snapshotvalidierung oder Tailbeschaffung außerhalb Messung überschreitet tatsächliche Frist.,"RTO mit vollständig validiertem Reader, Inhalt, Snapshot und Tail messen. Langsamer korrekter Replay ist kein Informationsverlust; Snapshotexistenz beweist keine Beschleunigung."
S179.B01,S179,governance,none,governance,GV46 GV31 GV34 GV19,"Lokale Dienste beendet, Übergabe verwendbar",abschluss,Empfänger hat erlaubten vollständigen Export ohne Factory gelesen; alle für lokale Abschaltung geforderten Factorydienste sind tatsächlich aus.,Lokaler Lebenszyklus endet; Teilnehmerrestpflichten und Remote-Kopien werden damit nicht null.,GVR026,bedingt,Empfänger nutzt tatsächlich enthaltene Bytes/Bedeutung nach lokalem Stop; keine universelle Stilllegung externer Welt behauptet.,Empfänger benötigt doch einen Factorydienst oder lokaler Worker arbeitet weiter.,"Exportabnahme, lokale Dienstbeendigung, externe Teilnehmerpflichten und spätere Kopienlöschung getrennt abschließen. Exportcontainer nur unter .factory erzeugen; Empfängernutzung ist eigener Vorgang."
S179.B02,S179,governance,none,governance,GV46 GV31 GV34 GV19,Lokaler Stop mit offener externer Wirkung,halt,"Factory ist lokal aus, aber frühere akzeptierte Teilnehmeroperation ist noch offen; erreichbarer unabhängiger Operationsbeleg existiert.",Externer Teilnehmer kann später handeln; Gesamtabschluss braucht Outcome und vereinbarten Beobachtungshorizont.,GVR021,teilweise,Berechtigter Abwickler kann konkrete Operation außerhalb Factory prüfen; Empfängerexport kann gleichzeitig nutzbar sein.,Alle Teilnehmerpflichten sind nachweislich beendet oder angeblicher Beleg enthält nur lokale Absicht.,"Exportabnahme, lokale Dienstbeendigung, externe Teilnehmerpflichten und spätere Kopienlöschung getrennt abschließen. Exportcontainer nur unter .factory erzeugen; Empfängernutzung ist eigener Vorgang."
S179.B03,S179,governance,none,governance,GV46 GV31 GV34 GV19,Export ist nur Manifest ohne notwendige Inhalte,ungewissheit,Empfänger erhält nur Struktur/Referenzen und benötigt fehlende Payload oder nicht übertragbaren Kontext.,Dienstabschaltung erzeugt weder fehlende Bytes noch Rechte/Bedeutung.,none,keines,Für vereinbarte vollständige selbständige Nutzung bleibt keine Restfähigkeit aus diesem Export; lesbare Teilmetadaten sind nicht Vollübergabe.,Empfänger beantwortet sämtliche vereinbarten konkreten Fragen rechtmäßig ohne Factory und ohne fehlende Quelle.,"Exportabnahme, lokale Dienstbeendigung, externe Teilnehmerpflichten und spätere Kopienlöschung getrennt abschließen. Exportcontainer nur unter .factory erzeugen; Empfängernutzung ist eigener Vorgang."
S180.B01,S180,governance,none,governance,GV45 GV01 GV10,"Strenger Bereitschaftszyklus, Diagnose bleibt",halt,"A braucht B vollständig ready und B braucht A; kein Seed, aber eigener lokaler Inspektionspfad bleibt unabhängig funktionsfähig.","Wechselseitiges Warten ist durch Startregeln gehalten, kein bewiesener Attraktor.",GVR027,bedingt,"Operator liest die konkreten Kanten und kann separat begründete Reparatur planen, ohne Plugins bereits starten zu müssen.",Diagnose hängt selbst an A/B oder eine bestehende Seedbereitschaft löst den Zyklus.,Bereitschaftsabhängigkeiten von optionalen Bindungen trennen; unabhängiger lokaler safe-mode Zugang darf nicht Mitglied des Pluginstartzyklus sein.
S180.B02,S180,governance,none,governance,GV45 GV01 GV10,Optionale Bindung erlaubt endlichen Start,transient,Mindestens eine Kante ist tatsächlich lazy/optional; zulässiger Bootstrap und ausreichende Ressourcen existieren.,Erste echte Bereitschaft löst die übrigen nötigen Voraussetzungen; Zyklus allein verursacht keinen Deadlock.,GVR027,bedingt,Operator nutzt Startbeschreibung zur Prüfung der wirklich optionalen Grenze; erfolgreiche Facharbeit ist damit noch nicht belegt.,Die angeblich optionale Bindung wird zur Bereitschaft doch zwingend benötigt.,Bereitschaftsabhängigkeiten von optionalen Bindungen trennen; unabhängiger lokaler safe-mode Zugang darf nicht Mitglied des Pluginstartzyklus sein.
S181.B01,S181,governance,none,governance,GV04 GV30 GV48,Unbetroffener Satz bleibt konkret wiederherstellbar,transient,Bereits vorhandenes legal zugängliches Medium samt Schlüssel/Decoder außerhalb zerstörter Elektronik ist mit verfügbarer Ersatztechnik lesbar.,"Rekonstruktion kann enden, verbleibende Standortdiversität ist enger als vorher.",GVR012,teilweise,"Wiederhersteller nutzt nur tatsächlich überlebenden vollständigen Satz, keine implizit perfekte zusätzliche Region.",Ersatztechnik oder Schlüssel teilt denselben Schadensbereich und Inhalt kann nicht gelesen werden.,"Mehrere zerstörte Regionen nicht mit vollständigem Weltverlust gleichsetzen. Medien, Schlüssel, Decoder und Ersatzenergie im benannten Schadensinventar gemeinsam prüfen."
S181.B02,S181,governance,none,governance,GV04 GV30 GV48,Alle bekannten praktischen Inhaltswege ausgefallen,ungewissheit,Inventar zeigt keine bekannte nutzbare Kopie/Schlüssel/Decoderkombination; Erinnerungen oder Identifikatoren können bleiben.,Warten allein liefert keine Elektronik/Inhalte; dauerhafte vollständige Informationsvernichtung ist nicht bewiesen.,none,keines,Für derzeitige Inhaltsrecovery besteht kein nutzbarer Rest; mehrere Regionen bedeuten nicht S190.,Ein tatsächlich unabhängiger Inhaltspfad wird auf verfügbarer Technik demonstriert.,"Mehrere zerstörte Regionen nicht mit vollständigem Weltverlust gleichsetzen. Medien, Schlüssel, Decoder und Ersatzenergie im benannten Schadensinventar gemeinsam prüfen."
S182.B01,S182,governance,none,governance,GV36 GV25 GV04 GV10 GV43,"Historische Akte lesbar, heutige Wirkung gehalten",halt,Lokaler Bestand hat lesbaren alten Stand; aktuelle Zeit/Autorität/Provider sind unbestätigt und alle neuen Effekte bleiben gesperrt.,Jahrzehntealter Kalender liefert keine frische Zustimmung; jede fehlende Voraussetzung hat eigenen Ausgang.,GVR001 GVR005,teilweise,Prüfer liest historischen Plan und offene Absichten; gegenwärtige Ausführung und Bedeutung sind nicht automatisch verfügbar.,Aufwachen führt ohne Abgleich alte Termine als aktuelle Wirkungen aus.,"Langzeiterwachen als Neuabgleich von Zeit, Zuständigkeit, Abhängigkeiten und begrenztem Nachholen behandeln. Alte Termine/Credentials sind keine aktuelle Handlungsfreigabe."
S182.B02,S182,governance,none,governance,GV36 GV25 GV04 GV10 GV43,Nachholwelle bleibt endliche neue Prüfung,halt,Aktuelle zuständige Person ist legitim verfügbar; Cronmaterialisierung besitzt begrenzte Wurzeln und überprüft Gültigkeit statt blind nachzuholen.,"Alte Vorkommen werden endlich triagiert; abgelaufene Fristen bleiben verloren, keine wiedererstandenen Chancen.",GVR013 GVR032,bedingt,Befugter Operator kann endliche alte Arbeitsmenge verwerfen oder neu definieren.,Catch-up produziert unbegrenzt frische Wurzeln oder alte Kalenderautorität ersetzt heutige Befugnis.,"Langzeiterwachen als Neuabgleich von Zeit, Zuständigkeit, Abhängigkeiten und begrenztem Nachholen behandeln. Alte Termine/Credentials sind keine aktuelle Handlungsfreigabe."
S183.B01,S183,governance,none,governance,GV39 GV01 GV05,Erhaltenes Glossar erklärt konkrete Kürzel,transient,"Niemand erinnert Sprache, aber tatsächlich erhaltene zeitgenössische Beispiele/Begriffe erklären fraglichen Auftrag eindeutig und dürfen gelesen werden.",Unkundige Leser können diese belegte Bedeutung rekonstruieren; andere Kürzel bleiben möglicherweise offen.,GVR029,bedingt,"Berechtigte spätere Leser nutzen den konkreten Bedeutungsschlüssel, keinen erfundenen alten Experten.",Unabhängige Leser kommen anhand derselben Belege zu mehreren unentscheidbaren Deutungen.,"Mechanische Lesbarkeit, zeitgenössische Bedeutung und neue Modellinterpretation trennen. Fehlendes tacites Wissen nicht durch plausible Expansion als gerettet ausgeben."
S183.B02,S183,governance,none,governance,GV39 GV01 GV05,"Bytes lesbar, entscheidende Bedeutung fehlt",verlust,Benötigte tacite Bedeutung wurde in keiner bekannten zulässigen Darstellung oder Erinnerung erhalten; Textbytes existieren.,Weitere Paraphrasen aus denselben unvollständigen Daten erzeugen keine belegte ursprüngliche Intention.,GVR001,teilweise,Archivleser kann Text und mechanische Metadaten prüfen; für exakte verlorene Bedeutung bleibt keines innerhalb dieser Inventargrenze.,Zeitgenössischer ausreichender Kontext wird gefunden oder konkrete Bedeutung ist aus erhaltenen Daten eindeutig beweisbar.,"Mechanische Lesbarkeit, zeitgenössische Bedeutung und neue Modellinterpretation trennen. Fehlendes tacites Wissen nicht durch plausible Expansion als gerettet ausgeben."
S184.B01,S184,governance,none,governance,GV05 GV03,Konsens schließt Gegenbefunde aus,attraktorhypothese,"Alle verfügbaren Reviewer teilen Irrtum und akzeptieren nur Belege, die aus diesem Konsens stammen.",Irrtum → gemeinsame Bestätigung → Autorität → Ausschluss abweichender Beobachtung → erneuter Irrtum.,GVR001,teilweise,Erhaltene Aussagen bleiben als Aussagen prüfbar; gerechtfertigte Korrektur folgt daraus nicht.,Ein tatsächlich unabhängiges Ereignis wird als widerlegend anerkannt und verändert den Konsens.,"Keine unfehlbare dritte Reviewerinstanz erfinden. Gemeinsamer Irrtum, Verstärkung und unabhängig messbares Gegenereignis sind verschiedene Voraussetzungen."
S184.B02,S184,governance,none,governance,GV05 GV03,Konkretes nicht reviewerbasiertes Gegenereignis wirkt,transient,Ein vorhandener physischer/logischer Test hängt für diesen Fehler nicht vom falschen Reviewerurteil ab und sein Befund darf Annahme ändern.,Akzeptierter Gegenbefund unterbricht Wiederverwendung; neue Wahrheit gilt nur innerhalb seiner Tragfähigkeit.,GVR006,bedingt,"Prüfer nutzen genau diesen belastbaren Gegenbefund; Existenz und Anerkennung sind Bedingungen, nicht aus der Karte garantiert.",Testoracle trägt denselben Irrtum oder Reviewer ignorieren negatives Ereignis.,"Keine unfehlbare dritte Reviewerinstanz erfinden. Gemeinsamer Irrtum, Verstärkung und unabhängig messbares Gegenereignis sind verschiedene Voraussetzungen."
S184.B03,S184,governance,none,governance,GV05 GV03,Keine entscheidende unabhängige Information,ungewissheit,Alle verfügbaren Belege sind unter falscher und richtiger Annahme für Entscheider gleich; kein akzeptierter unabhängiger Test vorhanden.,Mehr identische Reviewerinformation kann die Unterscheidung nicht liefern.,none,keines,Für begründete Korrektur der konkreten Behauptung besteht unter dieser Informationsgrenze kein Residue; andere Aufgaben können lösbar bleiben.,Ein unterscheidender zugänglicher Befund mit wirksamer Entscheidungsbefugnis erscheint.,"Keine unfehlbare dritte Reviewerinstanz erfinden. Gemeinsamer Irrtum, Verstärkung und unabhängig messbares Gegenereignis sind verschiedene Voraussetzungen."
S185.B01,S185,governance,none,governance,none,Beide Weltstände in getrennten Zuständigkeiten gültig,transient,Anweisungen betreffen anerkannte unterschiedliche Objekt-/Rechts-/Zeitbereiche; kein gemeinsamer Effekt wird gefordert und beide lokalen Aufgabenakten bleiben lesbar erhalten.,Korrekte Bereichszuordnung beseitigt Scheinwiderspruch ohne technische Gleichschaltung.,GVR032 GVR001,bedingt,Berechtigte Prüfer nutzen gültige Zuständigkeitsordnung und getrennte Basisstände; beide Historien dürfen unterschiedlich bleiben.,Beide Anweisungen beanspruchen doch denselben Effekt im selben Geltungsbereich.,"Identität der Weltobjekte, Jurisdiktion und Wirksamkeitszeit vor Klonabgleich bestimmen. Gleiche Technik ist kein gemeinsamer legitimer Namensraum."
S185.B02,S185,governance,none,governance,none,"Gleicher Effekt, legitimer Vorrang ungeklärt",halt,Beide Stände beanspruchen denselben Gegenstand/Zeitpunkt und keine anerkannte Priorität; gemeinsame Wirkung wird vor Annahme gehalten.,Weitere lokale Übereinstimmung im Clone entscheidet äußere Zuständigkeit nicht.,GVR005,bedingt,Prüfer behalten beide Ansprüche am konkreten gehaltenen Effekt; keine willkürliche Last-write-wins-Rechtsprechung.,Ein Clone kann ohne gemeinsame Vermittlung Wirkung auslösen oder eine anerkannte Regel klärt den Vorrang.,"Identität der Weltobjekte, Jurisdiktion und Wirksamkeitszeit vor Klonabgleich bestimmen. Gleiche Technik ist kein gemeinsamer legitimer Namensraum."
S185.B03,S185,governance,none,governance,none,Bedeutung von legitim und gemeinsam fehlt,offen,"Objektidentität, Zeitpunkt, Jurisdiktion und Konvergenzanforderung bleiben undefiniert.",Weder Divergenzschaden noch rechtmäßige Konvergenz lässt sich aus Technikgleichheit bestimmen.,none,ungeklaert,"Für globale eindeutige Weltentscheidung ist kein Restnachweis begründbar, bis der fehlende Vertrag benannt wird.",Zuständige Stelle definiert diese Größen verbindlich für einen konkreten Klontrace.,"Identität der Weltobjekte, Jurisdiktion und Wirksamkeitszeit vor Klonabgleich bestimmen. Gleiche Technik ist kein gemeinsamer legitimer Namensraum."
S186.B01,S186,governance,none,governance,none,Wörtlich unvereinbare Vollpflichten,halt,Bindende Pflicht verlangt sofortige Vernichtung jeder für geforderten ewigen Beweis nötigen Darstellung und gleichzeitig vollständigen Beweis ohne Ausnahme.,"Logischer Widerspruch bleibt, keine technische Wiederholung erfüllt beides; künftige Rechtsänderung wäre andere Bedingung.",none,keines,"Für gleichzeitige Erfüllung beider wörtlichen Pflichten besteht keine Restfähigkeit. Das bestimmt nicht, welche Pflicht rechtlich vorgeht.",Bindende Auslegung erlaubt eine hinreichende nicht verbotene Beweisdarstellung.,Löschung und Beweis als genaue Informationsanforderungen mit bindender Rechtsauslegung bestimmen. Unvereinbare Pflichten nicht durch einen imaginären Hashbeweis oder illegale Kopie lösen.
S186.B02,S186,governance,none,governance,none,Erlaubter enger Beweis nach präziser Auslegung,halt,Zuständige bindende Auslegung erlaubt konkret ausreichende Herkunftskanten/Verfügungsmetadaten und verbietet nur getrennte Payload.,"Disposition hält nicht geklärte Pfade an, erlaubte begrenzte Nachweise können nach Löschung weiter bestehen.",GVR014 GVR015,bedingt,Auskunftsverantwortliche nutzen nur tatsächlich erlaubte ausreichende Beweisstruktur; Ewigkeit aller Inhalte wird nicht versprochen.,Auch Metadaten fallen unter Löschpflicht oder gewünschter Beweis braucht gelöschte Payload.,Löschung und Beweis als genaue Informationsanforderungen mit bindender Rechtsauslegung bestimmen. Unvereinbare Pflichten nicht durch einen imaginären Hashbeweis oder illegale Kopie lösen.
S186.B03,S186,governance,none,governance,none,Rechtsbegriffe noch unbestimmt,offen,"Jurisdiktion, Beweisumfang, Löschdefinition und Vorrang sind nicht bindend geklärt.",Technische Wahl eines Speicherformats entscheidet diese fehlenden Rechtsbegriffe nicht.,none,ungeklaert,Für zugesagte Rechtskonformität ist kein Residue bestimmbar; Factory muss Anforderungskonflikt offen halten statt Recht zu erfinden.,Bindende konkrete Auslegung legt erlaubte Informationen und Handlungen fest.,Löschung und Beweis als genaue Informationsanforderungen mit bindender Rechtsauslegung bestimmen. Unvereinbare Pflichten nicht durch einen imaginären Hashbeweis oder illegale Kopie lösen.
S187.B01,S187,governance,none,governance,GV40 GV04 GV47 GV24,Monatlich echter kleiner Fortschritt,extern-erzwungen,Boot plus ein nützlicher endlicher Schritt und haltbarer Checkpoint passen in fünf Minuten; Speicher und erforderliche Rechte bestehen.,"Energieplan erzwingt Pause/Arbeit; Restarbeit sinkt über Fenster, kein interner Attraktor.",GVR028,bedingt,Worker nutzt erhaltenen Checkpoint zur nächsten Teilaufgabe; Fristen innerhalb stromloser Zeit werden nicht gerettet.,Jedes Fenster endet vor einem haltbaren nützlichen Schritt oder Basisversion wird ungültig.,"Boot, Recovery und kleinsten Commit gegen tatsächliches Energiefenster messen. Keine Dauerkommunikation aus periodischem Checkpoint ableiten."
S187.B02,S187,governance,none,governance,GV40 GV04 GV47 GV24,Jedes Fenster endet während Wiederanlauf,halt,Boot/Recovery übersteigen fünf Minuten und können selbst keinen persistenten Fortschritt halten; Archivbytes sind separat lesbar in erlaubter kleiner Inspektion.,Jede neue Energieperiode wiederholt denselben Start ohne nutzbare Verarbeitung.,GVR001,teilweise,"Falls enge Inspektion tatsächlich ins Fenster passt, bleiben bekannte Akten lesbar; für den geforderten laufenden Arbeitsfortschritt bleibt keines.",Auch Inspektion passt nicht oder ein kleiner haltbarer Recoverycheckpoint ermöglicht Fortschritt.,"Boot, Recovery und kleinsten Commit gegen tatsächliches Energiefenster messen. Keine Dauerkommunikation aus periodischem Checkpoint ableiten."
S188.B01,S188,governance,none,governance,GV41 GV08 GV28,"Kryptobeweise unbrauchbar, physischer Fakt separat belegt",ungewissheit,Konkreter Inhalt ist unabhängig physisch verwahrt und Herkunft hängt nicht allein an einer der gebrochenen Primitiven.,Kryptowechsel repariert alte Signaturen nicht; physische Verwahrung trägt nur ihren engen Fakt.,GVR033,teilweise,"Berechtigter Auditor nutzt den tatsächlich unabhängigen Verwahrbeleg, nicht pauschal jede alte Signatur.",Verwahridentität wurde ausschließlich mit denselben gebrochenen Signaturen begründet.,Gebrochene Kryptographie nach konkreter Beweis-/Secrecyeigenschaft führen; tatsächliche Entschlüsselung/Fälschung braucht eigenes Ereignis. Nur wirklich unabhängige physische Herkunft kann enger Rest sein.
S188.B02,S188,governance,none,governance,GV41 GV08 GV28,Nur gebrochene kryptographische Beweisbasis,ungewissheit,Für betrachtete historische Authentizität existiert keine andere Herkunftsbasis als praktisch gebrochene Primitiven.,Neue Signatur über vorhandene Bytes belegt nicht deren unangetastete Vergangenheit.,none,keines,Für frühere kryptographisch garantierte Authentizität bleibt kein Rest; tatsächliche Fälschung oder Offenlegung ist damit noch nicht bewiesen.,Ein unabhängig verankerter zeitgenössischer Herkunftsfakt stützt genau die Behauptung.,Gebrochene Kryptographie nach konkreter Beweis-/Secrecyeigenschaft führen; tatsächliche Entschlüsselung/Fälschung braucht eigenes Ereignis. Nur wirklich unabhängige physische Herkunft kann enger Rest sein.
S188.B03,S188,governance,none,governance,GV41 GV08 GV28,Archivinhalt tatsächlich unberechtigt entschlüsselt,verlust,Angreifer nutzt Bruch und liest konkret geschützte Daten.,Späterer Algorithmuswechsel nimmt diese Offenlegung nicht zurück.,none,keines,Für Nie-Offenlegung des gelesenen Inhalts besteht keine Restfähigkeit; neue sichere Kommunikation wäre ein neuer Vertrag.,Kein unberechtigter Klartextzugriff auf diese Daten fand statt.,Gebrochene Kryptographie nach konkreter Beweis-/Secrecyeigenschaft führen; tatsächliche Entschlüsselung/Fälschung braucht eigenes Ereignis. Nur wirklich unabhängige physische Herkunft kann enger Rest sein.
S189.B01,S189,governance,none,governance,GV15 GV33 GV27 GV38,Beide Nachfolger beanspruchen dieselbe Freigabe,halt,Konkrete Rechte kollidieren und kein anerkannter Nachfolgeentscheid gilt; letzter Effektpfad hält beide Ansprüche.,Konflikt bleibt bis bindende Zuordnung; gleiche Schlüssel oder Ankunftsordnung schaffen keinen Vorrang.,GVR005,bedingt,Prüfer bewahrt strittigen Auftrag ohne unberechtigte Parteinahme; andere eindeutige Bereiche bleiben getrennt.,Einer kann den gemeinsamen Gatepfad umgehen oder anerkannte Zuordnung war bereits vorhanden.,Rechtliche Nachfolgeransprüche vor technischen Grants adjudizieren oder anerkannt partitionieren. Credentials und Operationsfencing entscheiden keine Eigentumsfrage.
S189.B02,S189,governance,none,governance,GV15 GV33 GV27 GV38,Bindende Teilung erlaubt getrennte neue Arbeit,transient,Anerkannte Instrumente ordnen konkrete Rechte eindeutigen Nachfolgern zu und aktuelle Zulassung setzt sie um.,Übergang endet innerhalb der geklärten Bereiche; frühere Doppelwirkungen bleiben eigene Outcomes.,GVR032 GVR011,bedingt,"Neue Befugte nutzen tatsächlich zugeordnete Rechte, alte globale Grants werden abgewiesen.",Ein übernommener Universalgrant erlaubt weiterhin Wirkung im Bereich des anderen.,Rechtliche Nachfolgeransprüche vor technischen Grants adjudizieren oder anerkannt partitionieren. Credentials und Operationsfencing entscheiden keine Eigentumsfrage.
S190.B01,S190,governance,none,governance,GV42,Jede systemspezifische Information verschwunden,verlust,"Alle Geräte, Kopien, Schlüssel, Erinnerungen und sonstigen rekonstruktiven Spuren dieses Systems fehlen wie in GVT090 streng vorausgesetzt.",Kein verbleibender Träger kann Identität oder Historie erzeugen; Neuinstallation ist kein Wiederfinden dieses Systems.,none,keines,Für systemspezifische Information und nachweisbare Kontinuität bleibt keinerlei Residue; unabhängige fremde Technik wäre nicht dieses System.,Irgendeine tatsächlich nutzbare systemspezifische Spur oder Erinnerung existiert.,"Totalverlust ausdrücklich als Grenze ohne Recoverymodul ausweisen. Keine Erinnerung, externe Kopie oder neu erzeugte Identität darf dem wörtlichen Inventar nachträglich hinzugefügt werden."
S191.B01,S191,governance,none,governance,GV43 GV13 GV38,Restore trifft unabhängigen aktuellen Abgleich,halt,"Snapshot ist alt, aber aktueller Widerruf und bereits ausgeführte Operations-ID sind außerhalb Restore am tatsächlichen Gate/Teilnehmer erhalten.",Neue Wirkung bleibt abgewiesen; alte DB kann weiterhin unvollständig sein.,GVR011 GVR021,bedingt,"Reconciler verweigert widerrufenen Grant und Teilnehmer erkennt schon angenommene Operation, jeweils unter eigenem Vertrag.",Beide Prüfungen verwenden nur alte Snapshotdaten oder Teilnehmeridentität wurde beim Restore neu erzeugt.,"restore::reconcile kennt nur Snapshotsuffix. Widerruf, Teilnehmeroutcome und lokale Lease separat abgleichen; queued ohne Versuch ist kein globales nie gesendet."
S191.B02,S191,governance,none,governance,GV43 GV13 GV38,Versuch im Snapshot bleibt als offene Wirkung gehalten,halt,"Alternative zeitliche Snapshotlage enthält Versuch; restore::reconcile blockiert den dortigen Run, tatsächliche erneute Effektvermittlung hält sich an die Sperre.","Bekannter Versuch bleibt offen; Leasebelegung, heutige Freigabe und Außenoutcome werden nicht durch diesen Fixpunkt gelöst.",GVR001 GVR005,teilweise,Prüfer liest konkreten alten Versuch und gehaltene Hülle; kein produktweiter Todesbeweis aus diesem Helper.,Anderer Caller sendet trotzdem oder unabhängige Evidenz löst das konkrete Outcome.,"restore::reconcile kennt nur Snapshotsuffix. Widerruf, Teilnehmeroutcome und lokale Lease separat abgleichen; queued ohne Versuch ist kein globales nie gesendet."
S191.B03,S191,governance,none,governance,GV43 GV13 GV38,Staler neuer Send führt zu akzeptiertem Duplikat,verlust,"Snapshot enthält keinen Versuch, Caller sendet erneut und nicht idempotenter Teilnehmer akzeptiert trotz zuvor ausgeführter Aktion.","Zweiter historischer Effekt ist eingetreten; finanzielle Mitigation kann Wert ändern, nicht Annahmezähler zurücksetzen.",none,keines,Für nie doppelt erfolgte Wirkung bleibt kein Residue; Verlust jedes Geschäftswerts oder Schadenshöhe wird nicht automatisch behauptet.,Nur Sendeabsicht statt Teilnehmerannahme liegt vor oder Teilnehmer dedupliziert die Operations-ID.,"restore::reconcile kennt nur Snapshotsuffix. Widerruf, Teilnehmeroutcome und lokale Lease separat abgleichen; queued ohne Versuch ist kein globales nie gesendet."
S192.B01,S192,governance,none,governance,GV10 GV43 GV38 GV02,"Neue Wirkung gestoppt, Commit bleibt offen",halt,Vorhandene Stopspur erreicht letzten Aufrufpfad ohne normalen Diskwrite und Neustart bleibt geschlossen bis Widerrufsabgleich.,"Stop wirkt trotz voller SSD; dauerhafte Bestätigung wartet auf echten Commit, angenommene Arbeit bleibt separat.",GVR034,bedingt,Operator kann neue Annahmen verhindern und wahrheitsgemäß fehlende Persistenz sehen.,Sperre verlangt selbst vollen Diskwrite oder Neustart lässt ohne Abgleich neue Wirkung zu.,Notfallstop bei voller SSD von dauerhafter Widerrufsbestätigung trennen. Vollständige letzte Zulassung und Crash-Neustartbarriere müssen konkret nachgewiesen werden.
S192.B02,S192,governance,none,governance,GV10 GV43 GV38 GV02,Volle SSD lässt Widerruf unbekannt,ungewissheit,Konkrete Commit-/Acksemantik und Stopvermittlung sind nicht bekannt; Flood trifft Widerruf zeitgleich.,Gleichzeitigkeit beweist weder bestätigten Commit noch tatsächlich fortgesetzte Außenwirkung.,none,ungeklaert,"Für wirksamen dauerhaften Widerruf ist kein Residue belegt, solange Commit-/Zulassungstrace fehlt.",Trace belegt dauerhaften Commit vor Annahme oder ausdrückliches Commitversagen mit wirksamer separater Sperre.,Notfallstop bei voller SSD von dauerhafter Widerrufsbestätigung trennen. Vollständige letzte Zulassung und Crash-Neustartbarriere müssen konkret nachgewiesen werden.
S192.B03,S192,governance,none,governance,GV10 GV43 GV38 GV02,Wirkung war vor Stop angenommen,verlust,Teilnehmer hat betroffenen unumkehrbaren Effekt schon angenommen; späterer Widerruf kann betrachtete Vergangenheit nicht ändern.,"Annahme bleibt historisch erfolgt, auch wenn neue Wirkungen erfolgreich gesperrt sind.",none,keines,Für Verhindern dieser bereits erfolgten Wirkung bleibt nichts; Dringlichkeit des Widerrufs belegt nicht rückwirkend Unrecht oder Totalschaden.,Teilnehmer bestätigt Nichtannahme oder vollständig rechtzeitige Aufhebung vor Wirkung.,Notfallstop bei voller SSD von dauerhafter Widerrufsbestätigung trennen. Vollständige letzte Zulassung und Crash-Neustartbarriere müssen konkret nachgewiesen werden.
S193.B01,S193,governance,none,governance,GV13 GV14 GV21 GV04,Halt bleibt trotz einzelner reparierter Komponente,halt,"Herdr ist unbeobachtbar, Leases bestehen, alleiniger Operator tot ohne anerkannten Nachfolger; Budget aufgebraucht, gespeicherte Hülle lesbar.","Runtimewiederkehr liefert weder Befugnis noch Geld, Budgetende beweist keinen Prozessentzug.",GVR001 GVR005,teilweise,"Berechtigte passive Leser behalten Akte und gehaltene Effekte, sofern eigener Leserzugang existiert; ohne solchen Leser ist selbst dieser Rest nicht nutzbar.",Bereits anerkannte Ersatzperson und Zugang sind vorhanden oder Effektpfad umgeht die Sperre.,"Runtimebeobachtung, Leasereservierung, Nachfolgeautorität und Budget als vier unabhängige Bedingungen führen. Kein automatisches Leasefreigeben aus Operatortod oder Kostenende."
S193.B02,S193,governance,none,governance,GV13 GV14 GV21 GV04,Nachfolge kann erst nach getrennten Nachweisen handeln,halt,Anerkannte verfügbare Nachfolge und lesbare Daten existieren; aktuelle Outcomes/Leases oder Finanzierung sind weiterhin ungeklärt.,Befugnis löst nur Autoritätslücke; jedes übrige Prädikat braucht eigenen Beleg bzw. bewussten legitimen Verzicht.,GVR032 GVR017 GVR005,teilweise,Nachfolger kann bekanntes Obligo prüfen und konkrete Mitigation/Beendigung entscheiden; automatische Wiederaufnahme ist nicht erhalten.,Einheitliche Statusänderung behandelt ungeklärtes Prozessende und fehlendes Budget ohne getrennte Entscheidung als erledigt.,"Runtimebeobachtung, Leasereservierung, Nachfolgeautorität und Budget als vier unabhängige Bedingungen führen. Kein automatisches Leasefreigeben aus Operatortod oder Kostenende."
S194.B01,S194,governance,none,governance,GV17 GV31 GV18 GV28,Anordnung hält zulässige Datenbehandlung offen,halt,Löschung noch nicht erfolgt; konkrete Rechtsauslegung/Zeitwirkung und erlaubtes Verzeichnis müssen geklärt werden.,Nutzungs-/Löschhold endet nach bindender Disposition; Manifest beantwortet Rechtsfrage nicht.,GVR014,bedingt,Zuständige Verantwortliche sehen betroffene einzige Kopie und können erlaubte Handlung entscheiden; Erlaubnis zum Behalten wird nicht erfunden.,Anordnung verlangt bereits sofortige Löschung auch des Verzeichnisses oder Hold verhindert rechtswidrig verbindliche Disposition.,"Manifestkonsistenz, Payloadabhängigkeit eines Reducers und bindende Löschanordnung getrennt prüfen. Vollständigkeitsflag darf weder illegale Kopie erlauben noch fehlende Bytes ersetzen."
S194.B02,S194,governance,none,governance,GV17 GV31 GV18 GV28,Einzige notwendige Payload rechtmäßig gelöscht,verlust,Löschung entfernt einzige zulässige rekonstruierbare Darstellung des für geforderten Replay nötigen Inhalts.,"Hash, Manifest und Cursor erzeugen keine Payload; permanenter Verlust gilt nur für benannte Information und Inventar.",none,keines,Für diesen contentabhängigen Replay gibt es keinen Rest; vollständiges Manifest ist kein Recoverysatz.,Geforderter Reducer braucht Inhalt gar nicht oder rechtmäßige tatsächlich ausreichende Darstellung existiert.,"Manifestkonsistenz, Payloadabhängigkeit eines Reducers und bindende Löschanordnung getrennt prüfen. Vollständigkeitsflag darf weder illegale Kopie erlauben noch fehlende Bytes ersetzen."
S194.B03,S194,governance,none,governance,GV17 GV31 GV18 GV28,Enger Reducer benötigt nur erlaubte Metadaten,abschluss,Bindende Regel erlaubt genau die erhaltenen Herkunftskanten und gefragter Reducer ist nachweislich davon allein abhängig.,Endliche enge Rekonstruktion endet ohne gelöschte Payload; kein vollständiger Contentreplay.,GVR015 GVR020,teilweise,Prüfer nutzt nur erlaubte Kanten mit kompatiblem reinem Reader; GVR020 gilt hier ausdrücklich nur für diesen Metadatenbestand.,Abhängigkeitsprüfung zeigt Zugriff auf gelöschten Inhalt oder rechtliche Pflicht verbietet Kanten.,"Manifestkonsistenz, Payloadabhängigkeit eines Reducers und bindende Löschanordnung getrennt prüfen. Vollständigkeitsflag darf weder illegale Kopie erlauben noch fehlende Bytes ersetzen."
S195.B01,S195,governance,none,governance,GV02 GV05 GV06 GV07,Neue Syntax vor Fachwirkung verweigert,halt,Strikter Consumer erkennt inkompatibles Format vor Effekt; ursprüngliche Bytes sind unter eindeutigen Objekt-IDs erhalten und gehaltene Anforderung bleibt verfügbar.,Halt bis ausdrücklich kompatible und fachlich geprüfte Auslegung besteht.,GVR037 GVR005,bedingt,Prüfer kann echte neue Ausgabe lesen und Wirkung zurückhalten; Parsererfolg wäre noch keine Bedeutungsabnahme.,Permissiver Nebenconsumer führt die falsch interpretierte Ausgabe trotzdem aus.,"Outputsyntax, konkrete Fachsemantik, Instrumentzuordnung und unabhängige Abnahme getrennt migrieren. Same-family-Review liefert keine zweite unabhängige Fehlerquelle."
S195.B02,S195,governance,none,governance,GV02 GV05 GV06 GV07,Semantikfehler verfestigt sich durch Eigenprüfung,attraktorhypothese,"Parser akzeptiert Format, gleicher Modellfehler bestätigt falsche Bedeutung und Ergebnis wird als neue Referenz wiederverwendet.",Falsche Bedeutung → Eigenbestätigung → Referenz → weitere gleichartige Bestätigung → Vertrauen.,GVR037 GVR004,teilweise,"Erhaltene Originalbytes und enge Rohwerte ermöglichen spätere Analyse, liefern aber keine fachliche Wahrheit oder unabhängige Modellidentität.",Eigenurteil wird nicht wiederverwendet oder unabhängiger Sachbefund ändert Abnahme.,"Outputsyntax, konkrete Fachsemantik, Instrumentzuordnung und unabhängige Abnahme getrennt migrieren. Same-family-Review liefert keine zweite unabhängige Fehlerquelle."
S195.B03,S195,governance,none,governance,GV02 GV05 GV06 GV07,"Eigenprüfung irrt, konkreter Sachtest greift",halt,Unabhängiger Test trifft genau den Format-/Bedeutungsfehler und negativer Befund darf Freigabe stoppen.,"Halt bis semantisch richtiges neues Ergebnis vorliegt, nicht bis weitere gleiche Reviewer zustimmen.",GVR006 GVR005,bedingt,Prüfer nutzt konkreten Gegenbefund und Effekthülle; universell korrekter Test wird nicht angenommen.,Test akzeptiert denselben Fehler oder ist institutionell wirkungslos.,"Outputsyntax, konkrete Fachsemantik, Instrumentzuordnung und unabhängige Abnahme getrennt migrieren. Same-family-Review liefert keine zweite unabhängige Fehlerquelle."
S196.B01,S196,governance,none,governance,GV10 GV11 GV01 GV24,Monatswelle bleibt endlicher Arbeitsberg,extern-erzwungen,"Scopezahl endlich, Lineage erhalten, Cronnachholen endlich und sämtliche Wurzeln/Retryidentitäten global begrenzt.",Welle kann lange sättigen; nach endlichem Nachholen und Abschluss sinkt Restmenge.,GVR013,bedingt,Operator priorisiert/streicht benannte überholte Arbeit aus endlichem Register; Rechtzeitigkeit alter Aufträge ist nicht gerettet.,Cron oder Agents erzeugen außerhalb des Limits laufend neue Wurzeln.,"Cronvorkommen, frische Wurzeln, Lineage und Retries gemeinsam zählen. Zwei Agents dürfen nicht still die vorhandene Same-chain-Zyklussperre umgehen; finite Nachholwelle ist kein Attraktor."
S196.B02,S196,governance,A7S04,coordinator-review-amendment,GV10 GV11 GV01 GV24,Verzögerung erneuert Wurzeln über Ersatzrate,eskalation,Agents dürfen unabhängig neue Wurzeln erzeugen und Rückstau löst mehr davon aus als abgeschlossen werden; Cron liefert Startimpuls.,"Rückstau → frische Wurzeln → mehr Rückstau → weitere Wurzeln, trotz endlicher Kettentiefe.",GVR001,teilweise,Erhaltene Abstammungs-/Auftragsdaten bleiben untersuchbar; endliche Tiefe begrenzt hier nicht Instanzzahl.,Nach Entfernen des Cronimpulses bei gleicher deklarierter Basislast fällt Reproduktion unter Abbau; Nullankunftstest separat behandeln.,"Cronvorkommen, frische Wurzeln, Lineage und Retries gemeinsam zählen. Zwei Agents dürfen nicht still die vorhandene Same-chain-Zyklussperre umgehen; finite Nachholwelle ist kein Attraktor."
S197.B01,S197,governance,none,governance,GV44 GV38 GV28,Veraltete Inverse schützt heutige menschliche Bytes durch Ablehnung,halt,"Vorwärtsbeleg und inverse Semantik sind erhalten, Objektversionsvergleich erfolgt am Teilnehmer und Startobjekt ist gebunden.","Geänderte menschliche Version hält alte Inverse an; neue legitime Mitigation kann folgen, aber nicht automatisch.",GVR030 GVR009,bedingt,Operator nutzt konkreten Kompensationsauftrag zur Prüfung und erhält aktuelle menschliche Änderungen unverändert.,Neues Plugin ignoriert Vergleich oder verändert Bedeutung trotz gleicher Operationsbezeichnung.,"Inverse an Originaloperationsvertrag, tatsächlich ausgeführte Pluginbytes und heutige Objektversion binden; abgewiesene Kompensation nicht als fertigen Rollback markieren."
S197.B02,S197,governance,none,governance,GV44 GV38 GV28,Unbedingte neue Inverse überschreibt einzige menschliche Änderung,verlust,"Pluginupdate ändert Semantik oder ignoriert Version; Überschreiben wird angenommen, keine rekonstruierbare Kopie der einzigartigen Änderung bleibt.",Spätere Mitigation stellt nicht exakt verlorene menschliche Bytes oder Historie wieder her.,none,keines,Für Erhalt der überschriebenen einzigartigen Änderung besteht kein Residue; finanzielle oder fachliche Teilmitigation kann anderen Wert retten.,Teilnehmer weist stale Version zurück oder unabhängige echte Kopie enthält die Änderung.,"Inverse an Originaloperationsvertrag, tatsächlich ausgeführte Pluginbytes und heutige Objektversion binden; abgewiesene Kompensation nicht als fertigen Rollback markieren."
S198.B01,S198,governance,none,governance,GV26 GV27 GV43 GV38,Legacyklon vom Teilnehmer ausgeschlossen,halt,"Beide Stores starten, aber Teilnehmer erkennt stabile Operations-ID und nur aktuelle Cutoverepoche als Schreibrecht.","Alter Dispatcher bleibt für neue Wirkung ausgeschlossen, auch wenn lokaler DB-Lock frei ist.",GVR021 GVR038 GVR020,bedingt,Reconciler prüft getrennte historische Bytes mit passenden Lesern; Teilnehmer bewahrt begrenzte Effektordnung unabhängig davon.,Legacyadapter nutzt neue IDs oder einen anderen nicht eingezogenen Teilnehmerpfad.,Cutover-Autorität außerhalb einzelner DBkopie erzwingen. Schemafallback und Teilnehmer-Fencing sind getrennte Grenzen; zwei konsistente lokale Stores verhindern kein Duplikat.
S198.B02,S198,governance,none,governance,GV26 GV27 GV43 GV38,"Beide lokale Historien, globale Reihenfolge fehlt",extern-erzwungen,Klon und neuer Dispatcher besitzen überlappend effektive Rechte ohne gemeinsames Fencing; getrennte Originalakten sind erhalten.,Weiterlaufende Writer erhalten Divergenz; lokale SQL-Atomicität entscheidet keine Außenreihenfolge.,GVR001,teilweise,"Prüfer liest beide klar als Teilhistorien, nicht als eine automatisch gültige Gesamtgeschichte.",Unabhängiger Teilnehmerbeleg und exklusive Rechte verhindern tatsächlich zweite Annahme.,Cutover-Autorität außerhalb einzelner DBkopie erzwingen. Schemafallback und Teilnehmer-Fencing sind getrennte Grenzen; zwei konsistente lokale Stores verhindern kein Duplikat.
S198.B03,S198,governance,none,governance,GV26 GV27 GV43 GV38,Doppelte Wirkung bereits akzeptiert,verlust,Legacy und neuer Pfad senden denselben fachlichen Effekt unter nicht zusammengeführter Identität und Teilnehmer nimmt beide an.,"Historischer Doppelvollzug bleibt, auch wenn Bilanz später korrigiert werden kann.",none,keines,Für At-most-once dieses bereits ausgeführten Effekts bleibt kein Rest; Umfang irreversiblen Schadens ist separat zu bestimmen.,Nur zwei lokale Absichten vorliegend oder Teilnehmer hat eine Annahme abgelehnt.,Cutover-Autorität außerhalb einzelner DBkopie erzwingen. Schemafallback und Teilnehmer-Fencing sind getrennte Grenzen; zwei konsistente lokale Stores verhindern kein Duplikat.
S199.B01,S199,governance,none,governance,GV31 GV25 GV48,"Tools erhalten, einziger Inhaltskey fehlt",ungewissheit,"Legaler vollständiger Decoder-/Laufsatz ist vorhanden, aber kein nutzbarer Inhaltspfad ohne verlorenen Backupkey ist bekannt.","Software lässt sich nutzen, derselbe Restore liefert fehlenden Schlüssel nicht; permanente Unmöglichkeit folgt nicht allein aus heutiger Unkenntnis.",GVR016,teilweise,"Maintainer kann Toolchain betreiben; für tatsächliche Payloadrecovery bleibt aktuell keines, auch bei korrektem Backupmanifest.",Ein bereits verfügbarer Schlüssel/Klartextpfad stellt Inhalt wieder her oder Tools sind doch unvollständig.,"Gerät, Backupschlüssel und Toolanbieter als getrennte notwendige Pfade prüfen. Insolvenz ist nicht Beweis fehlender Open-/Altsoftware; vorhandene Software entschlüsselt ohne nötigen Schlüssel keine Daten."
S199.B02,S199,governance,none,governance,GV31 GV25 GV48,Konkreter unabhängiger Inhaltssatz ohne verlorenen Schlüssel nutzbar,transient,Tatsächlich vorhandene legale andere Klartext-/Schlüsselkopie plus Decoder funktioniert ohne verlorenes Gerät und insolventen Lieferanten.,Rekonstruktion kann enden; dieser Zweig setzt benannten unabhängigen Satz voraus statt ihn aus Insolvenz abzuleiten.,GVR012,bedingt,Berechtigter Wiederhersteller nutzt allein den nachgewiesen vollständigen unabhängigen Satz.,"Isolierter Restore benötigt doch verlorenen Key, Vendorfreischaltung oder nicht vorhandene Daten.","Gerät, Backupschlüssel und Toolanbieter als getrennte notwendige Pfade prüfen. Insolvenz ist nicht Beweis fehlender Open-/Altsoftware; vorhandene Software entschlüsselt ohne nötigen Schlüssel keine Daten."
S199.B03,S199,governance,none,governance,GV31 GV25 GV48,Kein bekannter vollständiger Inhalts- und Toolpfad,ungewissheit,"Kein nutzbarer Schlüssel-/Klartext-/Decoderweg ist bekannt, aber Ciphertext oder Erinnerungen bestehen.",Wiederholtes Manifestprüfen kann fehlende Teile nicht erzeugen.,none,keines,Für jetzige Wiederherstellung fehlt Restfähigkeit; nicht als vollständiges S190-Verschwinden umetikettieren.,Tatsächlich zugänglicher vollständiger Wiederherstellungspfad wird demonstriert.,"Gerät, Backupschlüssel und Toolanbieter als getrennte notwendige Pfade prüfen. Insolvenz ist nicht Beweis fehlender Open-/Altsoftware; vorhandene Software entschlüsselt ohne nötigen Schlüssel keine Daten."
S200.B01,S200,governance,none,governance,GV31 GV06 GV05 GV02,Vollmarkierte Matrix rechtfertigt fortgesetzten Prüfstop,attraktorhypothese,"Bericht hat Autorität, stoppt reale Tests und wird wegen fehlender negativer Messergebnisse erneut als Erfolg benutzt.",Matrix → Prüfstop → keine Gegenmessung → scheinbare Bewährung → erneute Matrixautorität.,GVR031,teilweise,"Falls ursprüngliche begrenzte Belege und fehlende Versuche lesbar bleiben, können unabhängige Prüfer Behauptung angreifen; Liste führt keinen Test aus.",Reale unabhängige Prüfungen bestimmen Behauptung trotz Vollmarkierung oder Bericht verliert Steuerwirkung.,"Matrixcoverage, Testdurchführung, fachliche Abnahme und empirische Resilienz explizit auseinanderhalten. Auch diese A7-Abgabe darf Prüfstop nicht legitimieren."
S200.B02,S200,governance,none,governance,GV31 GV06 GV05 GV02,"Nachweisgrenze sichtbar, empirischer Anspruch zurückgenommen",halt,Berechtigte Prüfer können Belegverzeichnis lesen und konkrete fehlende Versuche machen Generalfreigabe unwirksam.,"Halt des Generalanspruchs endet erst mit relevanter enger Evidenz, nicht durch weitere Matrixfelder.",GVR031,bedingt,Prüfer hält unbelegte Freigabe zurück und kann Prüfauftrag präzise stellen; reale Resilienz bleibt unbewiesen.,Freigabe wird allein wegen ausgefüllter Felder erteilt oder ungetestete Hülle als empirisch bestanden bezeichnet.,"Matrixcoverage, Testdurchführung, fachliche Abnahme und empirische Resilienz explizit auseinanderhalten. Auch diese A7-Abgabe darf Prüfstop nicht legitimieren."
S201.B01,S201,observability,none,observability,OB02 OB01,"Mac aus, bestätigte Daten warten",extern-erzwungen,"Strom fehlt, zuvor bestätigte Daten und Decoder bleiben auf intaktem Medium, kein unabhängiger Beobachter verfügbar","Ausführung und Selbstalarm ruhen bis Energie zurückkehrt, keine Eigenrückkopplung",OBR001,teilweise,"Nach Rückkehr kann der Operator den erhaltenen Bestand lesen, aktuell kann der ausgeschaltete Mac nichts melden",Nach Stromrückkehr sind bestätigte Daten nicht lesbar oder vor Rückkehr lief doch ein unabhängiger Alarmweg,"Lokalen Bestand, laufende Ausführung und externe Ausfallfeststellung separat ausweisen. Ein unabhängiger Detektor ersetzt weder Strom noch erreichbaren Menschen."
S201.B02,S201,observability,none,observability,OB02 OB01,Ausfall außerhalb des Macs erkennbar,extern-erzwungen,Ein zuvor eingerichteter Beobachter mit eigener Energie und erreichbarem Lesepfad überlebt genau diesen Stromverlust,Frische läuft ab und Detektor hält Ausfallevidenz solange Mac stumm bleibt,OBR002,bedingt,"Unabhängiger Leser kann fehlende Lebenszeichen erkennen, damit ist weder Mensch informiert noch Host wieder verfügbar",Ausfall der Macversorgung legt auch den behaupteten Detektor oder seinen Evidenzzugang still,"Lokalen Bestand, laufende Ausführung und externe Ausfallfeststellung separat ausweisen. Ein unabhängiger Detektor ersetzt weder Strom noch erreichbaren Menschen."
S202.B01,S202,observability,none,observability,OB03 OB16 OB01,"Host grün, Daemon ohne Dienst",halt,"Daemon beendet, Hostprobe läuft weiter und bestätigter Store bleibt lesbar","Ohne Neustarter oder Operator bleibt Dienst beendet, Hostgrün liefert keinen Wiederanlauf",OBR001,teilweise,"Operator kann frühere Aufträge lesen, daraus folgt kein aktueller Daemonfortschritt",Neue Daemonmutation ist während behaupteter Abwesenheit nachweislich bestätigt,Hostuptime nicht als Daemondienst führen. Neustart nur mit getrenntem Abgleich fortlaufender Teilnehmer und erhaltenem Versuchsstand.
S202.B02,S202,observability,none,observability,OB03 OB16 OB01,Neustart mit unbekannten alten Wirkungen,ungewissheit,"Daemonpfad-Probe erkennt Fehlen und Neustart gelingt, alte Teilnehmer können weiterlaufen, Versuchsjournal erhalten","Ungewissheit endet nur mit korrelierter Annahmeevidenz, nicht mit neuer PID",OBR005 OBR017,bedingt,"Probe belegt neuen lokalen Pfad, Journal erlaubt alten Versuch zurückzuhalten ohne Teilnehmerende zu erfinden",Neustart markiert unbekannte alte Versuche ohne Teilnehmerbeleg als nie ausgeführt,Hostuptime nicht als Daemondienst führen. Neustart nur mit getrenntem Abgleich fortlaufender Teilnehmer und erhaltenem Versuchsstand.
S203.B01,S203,observability,none,observability,OB30 OB06 OB07 OB01 OB17,Alter Bestand vor neuer Freigabe gehalten,halt,"Alte Absichten sind lesbar und vorgeschlagenes Frischegate greift vor Dispatch, explizites Restore behandelt versuchte Tasks gesondert","Halt endet durch gültige erneute Entscheidung oder dokumentiertes Verwerfen, nicht durch Aufwachen",OBR007 OBR017,bedingt,"Operator kann alte Absicht und bekannte Versuche prüfen, kein automatischer Versand aus bloßer Queue-Dauerhaftigkeit",Nie versuchter aber abgelaufener Auftrag erreicht Teilnehmer ohne neue Freigabe,"Wake-up braucht Gültigkeitsentscheidung getrennt von explizitem restore::reconcile. Nie versucht heißt nicht noch erlaubt, Taskfreigabe und Lease bleiben eigene Prädikate."
S203.B02,S203,observability,none,observability,OB30 OB06 OB07 OB01 OB17,Alter Auftrag hat falsche Wirkung erzeugt,verlust,"Ohne Frischegate wird inzwischen ungültiger Auftrag extern irreversibel akzeptiert, lokales Journal blieb intakt",Vergangene Fehlwirkung bleibt auch nach späterem Stop historisch wahr,OBR017,teilweise,"Journal hilft noch bei Abgleich und Folgenbearbeitung, ursprüngliche Gültigkeit der angenommenen Aktion ist verloren",Teilnehmer weist nach dass der alte Auftrag vor Annahme abgelehnt wurde,"Wake-up braucht Gültigkeitsentscheidung getrennt von explizitem restore::reconcile. Nie versucht heißt nicht noch erlaubt, Taskfreigabe und Lease bleiben eigene Prädikate."
S204.B01,S204,observability,none,observability,OB02 OB01,Beide Geräte stromlos,extern-erzwungen,"Gemeinsame Steckdose fällt aus, Medien bleiben intakt, kein dritter Beobachter",Ausführung und lokale Beobachtung kehren erst mit Versorgung zurück,OBR001,teilweise,"Erhaltener bestätigter Bestand ist später lesbar, die zwei Geräte können währenddessen keinen Ausfall feststellen",Mini-PC sendet unter derselben stromlosen Versorgung nachweislich aktuelle Befunde,Fehlerdomäne Steckdose dokumentieren. Separate Box ist kein unabhängiger Zeuge und eine weitere Kopie wird nicht vorausgesetzt.
S204.B02,S204,observability,none,observability,OB02 OB01,Vorgelagerter Zeuge bleibt verfügbar,extern-erzwungen,Bereits vorhandener externer Zeuge samt Netz Identität und Lesezugang hängt nicht an dieser Steckdose,Ausfallevidenz bleibt bis neue frische Beobachtung eintrifft,OBR002,bedingt,"Operator kann genau den gemeinsamen Ausfall erkennen, nicht den Erfolg aller offenen Tasks",Entzug der Steckdose entfernt auch den letzten Belegzugang des Zeugen,Fehlerdomäne Steckdose dokumentieren. Separate Box ist kein unabhängiger Zeuge und eine weitere Kopie wird nicht vorausgesetzt.
S205.B01,S205,observability,none,observability,OB04 OB02 OB20,Gemeinsamer Account sperrt alle Zugänge,halt,"Monitor Mail und einzige Backupzugänge sind gesperrt, kein anderer erlaubter Zugang ist bekannt",Warten auf Accountrecovery oder Nachweis eines tatsächlich vorhandenen anderen Zugangs,none,ungeklaert,"Für Alarmempfang und Backupabruf ist keine nutzbare Struktur belegt, physische Existenz der Bytes allein hilft dem ausgesperrten Operator nicht",Ein berechtigter Operator ruft während der Sperre verifizierte Daten oder frische Alarme ohne den Account ab,Accountabhängigkeiten für Beobachtung Empfang und Backupzugang separat prüfen. Gesperrte Daten nicht als gelöscht oder als bereits verfügbare Kopie behandeln.
S205.B02,S205,observability,none,observability,OB04 OB02 OB20,Vorab unabhängiger Notzugang und Zeuge,halt,"Separater lokal autorisierter Notzugang und accountunabhängiger Zeuge wurden vorher eingerichtet, Operator und Host erreichbar","Account bleibt gesperrt, begrenzte lokale Bedienung und fremde Ausfallevidenz bleiben bis eigener Ablauf nutzbar",OBR002 OBR034,bedingt,"Operator kann definierte Notbefehle und unabhängige Evidenz nutzen, damit sind die gesperrten Backups nicht wieder lesbar",Notzugang benötigt doch denselben Login oder Zeuge verliert gleichzeitig seine Identität,Accountabhängigkeiten für Beobachtung Empfang und Backupzugang separat prüfen. Gesperrte Daten nicht als gelöscht oder als bereits verfügbare Kopie behandeln.
S206.B01,S206,observability,none,observability,OB02 OB04 OB01,Regionale Trennung ohne erreichbaren Operator,extern-erzwungen,"Region kappt Rechnerzugang Mobilfunk und einzigen Operator, lokaler bestätigter Bestand überlebt","Äußere Trennung hält an bis regionale Wege wiederkehren, keine Schleife erforderlich",OBR001,teilweise,"Lokale Daten können später gelesen werden, aktuell bleibt menschliche Reaktionsfähigkeit ohne nachgewiesenen Ersatz unzugänglich",Eine autorisierte erreichbare Person empfängt außerhalb der Region aktuelle Evidenz,"Region, Leser und Menschen als verschiedene Abhängigkeiten modellieren. Lokale autonome Erholung nicht als Alarmempfang darstellen."
S206.B02,S206,observability,none,observability,OB02 OB04 OB01,Außerregionaler Empfang nur mit echter Vertretung,extern-erzwungen,Entwurfsalternative richtet vorab Zeugen und zusätzlich berechtigte erreichbare Vertretung außerhalb der Region ein,Unabhängiger Vorfall kann quittiert werden während regionale Ausführung weiter unerreichbar ist,OBR002 OBR003,bedingt,"Vertretung kann genau diesen Ausfall kennen und quittieren, keine Wiederherstellung der Region oder aller Tasks",Alle Quittungen stammen nur vom unerreichbaren einzigen ursprünglichen Operator oder teilen die ausgefallenen Wege,"Region, Leser und Menschen als verschiedene Abhängigkeiten modellieren. Lokale autonome Erholung nicht als Alarmempfang darstellen."
S207.B01,S207,observability,none,observability,OB02 OB03,"Einziger Monitor tot, Gesundheitswissen fehlt",ungewissheit,"Monitor fällt vor Factory aus, kein frischer anderer Beleg und keine externe Ersatzstruktur vorhanden","Bis neue Beobachtung bleibt Zustand unbekannt, angezeigtes altes Grün wäre nur falsche Behauptung",none,keines,"Für aktuelle Remote-Gesundheitsfeststellung ist nichts nutzbar, Host- und Datenerhaltung sind davon getrennt",Ein anderer authentischer frischer Befund existiert während dieser Lücke,"Auch Frische des Beobachters befristen. Ein zweiter Zeuge belegt Beobachterausfall, nicht automatisch Ursache oder Gesundheit Factorys."
S207.B02,S207,observability,none,observability,OB02 OB03,Beobachterstille wird unabhängig erkannt,halt,Vorhandener zweiter unabhängiger Zeuge prüft Monitorfrische statt dessen letztes Grün zu übernehmen,Monitorablauf erzeugt begrenzte Ausfallevidenz bevor Factory selbst ausfällt,OBR002 OBR004,bedingt,"Leser kann fehlende Monitorfrische sehen, Factoryzustand bleibt ohne eigene Probe unbekannt",Monitorstille verlängert das letzte Grün oder zweiter Zeuge fällt im selben Fehler weg,"Auch Frische des Beobachters befristen. Ein zweiter Zeuge belegt Beobachterausfall, nicht automatisch Ursache oder Gesundheit Factorys."
S208.B01,S208,observability,none,observability,OB04 OB01,"Annahme bestätigt, Mensch nicht erreicht",halt,"Mail landet im Spam, einziger erwarteter Mensch liest sie nicht, kein Quittungsweg vorhanden","Warten endet nur mit tatsächlichem Empfang oder anderem Kontakt, Resend allein beweist nichts",none,keines,"Für nachgewiesene menschliche Kenntnis existiert keine Restfähigkeit, Providerannahme ist nur Transportinformation",Authentische vorfallsgebundene Menschenquittung liegt im behaupteten stillen Zeitraum vor,"Versandannahme und menschlichen Empfang getrennt korrelieren, endliche Vorfallsquittung nicht zur Reparatur oder zur Erhaltung aller Vorfälle aufwerten."
S208.B02,S208,observability,none,observability,OB04 OB01,Unabhängig quittierter Einzelvorfall,abschluss,Vorab eingerichteter unabhängiger Kontakt erreicht berechtigten Menschen und dessen echte Quittung wird erhalten,"Empfang dieses Vorfalls ist abgeschlossen, Bearbeitung kann weiterhin offen sein",OBR003,bedingt,"Operator und Eskalationslogik können genau eine Empfangsstufe zuverlässig lesen, Spam-Mail muss dafür nicht ankommen",Quittung stammt nur vom Mailprovider oder schließt ohne Menschenaktion weitere Vorfälle,"Versandannahme und menschlichen Empfang getrennt korrelieren, endliche Vorfallsquittung nicht zur Reparatur oder zur Erhaltung aller Vorfälle aufwerten."
S209.B01,S209,observability,none,observability,OB05 OB01,Fehlerhafte Zehnjahresunterdrückung,halt,"Tatsächlich gespeicherte Mute-Policy hat keinen wirksamen Ablauf, darunterliegende bestätigte Daten sind lesbar","Gespeicherte Policy unterdrückt weiter bis explizite Änderung, keine Attraktion aus bloßer Dauer",OBR001,teilweise,"Operator kann historischen Bestand prüfen, Alarmberechtigung ist nicht erhalten",Ursprüngliche Ein-Stunden-Grenze beendet Mute ohne manuelle Änderung,"Mute braucht ursprünglichen dauerhaften Ablauf und sichere Behandlung unklarer Zeit. Ablauf macht Alarme berechtigt, nicht Wartung erfolgreich."
S209.B02,S209,observability,none,observability,OB05 OB01,Befristete Ausnahme endet unabhängig,abschluss,Entwurfs-Ablaufprüfung läuft unabhängig vom Wartungsfehler und erhält ursprüngliches Ende über Neustarts,"Nach Ablauf werden neue Alarme wieder zulässig, Wartungszustand bleibt separat offen",OBR006,bedingt,"Alarmprüfer kann ursprüngliche Ausnahme begrenzen, weder Zustellung noch offene Vorfallsmenge ist damit gesichert",Neustart oder Uhrsprung verlängert den Mute ohne neue autorisierte Entscheidung,"Mute braucht ursprünglichen dauerhaften Ablauf und sichere Behandlung unklarer Zeit. Ablauf macht Alarme berechtigt, nicht Wartung erfolgreich."
S210.B01,S210,observability,none,observability,OB03 OB13,Grüner Thread neben festem Deadlock,halt,"Lockgraph hält Kernel dauerhaft, Health-Thread umgeht ihn und bestätigter Store ist außerhalb lesbar","Ohne Eingriff löst der feste Lockgraph sich nicht, grüner Thread erzeugt keinen Reparaturmechanismus",OBR001,teilweise,"Lesbarer alter Bestand bleibt Diagnoseeingang, keine neue Kernelarbeit oder gültige Gesamthealth",Unter unverändertem behauptetem Deadlock bestätigt der Kernel neue Mutationen,"Kernelpfad und freien Health-Thread getrennt prüfen, Auswerter darf nicht am untersuchten Lock hängen. Ausbleibende Probe allein unterscheidet Deadlock nicht von extremer Langsamkeit."
S210.B02,S210,observability,none,observability,OB03 OB13,"Blockierter Pfad sichtbar, Ursache noch offen",ungewissheit,"Probe durch Kernelpfad bleibt aus und unabhängiger Auswerter läuft, Lockbeweis fehlt","Befund bleibt Pfadstillstand bis Fortschritt oder Lockdiagnose, er darf nicht zum sicheren Deadlock erklärt werden",OBR005,bedingt,"Operator kann Fehlpfad trotz freiem Health-Thread erkennen, Ursache und alle Geschäftsfunktionen sind nicht bewiesen",Auswerter zeigt gesamtes System grün solange der Kernelpfad keinen frischen Commit belegt,"Kernelpfad und freien Health-Thread getrennt prüfen, Auswerter darf nicht am untersuchten Lock hängen. Ausbleibende Probe allein unterscheidet Deadlock nicht von extremer Langsamkeit."
S211.B01,S211,observability,none,observability,OB08 OB03 OB11,"Alter Bestand lesbar, Writes verweigert",extern-erzwungen,"Alte Pages und Decoder intakt, alle neuen Commits scheitern, Retrylast ist begrenzt","Schreibstillstand dauert mit Medienfehler, Reads können unabhängig weitergehen",OBR001,teilweise,"Operator kann bestätigte Vergangenheit lesen, neue Mutationen und ehrliche Schreibbestätigung sind nicht verfügbar",Eine neu bestätigte Mutation überlebt Wiederöffnen unter denselben Fehlerbedingungen,"Lesbarkeit und neue Dauerhaftigkeit getrennt bestätigen, Fehler vor Erfolg ausgeben. fsync-Frist nicht aus SQLite-busy-timeout ableiten."
S211.B02,S211,observability,none,observability,OB08 OB03 OB11,Write-Ausfall korrekt sichtbar,halt,"Pfadprobe und Fehlerauswertung sind unabhängig von blockiertem Writepfad, keine Erfolgsmeldung vor Commit","Befund bleibt fehlerhaft oder unbekannt bis belegter neuer Commit, Probe repariert keine SSD",OBR005 OBR001,bedingt,"Operator sieht Unterschied zwischen lesbarem Bestand und fehlendem Writefortschritt, kein allumfassendes Grün",Nur erfolgreicher Read lässt Writebefund trotz fehlender Commits gesund werden,"Lesbarkeit und neue Dauerhaftigkeit getrennt bestätigen, Fehler vor Erfolg ausgeben. fsync-Frist nicht aus SQLite-busy-timeout ableiten."
S212.B01,S212,observability,none,observability,OB07 OB34,Legitimes Warten ohne Aufmerksamkeitsschleife,halt,"Alle hier betrachteten Tasks warten berechtigt auf fehlende Freigaben und Dispatch ist wirksam gehalten, Operator kann Noise noch unterscheiden, Vorfallsbestand ist innerhalb seiner Grenze","Taskwartezeit endet durch jeweilige Voraussetzung, bezahlbarer Alarmaufwand allein erzeugt keine Schleife",OBR007 OBR008,bedingt,"Erhaltene Absichten und getrennte offene Vorfälle bleiben prüfbar, blockierte Tasks beweisen nicht Kernelgesundheit",Ein echter unabhängiger Fehler verschwindet allein weil alle Tasks als legitim blockiert markiert sind,"Taskblocker und Vorfälle separat führen, Rohmeldungsreset darf keinen Vorfallsabschluss fingieren. Unendliche neue Vorfälle übersteigen jeden endlichen Bestand."
S212.B02,S212,observability,none,observability,OB07 OB34,Verwerfung bewahrt falsches Alarmkriterium,attraktorhypothese,"Wiederholte falsche Fortschrittsalarme überlasten Menschen, sie ignorieren sie und korrigieren deshalb das Kriterium nicht, Taskintent und fehlende Freigaben bleiben lesbar und ihr Dispatchgate wirksam","Falsches Kriterium erzeugt Lärm, Lärm führt zu Verwerfung, Verwerfung verhindert Korrektur und erhält neues Rauschen",OBR007,teilweise,"Absichten und fehlende Erlaubnis bleiben operativ prüfbar, menschliche Reaktion auf echte Vorfälle ist nicht erhalten",Menschen reagieren bei unverändertem Rauschen zuverlässig auf echte Fehler oder korrigieren das Kriterium ohne Schleifenbruch,"Taskblocker und Vorfälle separat führen, Rohmeldungsreset darf keinen Vorfallsabschluss fingieren. Unendliche neue Vorfälle übersteigen jeden endlichen Bestand."
S212.B03,S212,observability,none,observability,OB07 OB34,Andere legitime Voraussetzungen fehlen ohne Freigabemangel,halt,"Tasks warten auf tatsächliche externe Voraussetzungen statt auf Zustimmung, bestätigter Bestand und begrenzter getrennter Vorfallsbestand sind lesbar, Operator kann echte Fehler weiter unterscheiden","Jeder Task wartet bis seine Voraussetzung eintritt oder er explizit disponiert wird, erwarteter Stillstand erzeugt selbst keine autonome Schleife",OBR001 OBR008,teilweise,"Operator kann konkrete Blocker und echte offene Vorfälle prüfen, externe Voraussetzung oder menschliche Freigabe wird dadurch weder erzeugt noch gleichgesetzt",Ein echter Vorfall verschwindet allein wegen erwarteter Taskwartezeit oder die angeblich externe Voraussetzung ist tatsächlich bereits erfüllt,"Taskblocker und Vorfälle separat führen, Rohmeldungsreset darf keinen Vorfallsabschluss fingieren. Unendliche neue Vorfälle übersteigen jeden endlichen Bestand."
S213.B01,S213,observability,none,observability,OB03 OB02,Cachegrün ohne aktuelle Quelle,ungewissheit,"Host aus und Proxy erneuert nur Empfangszeit alter Antwort, kein anderer aktueller Beleg",Falsches Grün dauert höchstens Cachehorizont falls nicht erneut künstlich verlängert,none,keines,"Für aktuelle Hostgesundheit liefert das Cachepaket keine nutzbare Struktur, alte Bytes beweisen nur Vergangenheit",Ein authentischer vom noch lebenden Host neu erzeugter Befund trägt das aktuelle Grün,"Quellalter statt Proxyempfang als Frische benutzen. Eine Woche Cache ist endliche Täuschung, nicht selbsttragende Erneuerung."
S213.B02,S213,observability,none,observability,OB03 OB02,Alte Antwort belegt nur abgelaufene Inkarnation,halt,Signierte Quellinkarnation und belastbares Alter werden auch hinter Proxy geprüft,"Ursprünglicher Ablauf wird durch neue Ankunft nicht verschoben, Zustand bleibt ohne neue Quelle unbekannt",OBR004,bedingt,Monitor kann aktuelle Gesundheitsbehauptung verweigern und genau die Frischelücke zeigen,Wiederholte Proxyantwort verlängert Quellfrische ohne neue Quellgeneration,"Quellalter statt Proxyempfang als Frische benutzen. Eine Woche Cache ist endliche Täuschung, nicht selbsttragende Erneuerung."
S214.B01,S214,observability,none,observability,OB12 OB03 OB02,Endlicher alter Schwall verdrängt echte Evidenz,transient,"Tausend alte Nachrichten teilen FIFO-Auswertung mit echten, keine weitere Paketproduktion aus dem Fehler","Rückstau kann nach endlich vielen Paketen drainieren, bis dahin keine sichere aktuelle Aussage",none,ungeklaert,"Ohne Quellalter und Servicebudget ist unklar ob echte Lebenszeichen rechtzeitig auswertbar sind, endliche Anzahl ist kein Frischebeleg",Quellbelege bleiben unter genau diesem Rückstau nachweislich frisch und zeitnah auswertbar,Frischeprüfung und begrenzte Verarbeitung des Rückstaus separat bauen. Ablehnen alter Pakete ohne Kapazitätsgrenze garantiert keine schnelle echte Probe.
S214.B02,S214,observability,none,observability,OB12 OB03 OB02,Rückstau ohne Frischeverlängerung,transient,Quellinkarnation Sequenz Alter werden geprüft und Aufnahme ist vor teurer Verarbeitung begrenzt,"Alte Pakete laufen endlich aus ohne Gesundheit zu erneuern, reservierte Aufnahme lässt echte Evidenz passieren",OBR004 OBR016,bedingt,"Monitor kann echte von alten Belegen unterscheiden und begrenzte Verarbeitung bewahren, verworfene Pakete bleiben verloren",Alter Schwall setzt letzten Frischezeitpunkt vor oder verbraucht die gesamte zugesagte Restkapazität,Frischeprüfung und begrenzte Verarbeitung des Rückstaus separat bauen. Ablehnen alter Pakete ohne Kapazitätsgrenze garantiert keine schnelle echte Probe.
S215.B01,S215,observability,none,observability,OB19 OB03 OB01,Zwei Sender nicht unterscheidbar,ungewissheit,Original und Klon besitzen dieselbe vollständige beobachtbare Identität ohne unabhängigen Inkarnationsbeleg,Interleavte Pakete bleiben mehrdeutig solange beide oder ihre alten Daten ankommen,none,keines,"Für Gesundheitszuordnung zum Original ist kein unterscheidender Gegenstand vorhanden, Signatur derselben Identität löst nichts",Unabhängig geprüfte Inkarnationen ordnen jedes Paket eindeutig zu,Kloninkarnation unabhängig von kopiertem logischem Namen vergeben. Bei vollständig kopierter Autorität ehrliche Mehrdeutigkeit statt erfundener Unterscheidung.
S215.B02,S215,observability,none,observability,OB19 OB03 OB01,Getrennte nicht kopierte Inkarnationen,halt,Entwurf registriert beide Starts unter unabhängiger Inkarnationsautorität und erhält Frische getrennt,"Klon bleibt separat gesund während Originalablauf sichtbar bleibt, bei Autoritätskollision wieder unbekannt",OBR004,bedingt,Monitor kann beide Quellen getrennt nutzen statt Klongesundheit auf Original zu übertragen,Klon mit kopiertem Namen erneuert den Gesundheitsbeleg des gestoppten Originals,Kloninkarnation unabhängig von kopiertem logischem Namen vergeben. Bei vollständig kopierter Autorität ehrliche Mehrdeutigkeit statt erfundener Unterscheidung.
S216.B01,S216,observability,none,observability,OB27 OB25 OB02,Monitor erschöpft gemeinsame Ressourcen,extern-erzwungen,"Neue Tokenlabels bleiben gespeichert und teilen unbeschränkten Speicher mit Kern, bestätigte Diskdaten bleiben intakt","Weiterer Tokeninput hält Wachstum bis Erschöpfung, ohne Input oder Freigabe kein selbsttragender Beweis",OBR001,teilweise,"Nach Entlastung bleibt lesbarer historischer Bestand nutzbar, weder laufender Monitor noch Kernlatenz sind geschützt",Unter fortgesetzten neuen Labels bleiben tatsächlich Gesamtbytes begrenzt und Kernelressourcen frei,Labelanzahl vor Allokation und aggregierten Monitoringbedarf begrenzen. Eigener Prozess ohne Ressourcenisolation schützt den Kernel nicht.
S216.B02,S216,observability,none,observability,OB27 OB25 OB02,Begrenzte Reihen mit sichtbarer Lücke,halt,Serienbudget greift vor Allokation und Monitoringressourcen sind insgesamt vom Kern begrenzt,"Neue Labels werden verworfen, vorhandene Reihen und Verlustzähler bleiben innerhalb Budget lesbar",OBR009,bedingt,"Operator kann begrenzte Metriken weiter lesen und weiß um ausgelassene Reihen, keine Rekonstruktion sämtlicher Token",Unbekannte Labelwerte erhöhen Speicher trotz ausgeschöpftem Budget oder Verwerfung bleibt unsichtbar,Labelanzahl vor Allokation und aggregierten Monitoringbedarf begrenzen. Eigener Prozess ohne Ressourcenisolation schützt den Kernel nicht.
S217.B01,S217,observability,none,observability,OB13 OB03 OB01,Collector blockiert nach bereits erfolgtem Commit,halt,"Export liegt nach durablem Commit und vor Antwort, Collector hängt ohne wirksame Frist, alter und neuer bestätigter Bestand lesbar","Caller wartet bis Export freikommt, Timeout würde bereits angewandte Mutation nicht zurückrollen",OBR001,teilweise,"Storeleser kann bestätigte Mutation prüfen obwohl Caller keine Antwort hat, kein automatisches Wiederholen aus Exportfehler","Mutation ist nachweislich vor Exportwartebeginn noch nicht committed, dann gilt stattdessen Vor-Commit-Wartezweig","Traceexport aus Commitbestätigung entfernen, Position des Exportfehlers vor oder nach Commit ausdrücklich festhalten."
S217.B02,S217,observability,none,observability,OB13 OB03 OB01,Collector blockiert vor Commit,halt,"Synchroner Export ist tatsächlich Voraussetzung vor Commit und nie kehrt zurück, frühere Daten intakt","Keine neue Mutation bis Warteende oder explizitem Abbruch, keine Attraktion nötig",OBR001,teilweise,"Nur vor dem Versuch bestätigter Bestand bleibt lesbar, neue Wirkung darf nicht behauptet werden",Neuer Commit ist vor Freigabe dieses vorgeschalteten Exporters dauerhaft vorhanden,"Traceexport aus Commitbestätigung entfernen, Position des Exportfehlers vor oder nach Commit ausdrücklich festhalten."
S217.B03,S217,observability,none,observability,OB13 OB03 OB01,Asynchroner endlicher Tracerest,transient,Vorgeschlagener Exportpuffer ist unabhängig vom Commitabschluss und hat Gesamtlimit,"Collectorstörung verwirft bei vollem Puffer Spans statt weitere Commits zu blockieren, Export kann später Rest drainieren",OBR010,bedingt,"Kernel kann Antworten bestätigen und Diagnose verbleibende Spans nutzen, Vollständigkeit der Traces ist verloren",Collectorstillstand blockiert Commitantwort oder Speicher steigt unbegrenzt,"Traceexport aus Commitbestätigung entfernen, Position des Exportfehlers vor oder nach Commit ausdrücklich festhalten."
S218.B01,S218,observability,none,observability,none,Debug ändert kritische Zugriffsreihenfolge,transient,Unabhängige oder gering eingreifende Messung belegt bei gleicher Exposition eine andere konkurrierende Reihenfolge durch Debuglatenz,"Rennen fehlt nur unter veränderter Ordnung, nach Abschalten kann es zurückkehren, keine Attraktion belegt",OBR011,bedingt,"Analyst kann kausale Timingalternative anhand Vergleichsdossier prüfen, Produktionsfehlerfreiheit ist nicht erhalten",Gleiche Reihenfolge und Exposition ergeben mit und ohne Debug dieselbe Fehlerhäufigkeit,Instrumentierungsmodus Exposition und alternative Ordnungsbelege erhalten. Debug-Erfolg ist keine Reparaturgarantie; ursprüngliche Einordnung bleibt ohne historische IDs.
S218.B02,S218,observability,none,observability,none,Weniger Chancen statt entferntem Rennen,ungewissheit,"Debug halbiert etwa Durchsatz, Versuchsanzahl und seltene Racewahrscheinlichkeit sind unbekannt",Beobachtete Nullfehler entscheiden nicht zwischen Samplemangel und kausaler Beseitigung,none,ungeklaert,Ohne Expositions- und Reihenfolgenachweis ist keine belastbare Race-Diagnose als Restfähigkeit belegt,Ein kontrollierter Vergleich bei gleicher Exposition trennt Häufigkeit und Reihenfolgeeffekt,Instrumentierungsmodus Exposition und alternative Ordnungsbelege erhalten. Debug-Erfolg ist keine Reparaturgarantie; ursprüngliche Einordnung bleibt ohne historische IDs.
S219.B01,S219,observability,none,observability,OB09 OB01,Serielle lokale Erfolge verpassen Gesamtfrist,verlust,"Alle acht Schritte brauchen nacheinander neun Sekunden, Vertrag endet zehn Sekunden nach Beginn, Zeitdaten bleiben erhalten","72 Sekunden kritischer Pfad machen vergangene Zehnsekundenfrist unwiederbringlich, keine Schleife",OBR012,teilweise,"Operator kann Fristverletzung und Phasen bestimmen, späteres Ergebnis heilt Timeliness nicht",Ablaufbelege zeigen überlappende statt serielle neunsekündige Abschnitte,"Eine Gesamtfrist mit deklariertem Ursprung über Hops tragen, reale kritische Pfade statt Layerzahl addieren. Ablaufverweigerung ist kein nützliches Geschäftsergebnis."
S219.B02,S219,observability,none,observability,OB09 OB01,Gemeinsames Budget beendet oder erlaubt begrenzt,abschluss,"Propagierte Frist wird vor jedem weiteren Dispatch geprüft, oder acht überlappende Schritte samt Overhead liegen innerhalb zehn Sekunden","Fristablauf endet in wahrer Ablehnung, nur rechtzeitiger fachlicher Erfolg ist Erfüllung",OBR012,bedingt,"Dispatcher kann verbleibende Zeit nutzen ohne neue Neunsekundenfrist je Hop, Abbruchfreigabe fremder Ressourcen bleibt gesondert",Später Hop erhält ein erneuertes Budget oder ein abgelaufener Abbruch wird als Geschäftserfolg gemeldet,"Eine Gesamtfrist mit deklariertem Ursprung über Hops tragen, reale kritische Pfade statt Layerzahl addieren. Ablaufverweigerung ist kein nützliches Geschäftsergebnis."
S220.B01,S220,observability,none,observability,OB09 OB15 OB01,Geschäftsfrist beim Dispatch schon verloren,verlust,"Ende-zu-Ende-Vertrag beginnt bei Erstellung und ist kürzer als 48 Stunden, Ursprungs- und Queuezeit bleiben lesbar","Vergangene Frist ist irreversibel, fünf Sekunden Dienst ändern den Ursprung nicht",OBR012,teilweise,"Operator kann Queueverlust ausweisen und Dispatcher veraltete Aufnahme ablehnen, Erfolg in fünf Sekunden ist keine Gesamterfüllung",Ursprünglicher gültiger Vertrag erlaubt die 48 Stunden ausdrücklich,"Queuezeit nicht mit frischem Servicetimer überschreiben. Vertragsursprung explizit, Service-SLO darf als enger Claim bestehen bleiben."
S220.B02,S220,observability,none,observability,OB09 OB15 OB01,Ehrliche enge Dienstzeit ohne Gesamtzusage,abschluss,"Tatsächlicher Vertrag beginnt erst bei Dispatch, Task ist noch gültig und Dienst endet innerhalb fünf Sekunden, Queuezeit separat erhalten","Dieser Dienstvertrag ist erfüllt, Gesamtalter bleibt 48 Stunden plus Dienst und beweist keine kurze Kundenerfahrung",OBR012 OBR013,bedingt,Auftraggeber kann den engeren Erfolg und offenen Gesamtnenner lesen ohne Queuezeit zu unterschlagen,Dashboard oder Vertrag nennt die fünf Sekunden Ende-zu-Ende oder löscht den Aufnahmeeintrag,"Queuezeit nicht mit frischem Servicetimer überschreiben. Vertragsursprung explizit, Service-SLO darf als enger Claim bestehen bleiben."
S221.B01,S221,observability,none,observability,OB07 OB01 OB09,Zwölfjähriger berechtigter Freigabehalt,halt,"Freigabe fehlt und Vertrag hat keine automatische Taskbeendigung, erhaltene Absicht passiert durchgesetztes Dispatchgate","Nur neue gültige Entscheidung oder spätere Disposition beendet Halt, 200 ms CPU ändern nichts",OBR007,bedingt,"Operator kann Absicht weiterhin prüfen ohne frühere Zustimmung zu erfinden, Leasefreigabe folgt daraus nicht",Task wird ohne passende Freigabe ausgeführt oder tatsächliche Ablaufregel hat ihn längst beendet,"Freigabealter und Ressourcenbelegung von Rechenzeit trennen. Keine beliebige Frist unterstellen, Erlaubnisablauf und Geschäftstermin getrennt modellieren."
S221.B02,S221,observability,none,observability,OB07 OB01 OB09,Abgelaufene Gelegenheit wahrheitsgemäß beendet,abschluss,Expliziter Geschäftstermin beziehungsweise Freigabeablauf existiert und vorgeschlagenes Gate disponiert ihn als abgelaufen,"Taskdisposition endet, vergangener Termin bleibt verloren, externe Teilnehmer dürfen nicht schon akzeptiert haben",OBR007 OBR012,bedingt,"Operator erhält einen wahren Ablaufbefund statt automatischer jahrzehntealter Ausführung, kein erfolgreicher Geschäftsabschluss",Ablaufstatus erlaubt später Dispatch ohne neue Entscheidung oder behauptet erfolgreiche ursprüngliche Leistung,"Freigabealter und Ressourcenbelegung von Rechenzeit trennen. Keine beliebige Frist unterstellen, Erlaubnisablauf und Geschäftstermin getrennt modellieren."
S222.B01,S222,observability,none,observability,OB15 OB03 OB10,Offene Arbeit aus Anzeige ausgeschlossen,ungewissheit,"Dashboard zeigt nur Abschlüsse, darunterliegende offene Taskdatensätze sind noch lesbar","Selektionsfehler bleibt solange Filter unverändert, fehlende Anzeige beweist noch keine komplette Sloterschöpfung",OBR001,teilweise,"Operator kann mit anderem Bestandslesepfad offene Tasks finden, angezeigte schnelle Statistik erklärt deren Zustand nicht",Auch zugrundeliegende offene Einträge sind gelöscht oder Dashboardnenner enthält sie bereits,Aufnahmen und offene Alter neben abgeschlossenen Latenzen führen. Bessere Anzeige reclaimt keinen Slot und alle Status in task::list sind keine Dashboardgarantie.
S222.B02,S222,observability,none,observability,OB15 OB03 OB10,Offene Alter bleiben im Nenner,halt,"Aufnahmejournal und alle Status werden in vorgeschlagener Messung abgeglichen, Hänger selbst besteht fort",Messung zeigt wachsende zensierte Alter bis Hänger endet oder explizit disponiert wird,OBR013,bedingt,"Dashboardnutzer kann hängenden Rest wahrnehmen statt nur Überlebende zu sehen, Durchführung bleibt blockiert",Ein nie abgeschlossener aufgenommener Task verschwindet aus Nenner und Altersanzeige,Aufnahmen und offene Alter neben abgeschlossenen Latenzen führen. Bessere Anzeige reclaimt keinen Slot und alle Status in task::list sind keine Dashboardgarantie.
S223.B01,S223,observability,none,observability,OB15,Geschlossener Generator verschweigt offene Nachfrage,ungewissheit,"Ein Client wartet unbegrenzt und sendet nichts nach, Behauptung betrifft dagegen fortgesetzte offene Produktionsankünfte","Testangebot fällt mit Antworten aus, über reale offene Last ergibt sich kein dynamischer Endzustand",none,ungeklaert,"Vorhandene schnelle Abschlüsse belegen keine Bedienbarkeit unter nicht angebotener Last, fehlend sind echte Ankunftsannahme und Nichtantwortnenner",Unabhängige Aufnahmedaten zeigen dass deklarierte offene Ankunftsrate trotz Hänger weiter angeboten wurde,"Angebotene Aufnahmen Antworten und Nichtantworten getrennt messen. Closed-loop ist für passende reale Clientpopulation legitim, nicht universeller Lastbeweis."
S223.B02,S223,observability,none,observability,OB15,Messbarer enger Closed-loop-Vertrag,halt,"Reale Population hat genau den dokumentierten geschlossenen Ankunftsprozess, Aufnahmen inklusive wartender Requests bleiben erhalten","Hängende Clients hören real auf zu senden, enge Lastbeschreibung bleibt wahr ohne Gesundheitsgarantie",OBR013 OBR014,bedingt,"Analyst kann diesen Clientprozess und dessen offene Wartezeit auswerten, keine offene Last oder allgemeine Stabilität ableiten",Testbericht überträgt eingeschränkte Population auf unabhängige fortlaufende Produktionsankünfte,"Angebotene Aufnahmen Antworten und Nichtantworten getrennt messen. Closed-loop ist für passende reale Clientpopulation legitim, nicht universeller Lastbeweis."
S224.B01,S224,observability,none,observability,none,Erhaltene Samples erlauben nur enge Aussage,ungewissheit,"1000 erhaltene schnelle fehlerfreie Samples haben benannte Auswahl, für Binomialgrenze zusätzlich unabhängige stationäre Bernoulliversuche","Sampleinformation bleibt begrenzt, bei 95 Prozent liegt obere Fehlerwahrscheinlichkeit etwa 0,002991 und nicht 0,00001",OBR014,teilweise,"Analyst kann tatsächliche Stichprobe und Unsicherheit nutzen, p99.999 oder Zeitverfügbarkeit sind dadurch nicht gesichert",Ein belastbarer struktureller Beweis oder repräsentative zusätzliche Daten tragen exakt den behaupteten Nenner und Konfidenz,"Messgröße Population Stationarität und Konfidenz festhalten. Statistische Kritik ergänzt den offenen Zustand, erfindet keine operative Konvergenz."
S224.B02,S224,observability,none,observability,none,Produktionsverfügbarkeit bleibt unbestimmt,offen,Verfügbarkeitseinheit Ausfälle Nichtabschlüsse Auswahl und künftige Last sind unbekannt,Ohne diese Annahmen entscheiden tausend schnelle Samples weder über seltene Hänger noch über Betriebsregime,none,ungeklaert,"Für eine konkrete langfristige Verfügbarkeitszusage ist keine tragfähige Reststruktur benannt, Datenverlust des übrigen Systems wird nicht behauptet",Vorab definierter Nenner samt offener Zeiten und ausreichender Evidenz entscheidet den konkreten Claim,"Messgröße Population Stationarität und Konfidenz festhalten. Statistische Kritik ergänzt den offenen Zustand, erfindet keine operative Konvergenz."
S225.B01,S225,observability,none,observability,OB13 OB10 OB01 OB15,All-of-Halt mit nutzbaren Teilbefunden,halt,"Ein Pflichtprüfer antwortet nie, andere 9999 zugeordnete Resultate und Sollmanifest sind erhalten","Barrier wartet bis Pflichtbeleg oder zulässige explizite Fehlerdisposition, allein ein Parent erschöpft nicht alle Slots",OBR015,teilweise,"Operator kann vorhandene Befunde prüfen, fachliche Vollständigkeit und Freigabe sind nicht erhalten",Vermisster Prüfer ist nach ursprünglichem Vertrag optional oder Teilresultat wird trotzdem als vollständig freigegeben,Sollmenge und fehlende Prüfer explizit halten. Zeitlich begrenzte Ablehnung oder Teildiagnose dürfen nicht unbemerkt All-of-Semantik ersetzen.
S225.B02,S225,observability,none,observability,OB13 OB10 OB01 OB15,Begrenzter Parent endet unvollständig,abschluss,"Vertrag erlaubt explizites unvollständiges Ende und tatsächliche Poolaufnahme bleibt begrenzt, fremde Childwirkungen werden separat reconciliert","Parent gibt seinen nachgewiesenen Slot frei, fehlendes Prüfergebnis bleibt fehlend",OBR015 OBR016,bedingt,"Teildiagnose und nicht vom wartenden Parent belegte Restkapazität bleiben nutzbar, kein erfundener zehntausendster Befund",Parent behält nach terminaler Disposition seinen Slot oder fehlendes Ergebnis erscheint als erfolgreich geprüft,Sollmenge und fehlende Prüfer explizit halten. Zeitlich begrenzte Ablehnung oder Teildiagnose dürfen nicht unbemerkt All-of-Semantik ersetzen.
S226.B01,S226,observability,none,observability,OB17 OB16 OB01,Zwei spekulative Rechnungswirkungen angenommen,verlust,"Hedges nutzen unterschiedliche Identitäten oder Teilnehmer dedupliziert nicht, beide werden irreversibel akzeptiert, lokales Journal erhalten","Historische Duplikation bleibt, spätere finanzielle Korrektur kann Schaden mindern aber Annahmen nicht ungeschehen machen",OBR017,teilweise,"Operator kann erhaltene Versuche zur Folgenbearbeitung nutzen, ursprüngliche Nichtduplikation ist verloren",Teilnehmerbuch zeigt nur eine Annahme der Geschäftsoperation trotz zweier Aufrufe,Effektvolle Hedges nur mit bewiesenem Teilnehmervertrag und gültiger Aktionsfreigabe betrachten. Lokales Versuchsjournal ersetzt keine atomare Annahmededuplication.
S226.B02,S226,observability,none,observability,OB17 OB16 OB01,"Zwei Aufrufe, eine gebundene Annahme",abschluss,Beide erlaubten Hedges tragen dieselbe stabile Geschäftsidentität und Teilnehmer dedupliziert atomar über ganzen Horizont,"Eine fachliche Annahme bleibt terminal, erneute Transportaufrufe liefern nur Status derselben Identität",OBR018,bedingt,"Recovery kann einen Ausgang zuordnen und Teilnehmer doppelte Annahme abweisen, Transportlast ist dadurch nicht reduziert",Zwei Aufrufe derselben Identität erzeugen zwei Annahmen oder Teilnehmer vergisst Identität bevor Nachzügler enden,Effektvolle Hedges nur mit bewiesenem Teilnehmervertrag und gültiger Aktionsfreigabe betrachten. Lokales Versuchsjournal ersetzt keine atomare Annahmededuplication.
S227.B01,S227,observability,none,observability,OB15 OB17 OB01,"999 Befunde, Pflichtvollständigkeit verloren",ungewissheit,"Tausend Prüfer sind erforderlich, einer fehlt und vorhandene 999 Resultate sowie Sollmenge sind erhalten","Lücke bleibt bis echter fehlender Befund oder ehrliche unvollständige Disposition, schneller Report schließt sie nicht",OBR015,teilweise,"Operator kann 999 Resultate prüfen, Aggregator darf damit weder volle Prüfung noch zulässige Aktion behaupten",Ursprünglicher Vertrag verlangt tatsächlich nur 999 und fehlender Prüfer hat kein Vetorecht,"Pflichtmenge vor Beginn binden. Schwellenergebnis ist nur bei ursprünglichem Schwellvertrag vollständig, ein fehlendes Veto bleibt echte Lücke."
S227.B02,S227,observability,none,observability,OB15 OB17 OB01,Fehlendes Veto führt zu angenommener Fehlaktion,verlust,"Tausendster Pflichtprüfer hätte vetoisiert, fälschlich vollständiger Report öffnet Dispatch und irreversible Fehlaktion wird angenommen",Historische falsche Annahme bleibt auch wenn Prüfung später vervollständigt wird,OBR015,teilweise,"Erhaltenes Soll-/Istmanifest erlaubt Fehlerursache zu prüfen, Freigabekorrektheit der vergangenen Aktion ist verloren",Kein nachfolgender Effekt wurde angenommen oder fehlender Pflichtbefund hätte Aktion nicht verhindert,"Pflichtmenge vor Beginn binden. Schwellenergebnis ist nur bei ursprünglichem Schwellvertrag vollständig, ein fehlendes Veto bleibt echte Lücke."
S227.B03,S227,observability,none,observability,OB15 OB17 OB01,Ehrlicher ursprünglicher Schwellvertrag erfüllt,abschluss,"Vor Beginn erlaubter Vertrag verlangt genau erreichten Schwellwert, fehlende Identität wird offengelegt und hat kein Pflichtveto","Erfüllung gilt nur für diesen engeren Vertrag, keine nachträgliche Umschreibung der All-of-Zusage",OBR015,bedingt,Auftraggeber kann qualifiziertes Ergebnis samt Nenner nutzen ohne fehlenden Befund zu erfinden,Schwelle wird erst nach Ausbleiben geändert oder Verbraucher sieht eine Tausend-von-Tausend-Behauptung,"Pflichtmenge vor Beginn binden. Schwellenergebnis ist nur bei ursprünglichem Schwellvertrag vollständig, ein fehlendes Veto bleibt echte Lücke."
S228.B01,S228,observability,none,observability,OB10 OB01,Immer mehr Slots dauerhaft belegt,extern-erzwungen,"Endlicher Pool, fortgesetzte Ankünfte mit positiver Hangwahrscheinlichkeit und keine Freigabe, bestätigte Taskdaten bleiben lesbar","Jeder Hang hält einen weiteren Slot, bei Ende neuer Ankünfte stoppt Wachstum aber belegte Slots bleiben",OBR001,teilweise,"Operator kann erhaltene Aufträge inspizieren, verfügbare Slots und Zeit bis Erschöpfung sind nicht aus Häufigkeit allein gesichert",Alle Hänger geben Slots innerhalb einer belegten endlichen Grenze frei,"Slotresidenz und belegte Isolation messen, nicht aus seltenem Prozentwert eine Lebensdauer ableiten. Reclamation erfordert echte Beendigung oder Fence."
S228.B02,S228,observability,none,observability,OB10 OB01,Nicht vom Hang belegbarer Pool bleibt nutzbar,halt,"Gesamtaufnahme je Pool ist begrenzt und reale getrennte Kapazität schützt andere zugelassene Arbeit, Hänger behalten ihre belegten Slots","Störpool kann voll bleiben, isolierter Rest dient weiter solange dessen eigener Bedarf passt",OBR016,bedingt,"Scheduler kann tatsächlich freie reservierte Kapazität nutzen, Timeout allein beendet Hänger oder deren Writes nicht",Ein Hangpool sättigt den gemeinsamen Lock und verhindert auch Arbeit der angeblich isolierten Klasse,"Slotresidenz und belegte Isolation messen, nicht aus seltenem Prozentwert eine Lebensdauer ableiten. Reclamation erfordert echte Beendigung oder Fence."
S229.B01,S229,observability,none,observability,OB09 OB03 OB13,"Ein Scope verpasst Fristen, Rest hat Service",extern-erzwungen,"Fsync-Pausen betreffen wirklich nur isolierte Scopekapazität, ursprüngliche Frist kürzer, Zeit- und Aufnahmebelege erhalten","Wiederkehrende scopebezogene Pausen erhalten Latenzproblem, globales Mittel glättet es ohne Ursache zu ändern",OBR012 OBR013 OBR016,teilweise,"Andere isolierte Scopes können arbeiten und Operator sieht betroffenen Nenner, verlorene Scopefristen bleiben verloren",Ein globaler Writerlock überträgt denselben Stillstand auf alle behauptet isolierten Scopes,Scopebezogene Aufnahme- und Commitzeiten mit tatsächlicher I/O-Topologie verbinden. Faire Queues können einen ununterbrechbaren globalen fsync nicht isolieren.
S229.B02,S229,observability,none,observability,OB09 OB03 OB13,Globaler Writer zieht andere Scopes mit,halt,"Fsync hält tatsächlich gemeinsamen nicht präemptierbaren Writer, alter Store lesbar","Andere Writes warten bis fsync endet, Serviceanteil auf höherer Queueebene schafft keinen I/O-Fortschritt",OBR001 OBR013,teilweise,"Reads und aufgenommene offene Arbeit bleiben inspizierbar, keine garantierte Schreibrestkapazität",Neue Writes anderer Scopes committen während derselbe globale Lock unverändert gehalten wird,Scopebezogene Aufnahme- und Commitzeiten mit tatsächlicher I/O-Topologie verbinden. Faire Queues können einen ununterbrechbaren globalen fsync nicht isolieren.
S230.B01,S230,observability,none,observability,none,Periodische Allokation bindet Pause an Geschäftstermin,extern-erzwungen,"Gering eingreifende Messung zeigt periodische Allokationsschwelle und gleichbleibende Deadlinephase, nicht echten unabhängigen Zufall","Wiederkehrende Last triggert Sammlung, feste Phase legt Pause immer auf Termin, Verschieben der Phase kann Kollision beenden",OBR011 OBR012,bedingt,"Analyst kann Kollision und unveränderten Termin anhand Timingdossier prüfen, vergangene Frist ist nicht gerettet",Phase verschieben bei unveränderter Allokation ändert Kollisionen nicht oder Trigger ist tatsächlich unabhängig,Collectortrigger Deadlinephase Jitter Exposition und Auswahlmodus gemeinsam erfassen. Wiederholtes Zusammentreffen allein ist keine Lock-in-Dynamik.
S230.B02,S230,observability,none,observability,none,Zufall oder selektive Erinnerung bleibt offen,offen,Triggerverteilung Stichprobengröße und Auswahl der berichteten Deadlines fehlen,"Behauptetes immer trennt Zufall Alias und Beobachterselektion nicht, kein eindeutiges Regime",none,ungeklaert,Für konkrete kausale Timingdiagnose ist kein ausreichend spezifiziertes Dossier belegt,Vorregistrierte lange Exposition samt Zufallsbaseline weist stabilen Phaseneffekt nach,Collectortrigger Deadlinephase Jitter Exposition und Auswahlmodus gemeinsam erfassen. Wiederholtes Zusammentreffen allein ist keine Lock-in-Dynamik.
S231.B01,S231,observability,none,observability,OB28 OB16 OB17 OB01,Letzte notwendige Zuordnung erloschen,verlust,Lokale Historie gelöscht und Inventar schließt alle rechtmäßig zugänglichen Teilnehmerzuordnungen und Kopien im benötigten Horizont aus,"Für dieses alte Ergebnis bleibt Klassifikation unreproduzierbar, neue Annahmeevidenz würde Inventarprämisse widerlegen",none,keines,"Zuordnung dieses 90 Tage verspäteten Ergebnisses ist verloren, kein Verlust des restlichen Stores oder automatische Zweitwirkung behauptet",Eine rechtmäßig erhaltene stabile Teilnehmeridentität ordnet Antwort eindeutig zu,Lokale und externe Retention samt spätester Antwort gemeinsam festlegen. Späte Antwort allein dupliziert nichts; ohne lawful Korrelation keine rekonstruierte Gewissheit.
S231.B02,S231,observability,none,observability,OB28 OB16 OB17 OB01,Teilnehmer kennt Identität noch,abschluss,"Lokale Historie abgelaufen, aber derselbe Teilnehmer führt tatsächlich noch autorisiert abfragbares Annahmebuch über den ganzen Horizont","Passende Abfrage beendet genau die Ausgangsungewissheit, lokale Löschung wird nicht als nie versucht gelesen",OBR018,bedingt,"Recovery kann diesen Ausgang und eventuelle Retries derselben Identität unterscheiden, keine externe Kopie ohne Voraussetzung ergänzt",Teilnehmer kann wegen eigener Retention oder neuer Retryidentität den Zusammenhang nicht eindeutig liefern,Lokale und externe Retention samt spätester Antwort gemeinsam festlegen. Späte Antwort allein dupliziert nichts; ohne lawful Korrelation keine rekonstruierte Gewissheit.
S231.B03,S231,observability,none,observability,OB28 OB16 OB17 OB01,"Nur lokale Sicht fehlt, globale Lage unbekannt",ungewissheit,"Lokale Historie weg, Inventar externer Retention und eventueller bereits erfolgter Retries ist unbekannt",Bis Inventar oder rechtmäßige Evidenz vorliegt bleiben Ausgang und Duplikatzahl offen,none,ungeklaert,"Kein nutzbarer Korrelationsgegenstand ist aktuell belegt, aus fehlender lokaler Historie darf weder Totalverlust noch zweite Annahme folgen",Autorisierte Abfrage zeigt entweder stabile Zuordnung oder ein geschlossenes Inventar belegt endgültigen Verlust,Lokale und externe Retention samt spätester Antwort gemeinsam festlegen. Späte Antwort allein dupliziert nichts; ohne lawful Korrelation keine rekonstruierte Gewissheit.
S232.B01,S232,observability,none,observability,OB17 OB07 OB01,2046 angenommene veraltete Aktion,verlust,"Empfänger oder Firma hat sich geändert und Teilnehmer akzeptiert alte nicht mehr gültige Absicht, Versuchsjournal erhalten","Vergangene ungewollte Wirkung bleibt nach Stop wahr, statischer alter Empfänger allein beweist alte Erlaubnis nicht",OBR017,teilweise,"Recovery kann dokumentierten Versuch zur Folgenklärung nutzen, Gültigkeit dieser angenommenen Aktion ist nicht erhalten",Teilnehmer lehnt vor Annahme ab oder es liegt eine tatsächlich passende aktuelle Erlaubnis vor,Offlinepuffer darf nicht neue Gegenwartserlaubnis aus alten Bytes ableiten. Empfängerbindung und Unternehmensnachfolge getrennt vom Erstellungsdatum prüfen.
S232.B02,S232,observability,none,observability,OB17 OB07 OB01,Alter Puffer bleibt prüfbarer Halt,halt,Gültigkeitsgate kontrolliert letzten Dispatch und verlangt neue passende Autorität sowie gebundene Empfängeridentität bei relevanter Änderung,Alte Bytes bleiben Absicht bis berechtigte neue Entscheidung oder expliziter Ablauf,OBR007 OBR035,bedingt,"Operator kann Absicht prüfen und Gate falsche neue Identität ablehnen, bereits autonom beim Teilnehmer laufender Puffer wäre außerhalb Grenze",Alter Offlineeintrag wird trotz geänderter gebundener Identität ohne neue Freigabe angenommen,Offlinepuffer darf nicht neue Gegenwartserlaubnis aus alten Bytes ableiten. Empfängerbindung und Unternehmensnachfolge getrennt vom Erstellungsdatum prüfen.
S233.B01,S233,observability,none,observability,OB28 OB16 OB21 OB25,Korrelation nach endgültiger Löschung verloren,verlust,"Erforderliche Zuordnung wurde rechtmäßig überall im zulässigen Inventar gelöscht, keine erlaubte Rekonstruktion vorhanden","Für dieses Ergebnis bleibt richtige Zuordnung unmöglich, Datenschutzgewinn der Löschung bleibt davon getrennt",none,keines,"Fähigkeit zur Zuordnung ist verloren, sensible Bytes selbst sind kein nutzbares Zustellrecht und keine imaginäre Quarantäne wird angenommen",Eine rechtmäßig zugängliche unabhängige Zuordnung löst den Rückläufer ohne verbotene Wiederherstellung auf,Nach legaler Löschung keine Zuordnung heimlich retten. Unassoziierte sensible Rückläufer müssen vor Log Routing und dauerhafter Aufnahme mit expliziter Rechtsgrenze behandelt werden.
S233.B02,S233,observability,none,observability,OB28 OB16 OB21 OB25,Unzugeordneten Inhalt vor Weitergabe verworfen,abschluss,"Entwurfsgrenze erlaubt und erzwingt frühe begrenzte Ablehnung ohne sensible Logs oder Speicherung, Zuordnung bleibt gelöscht","Dieser Rückläufer endet ohne Routing, spätere Rückläufer benötigen dieselbe eigenständige Prüfung",OBR042,bedingt,"Kleine zulässige Protokollverarbeitung und klare Ablehnung bleiben nutzbar, weder Inhalt noch Identitätszuordnung werden als erhalten ausgegeben",Ablehnung puffert unbegrenzt oder schreibt sensible Payload dennoch in Log beziehungsweise fremden Scope,Nach legaler Löschung keine Zuordnung heimlich retten. Unassoziierte sensible Rückläufer müssen vor Log Routing und dauerhafter Aufnahme mit expliziter Rechtsgrenze behandelt werden.
S233.B03,S233,observability,none,observability,OB28 OB16 OB21 OB25,Geratene Zuordnung legt Daten offen,verlust,Handler routet oder loggt Rückläufer zu unberechtigtem Leser und dieser erhält Klartext,"Offengelegte Fakten lassen sich nicht zurückholen, Stop verhindert höchstens weitere Offenlegung",none,keines,"Für Geheimhaltung dieser gelesenen Payload bleibt kein Residue, andere nicht offengelegte Daten sind nicht automatisch verloren",Kein unberechtigter Leser erhält tatsächlich Inhalte oder der Handler verwirft vor Offenlegung,Nach legaler Löschung keine Zuordnung heimlich retten. Unassoziierte sensible Rückläufer müssen vor Log Routing und dauerhafter Aufnahme mit expliziter Rechtsgrenze behandelt werden.
S234.B01,S234,observability,none,observability,OB17 OB16 OB01,Cancel nach tatsächlicher Annahme,verlust,Teilnehmer akzeptiert irreversible Aktion eine Mikrosekunde vorher und führt autorisiert lesbares Annahmebuch,"Vergangene Aktion kann nicht ungeschehen werden, spätere Cancelwirkung beendet nur weitere Arbeit",OBR018,teilweise,"Operator kann echte Annahmereihenfolge und Folgen klären, Nichtausführung ist für diese Aktion verloren",Teilnehmerledger belegt Cancel-Fence vor tatsächlichem irreversiblen Annahmepunkt,"Cancel-Anfrage Cancelannahme und externe irreversible Annahme getrennt belegen. Mikrosekundenordnung am Teilnehmer zählt, lokaler Timestamp ist kein Fence."
S234.B02,S234,observability,none,observability,OB17 OB16 OB01,Lokaler Cancel ohne bekannte externe Ordnung,ungewissheit,"Nur lokale Cancelanfrage und Versuchsjournal sind erhalten, externe Antwort oder Reihenfolgenachweis fehlt","Warten endet erst durch passende Teilnehmerbelege, Timeout ist weder Erfolg noch Rollback",OBR017,teilweise,"Recovery kann Wiederholung zurückhalten und Unsicherheit zeigen, lokale Anfrage beweist externe Annahme oder Nichtannahme nicht",Passende autoritative externe Reihenfolge liegt bereits vor und löst den konkreten Ausgang auf,"Cancel-Anfrage Cancelannahme und externe irreversible Annahme getrennt belegen. Mikrosekundenordnung am Teilnehmer zählt, lokaler Timestamp ist kein Fence."
S234.B03,S234,observability,none,observability,OB17 OB16 OB01,Cancel gewinnt am Wirkungspunkt als Gegenbedingung,abschluss,Anderer Timingzweig: Teilnehmer wendet kontrolliertes Cancel-Fence vor Annahme an und belegt keine frühere Annahme,"Für genau diese Operation endet weitere Annahmefähigkeit, vergangene andere Aktionen bleiben getrennt",OBR018,bedingt,"Operator kann echte Abbruchwirkung von bloßer Kanalannahme unterscheiden, dieser Zweig gilt nicht bei vorgegebener umgekehrter Mikrosekundenordnung",Spätere Nachricht derselben Operation wird trotz bestätigtem vorgelagertem Cancel-Fence noch angenommen,"Cancel-Anfrage Cancelannahme und externe irreversible Annahme getrennt belegen. Mikrosekundenordnung am Teilnehmer zählt, lokaler Timestamp ist kein Fence."
S235.B01,S235,observability,none,observability,OB18 OB32 OB17 OB01,Enkel schreibt nach Parenttod weiter,transient,"Enkel lebt mit eigener Schreibautorität zwei Tage weiter, Lease bleibt im betrachteten Pfad gehalten","Endliche Enkelarbeit braucht keine Rückkopplung, Ende erst mit tatsächlichem Exit oder wirksamem Autoritätsentzug",OBR021,teilweise,"Scheduler kann besetzte Ressource vor Wiedervergabe halten, das stoppt den Enkel selbst nicht und bestätigt kein Taskergebnis",Lease wird trotz behaupteter Haltegrenze wiedervergeben oder Enkel konnte seit Parentende überhaupt nicht schreiben,"Parentende nicht als gesamte Autoritätsbeendigung führen. Leasewiedervergabe nur bei geprüftem Eigentums- und Fencevertrag, vergangene Enkelwrites separat abgleichen."
S235.B02,S235,observability,A7S04,coordinator-review-amendment,OB18 OB32 OB17 OB01,Wiedervergabe erzeugt zwei Writer,konflikt,"TTL oder presumed-gone-Entscheidung führt tatsächlich zu Ersatzstart während Enkel weiterhin schreiben darf, Originaljournal lesbar","Zwei Writer können bis Entzug oder Ende kollidieren, bloßer Ersatzdatensatz ohne Start reicht nicht",OBR001,teilweise,"Früher bestätigte Daten bleiben Inspektionsgrundlage soweit intakt, Single-Writer-Eigenschaft ist nicht erhalten",Kein Ersatzprozess startet oder alter Enkel verliert vor Start nachweislich Schreibrechte,"Parentende nicht als gesamte Autoritätsbeendigung führen. Leasewiedervergabe nur bei geprüftem Eigentums- und Fencevertrag, vergangene Enkelwrites separat abgleichen."
S235.B03,S235,observability,none,observability,OB18 OB32 OB17 OB01,Alle Nachkommen wirksam eingefasst,abschluss,Vollständige Autoritätsinventur und Fence am tatsächlichen Zugriffspunkt entziehen auch abgetrenntem Enkel Rechte vor Wiedervergabe,"Alte Prozesse können weiter existieren aber keine neuen autorisierten Writes ausführen, vergangene Writes bleiben abzugleichen",OBR020,bedingt,"Neuer Besitzer kann frei von alter Schreibautorität arbeiten, Parent-PID oder verstrichene Zeit allein genügen nicht",Abgetrennter Enkel schreibt nach bestätigter Fencegrenze weiterhin über eigene Credentials oder OS-Bypass,"Parentende nicht als gesamte Autoritätsbeendigung führen. Leasewiedervergabe nur bei geprüftem Eigentums- und Fencevertrag, vergangene Enkelwrites separat abgleichen."
S236.B01,S236,observability,none,observability,OB35 OB01 OB17,Cancel wartet hinter endlichem stdout,halt,"Gemeinsamer Leser oder Scheduler verarbeitet Gigabytes vor Cancel, noch keine unabhängige Controlkapazität, Versuchsjournal bleibt lesbar","Bei endlicher Ausgabe kann Kanal später drainieren, bis dahin kann Teilnehmer weiterarbeiten oder irreversibel annehmen",OBR017,teilweise,"Recovery kann bekannte Versuche und unbestätigten Cancelstatus lesen, zeitgerechter Abbruch ist nicht erhalten",Cancel wird bei unverändert gesättigtem gemeinsamem Pfad innerhalb zugesagter Grenze tatsächlich verarbeitet,"Control braucht reservierte Verarbeitung durch alle geteilten Leser und Scheduler, nicht nur zwei Pipe-Richtungen. Annahmefrist ersetzt keine externe Wirkungsfrist."
S236.B02,S236,observability,none,observability,OB35 OB01 OB17,Control trotz Datenrückstau bedienbar,halt,"Vorgeschlagene Controlaufnahme Timer und Supervisor haben eigene begrenzte Verarbeitung, vor Wirkungsannahme ist Stop noch möglich","Cancel kann unabhängig fortschreiten, tatsächliches Ende braucht eigene Bestätigung am Wirkungspunkt",OBR019,bedingt,"Operator kann Anfrage wirksam weiterleiten und neue Aufnahme sperren ohne stdout abzuwarten, bereits angenommene Aktion bleibt irreversibel",Datenflut verbraucht den angeblich reservierten Eventloopturn oder Controlannahme wird ohne Wirkung als fertig ausgegeben,"Control braucht reservierte Verarbeitung durch alle geteilten Leser und Scheduler, nicht nur zwei Pipe-Richtungen. Annahmefrist ersetzt keine externe Wirkungsfrist."
S237.B01,S237,observability,none,observability,OB12 OB11 OB17,Endlicher multiplizierter Retrybaum,transient,"Vier Schichten wiederholen unabhängig aber endlich, keine frischen Wurzeln, Journal der logischen Aktion bleibt erhalten","Endlicher Versuchsvorrat kann nach Fehlerende drainieren, Multiplikation allein ist kein Attraktor",OBR017,teilweise,"Operator kann logische Wirkung als ungewiss halten, viele Transportversuche beweisen weder mehrere Annahmen noch vorhandene Dienstkapazität",Nach vollständigem Verbrauch entstehen ohne deklarierte neue Autorität weitere Versuche,"Gemeinsames endliches Versuchsbudget von Teilnehmerdedup trennen. Vier Gesamtversuche je Schicht ergeben höchstens 256 Blätter, vier Wiederholungen fünf Versuche und höchstens 625."
S237.B02,S237,observability,none,observability,OB12 OB11 OB17,Wiederholungen erhalten Überlast nach Fehlerende,attraktorhypothese,"Deklarierter positiver Grundbedarf liegt unter gesunder Kapazität, Timeoutfolgen erneuern Retryarbeit über endliche Teilbudgets hinaus, Rückstau senkt Erfolgsrate und Journal bleibt lesbar","Lange Queue erzeugt Timeouts, diese neue Versuche, diese längere Queue und weniger nützlichen Dienst auch nach ursprünglichem Fehlerende",OBR017,teilweise,"Lokale Wirkungsungewissheit bleibt noch inspizierbar, rechtzeitiger Durchsatz und externe Nichtduplikation sind nicht bewiesen","Nach Fehlerende bei gleichem Grundbedarf gleicher Policy und variiertem Rückstau drainiert jede behauptete Überlastlage, Null-Neuzugänge separat prüfen","Gemeinsames endliches Versuchsbudget von Teilnehmerdedup trennen. Vier Gesamtversuche je Schicht ergeben höchstens 256 Blätter, vier Wiederholungen fünf Versuche und höchstens 625."
S237.B03,S237,observability,none,observability,OB12 OB11 OB17,Ende-zu-Ende-Budget bleibt zählbar,halt,"Alle Retryschichten konsumieren dieselbe stabile Operationsidentität und begrenzte Gesamtzulassung, verdeckte SDK-Versuche ausgeschlossen","Budgetende hält weitere Versuche bis neue explizite Erlaubnis, keine heimliche Erneuerung durch Layerwechsel",OBR022,bedingt,"Dispatcher kann erlaubte Restversuche nutzen und Gesamtlast begrenzen, dieses Budget verhindert allein keine zwei externen Annahmen",Leafzahl überschreitet gemeinsame Grenze obwohl keine neue Erlaubnis erteilt wurde,"Gemeinsames endliches Versuchsbudget von Teilnehmerdedup trennen. Vier Gesamtversuche je Schicht ergeben höchstens 256 Blätter, vier Wiederholungen fünf Versuche und höchstens 625."
S238.B01,S238,observability,none,observability,OB12 OB11 OB01,Einmaliger synchroner Millionenstoß,transient,"Endliche Clientmenge wiederholt genau eine begrenzte Runde, reale Restkapazität und Gesamtaufnahme sind begrenzt","Nach Ablehnung oder Bearbeitung endet Kohorte, neue Peaks brauchen zusätzliche Retryregel",OBR016 OBR022,bedingt,"Zugelassene Arbeit kann reservierte Kapazität nutzen und Restversuche bleiben zählbar, nicht alle Millionen Anfragen müssen erfolgreich werden",Ohne neue Autorität entstehen nach Abschluss der Kohorte weitere synchrone Wellen,"Admission und Retrybudget vor Jitter priorisieren. Timerstreuung verteilt Last, schafft aber keine Kapazität oder zulässige unbegrenzte Retryautorität."
S238.B02,S238,observability,none,observability,OB12 OB11 OB01,Gleiche Timer koppeln neue Überlastwellen,attraktorhypothese,"Timeouts erzeugen erneut synchronisierte Versuche und deklarierter Grundbedarf allein wäre tragbar, dauerhafte Absichten bleiben lesbar","Welle überfüllt Dienst, Fehler setzen gleiche Timer, nächste Welle erhält Fehler auch bei repariertem Provider",OBR001,teilweise,"Operator kann erhaltene Absichten inspizieren, zeitgerechte Bedienung oder Budgeterhalt sind nicht gesichert","Nach Fehlerende bei festem Grundbedarf und gleicher Policy erzeugt variierter Rückstau keine erneuten Peaks, danach separat Neuzugänge stoppen","Admission und Retrybudget vor Jitter priorisieren. Timerstreuung verteilt Last, schafft aber keine Kapazität oder zulässige unbegrenzte Retryautorität."
S239.B01,S239,observability,none,observability,OB11 OB07,Retries fressen endlichen Restbetrag,eskalation,"Auch Quotenfehler kosten knappe Mittel, Plugin reagiert mit mehr Calls und kein vorab wirksames Ausgabenlimit","Quotenfehler erhöhen Retryrate, Calls verbrauchen Rest und erzeugen mehr Fehler, ohne Budgetreset endet Wachstum spätestens bei harter Sperre",none,keines,"Für den bereits verbrauchten Restbetrag ist keine Spendefähigkeit erhalten, gratis Fehler würden diesen Mechanismus nicht tragen",Fehlgeschlagene Calls sind kostenlos oder hartes Gate stoppt vor zusätzlicher Belastung,"Quotenantwort und tatsächlich belastbare Kosten unterscheiden. Hart erschöpftes Budget ist Halt, nicht unbegrenzt weiterlaufender Überlastattraktor."
S239.B02,S239,observability,none,observability,OB11 OB07,Reservierter Rest bleibt gebundene Erlaubnis,halt,"Alle kostenpflichtigen Versuche verbrauchen vorher bekanntes reserviertes Budget, Quotenfehler öffnen keine neuen Mittel","Gate hält nach Budgetende bis neue berechtigte Ausgabenentscheidung, Providerreset ist externer Anlass",OBR023,bedingt,"Dispatcher kann noch reservierte zulässige Versuche planen und weitere Ausgabe verweigern, vorhandene Quote allein garantiert keinen Providererfolg",Nachbelastung oder verborgene SDK-Calls überschreiten reservierten Betrag ohne neue Freigabe,"Quotenantwort und tatsächlich belastbare Kosten unterscheiden. Hart erschöpftes Budget ist Halt, nicht unbegrenzt weiterlaufender Überlastattraktor."
S240.B01,S240,observability,none,observability,OB12 OB26 OB11 OB01,Begrenzte kalte Kohorte wird warm,transient,"Modelle werden über durchgesetzte Ladeplätze gestartet und Gesamtspitzenbedarf passt, erfolgreiche Warmzustände werden nicht sofort verdrängt","Jedes Modell lädt endlich einmal, Startstoß endet ohne neue Ladeschleife",OBR024,bedingt,Operator kann schrittweise nutzbare warme Agenten erhalten statt Gleichzeitigkeit zu versprechen,Erfolgreiches Laden wird vor Nutzung verdrängt oder tatsächliche Spitzenbelegung überschreitet physische Grenze,Kaltstart-Spitzenbedarf und Ladezulassung getrennt vom Warmdurchsatz behandeln. Endliche Kohorte oder harter Startfehler sind keine wiedererzeugte Überlast.
S240.B02,S240,observability,none,observability,OB12 OB26 OB11 OB01,Eviction und Neustart reproduzieren Ladelast,attraktorhypothese,"Lastspitze erzeugt Speicherdruck, Loader sterben oder Modelle werden vor Nutzung evicted, Neustartbudget erneuert sich, Intent auf Disk erhalten","Erneutes Laden beansprucht Speicher, Druck zerstört Warmfortschritt, fehlende Readiness löst nächste Ladung aus",OBR001,teilweise,"Bestätigte Aufträge bleiben später lesbar, benutzbare warme Kapazität ist nicht gesichert","Bei Fehlerende und festem Start-/Grundbedarf stabilisiert jeder getestete Rückstau ohne erneute Loader, Null-Neustarts wäre gesonderter Policywechsel",Kaltstart-Spitzenbedarf und Ladezulassung getrennt vom Warmdurchsatz behandeln. Endliche Kohorte oder harter Startfehler sind keine wiedererzeugte Überlast.
S241.B01,S241,observability,none,observability,OB26 OB13 OB11 OB01,Leerer Cache macht Suche zum echten Pflicht-Halt,halt,"Kern wartet synchron auf benötigte Suche, kalt benötigter Dienst liefert nicht rechtzeitig, Intent und bestätigte Daten bleiben lesbar","Warten endet erst bei erfolgreichem Warming oder expliziter Fehlerdisposition, Cacheverlust allein ist keine Schleife",OBR001,teilweise,"Operator kann Absicht und Bestand weiter prüfen, fachlich richtiges Ergebnis ohne notwendige Suchinformation ist nicht erhalten",Kern liefert bei dauerhaft fehlender Suche nach ursprünglichem Vertrag akzeptables Ergebnis,Optionalität fachlich und im tatsächlichen kritischen Pfad nachweisen. Keine richtige Grundantwort ohne Suche erfinden wenn Suche Pflichtinformation liefert.
S241.B02,S241,observability,none,observability,OB26 OB13 OB11 OB01,Erlaubtes Grundresultat ohne Anreicherung,abschluss,Ursprünglicher Vertrag erlaubt ausdrücklich Suchauslassung und Kern benutzt separaten begrenzten Pfad,Kern endet mit markierter fehlender Anreicherung auch solange Suche kalt oder ausgefallen bleibt,OBR025,bedingt,"Auftraggeber kann wirklich nutzbares eingeschränktes Resultat erhalten, keine vollständige Suchqualität behaupten",Ausgelassene Suche enthält zwingende Autorisierung oder Fakten ohne die Grundresultat unzulässig ist,Optionalität fachlich und im tatsächlichen kritischen Pfad nachweisen. Keine richtige Grundantwort ohne Suche erfinden wenn Suche Pflichtinformation liefert.
S242.B01,S242,observability,none,observability,OB26 OB09 OB01 OB11,"Erstaufruffrist verbraucht, späterer Warmweg möglich",verlust,"Kalter Aufbau verbraucht reale Endfrist, erfolgreich etablierte Verbindung darf danach für künftige gültige Aufträge bleiben, Timingbelege erhalten","Erster Termin ist verloren, erhaltene Verbindung kann spätere Kaltkosten mindern aber keine vergangene Zusage heilen",OBR012,teilweise,"Operator kann Setupverlust messen und spätere Restbudgets korrekt beginnen, OBR012 behauptet selbst keine bestehende Connectionpool-Fähigkeit",Kaltes Ende-zu-Ende-Ergebnis lag bereits innerhalb ursprünglicher Frist oder Trace schließt DNS/TLS aus,DNS TLS und Queue unter denselben ursprünglichen Zeitvertrag nehmen. Erwärmung und fachliche Ausführung nicht durch blindes Budgeterneuern verwechseln.
S242.B02,S242,observability,none,observability,OB26 OB09 OB01 OB11,Timeout vernichtet jeden Warmfortschritt,attraktorhypothese,"Jeder Timeout bricht Setup ab, erneuerte Versuche starten kalt und konkurrierende Setups verlängern Aufbau weiter, Zeitbelege und Intent bleiben erhalten","Abbruch erzeugt neuen Kaltversuch, Parallelversuche verringern Aufbaukapazität, erneute Timeouts verhindern Warmzustand",OBR012 OBR001,teilweise,"Frist- und Bestandsdiagnose bleiben möglich, erfolgreiche Anwendungsleistung ist nicht erhalten",Bei festem Grundbedarf und gleicher Retrypolicy nach Fehlerende bleibt Warmfortschritt erhalten und Rückstau drainiert statt Setup neu zu erzeugen,DNS TLS und Queue unter denselben ursprünglichen Zeitvertrag nehmen. Erwärmung und fachliche Ausführung nicht durch blindes Budgeterneuern verwechseln.
S243.B01,S243,observability,none,observability,OB13 OB09 OB01,Endlicher Export blockiert gemeinsame Schlange,transient,"8 TB stehen nicht präemptierbar vor Kontrollen, positiver Durchsatz und keine weiteren Bulkankünfte, Bestand und ursprüngliche Kontrollzeitverträge sind lesbar","Nach endlichem Export kann Schlange drainieren, Kontrollfristen können vorher historisch verloren sein",OBR001 OBR012,teilweise,"Operator kann erhaltenen Bestand und verlorene Zeitverträge später prüfen, aktuelle Kontrollbedienung nicht garantiert",Kontrollen werden während desselben nicht präemptierten Exports innerhalb zugesagter Frist verarbeitet,Bulktransfer von kleinen Kontrollen über den realen Engpass trennen. Streaming ohne Unterbrechbarkeit garantiert keine Bedienung.
S243.B02,S243,observability,none,observability,OB13 OB09 OB01,Reservierter Anteil bedient kleine Kontrollen,halt,Engpass erlaubt tatsächliche Unterbrechung oder getrennte Bedienung und garantierter Anteil deckt deklarierte Kontrolllast,"Export kann fortlaufen während Kontrollqueue positiven Dienst erhält, unteilbarer globaler I/O-Stall würde Grenze brechen",OBR026 OBR019,bedingt,"Operator kann begrenzte Kontrollen nutzen ohne ganzen Export abzuwarten, beliebige kurze Fristen folgen nicht allein aus positivem Anteil",Kleine Stopanfrage bleibt bei vollem Export trotz zugesagter reservierter Kapazität unbedient,Bulktransfer von kleinen Kontrollen über den realen Engpass trennen. Streaming ohne Unterbrechbarkeit garantiert keine Bedienung.
S244.B01,S244,observability,none,observability,OB14 OB09 OB01,Dauernde Notfälle lassen Normales warten,extern-erzwungen,"Strikter Vorrang und fortgesetzte Notfalllast verbrauchen ganze Kapazität, normale Absichten und ursprüngliche Zeitverträge bleiben lesbar","Solange Notfälle ankommen bleibt normales Warten, nach deren Ende kann endlicher Rest drainieren",OBR001 OBR012,teilweise,"Operator kann Normalbestand und verpasste Fristen prüfen, rechtzeitige normale Ausführung ist nicht erhalten",Normale Tasks erhalten bei dauerhaft voller Notfallqueue nachweislich positiven Service,"Notfallvorrang als explizite begrenzte Ressourcenzusage behandeln. Politisch gewollte Dauerpriorität ist äußere Last, kein selbsttragender Attraktor."
S244.B02,S244,observability,none,observability,OB14 OB09 OB01,Normale Arbeit behält zugesagten Anteil,halt,"Vorgeschlagener Scheduler erzwingt echten Mindestanteil über teilbare Engpässe, normale eigene Last passt",Notfallqueue kann voll bleiben ohne normalen Durchsatz auf null zu drücken,OBR026,bedingt,"Normale Auftraggeber können begrenzten Service nutzen, alle Notfälle sofort und alle normalen Deadlines zugleich sind nicht versprochen",Gemeinsamer nicht präemptierbarer Engpass nimmt trotz Quote jeden normalen Service weg,"Notfallvorrang als explizite begrenzte Ressourcenzusage behandeln. Politisch gewollte Dauerpriorität ist äußere Last, kein selbsttragender Attraktor."
S245.B01,S245,observability,none,observability,OB06 OB32 OB01,Disconnected-Lease hält konkrete Reservierung,halt,"Restore- beziehungsweise disconnected-Pfad hält Lease und alle hier beteiligten Wiedervergabepfade respektieren ihn, Besitzerstatus unbekannt",Fehlende Liveness hält diese Reservierung bis korrelierter Ownerbeleg oder nachgewiesener Autoritätsentzug,OBR021,bedingt,"Scheduler kann genau den Workspace gegen zweite Zuteilung halten und Operator Belegbedarf lesen, Taskfreigabe und remote Ausgang bleiben separat",Ein anderer beteiligter Pfad vergibt diese Ressource auf bloße vermutete Abwesenheit neu,restore::reconcile und reconnect_after_herdr_or_machine_restart unterschiedlich ausweisen. Presumed-gone-Replacement ist weder positiver Todesbeweis noch schon gestarteter zweiter Writer.
S245.B02,S245,observability,A7S04,coordinator-review-amendment,OB06 OB32 OB01,TTL oder presumed-gone mit tatsächlichem Ersatzstart,konflikt,"Unbelegte Abwesenheit wird als Freigabe benutzt, Ersatz startet wirklich und alter Besitzer kann noch schreiben, frühere Daten lesbar","Überlappende Schreibautorität dauert bis Ende oder Fence, TTL selbst beendet sie nicht",OBR001,teilweise,"Früher bestätigter Bestand bleibt soweit intakt prüfbar, Exklusivität ist verloren, kein empirischer Vorfall aus Helpercode abgeleitet",Alte Autorität war vor Ersatzstart wirksam entzogen oder nur Ersatzdatensatz ohne Start existiert,restore::reconcile und reconnect_after_herdr_or_machine_restart unterschiedlich ausweisen. Presumed-gone-Replacement ist weder positiver Todesbeweis noch schon gestarteter zweiter Writer.
S245.B03,S245,observability,none,observability,OB06 OB32 OB01,Belegte alte Autorität beendet,abschluss,"Tatsächlicher Ressourcenfence schließt alle alten Writes aus oder vollständig bestätigte Unbenutzbarkeit liegt vor, erst dann Leasefreigabe","Ehemaliger Besitzer kann neue Annahmen nicht mehr beeinflussen, alte Effekte bleiben separat zu klären",OBR020,bedingt,"Neuer Besitzer kann Exklusivität nutzen statt Zeitablauf als Todesbeweis, Remoteaktionsstatus wird nicht mit freigegeben",Alter Worker schreibt nach Fence oder stop-Voraussetzung wurde lediglich aus verstrichener Zeit angenommen,restore::reconcile und reconnect_after_herdr_or_machine_restart unterschiedlich ausweisen. Presumed-gone-Replacement ist weder positiver Todesbeweis noch schon gestarteter zweiter Writer.
S246.B01,S246,observability,none,observability,OB27 OB15 OB25 OB01,Volltextauswahl passt nicht in Modellfenster,halt,"Caller expandiert zehn Millionen Namen und Consumer schneidet oder verweigert, Registry selbst bleibt lesbar","Nachrichtenfehler dauert mit übergroßer Auswahl, Registrykapazität heilt Kontextlimit nicht",OBR001,teilweise,"Operator kann intakten gespeicherten Bestand lesen, das Modell besitzt keine vollständige Namenkenntnis",Tatsächlich kompilierte Nachricht enthält gar nicht die Registryexpansion und passt vollständig,"Registryabfrage und Kontexttext getrennte Verträge. Historischer compile-Pfad erhält explizite Quellen, eine automatische Vollregistrysendung ist dort nicht belegt."
S246.B02,S246,observability,none,observability,OB27 OB15 OB25 OB01,Gezielter Registryzugriff bleibt klein,abschluss,"Entwurf bietet stabile IDs und begrenzte paginierte Abfrage, Aufgabe braucht nicht alle Namen gleichzeitig im Modell","Ein konkreter Nachschlagevorgang endet begrenzt, weitere Seiten sind neue lesbare Anfragen",OBR027,bedingt,"Agent kann benötigten Namen aus großem Bestand finden ohne Gesamtmenge im Kontext, bei Vollmengenpflicht kein Ersatz",Gesuchter existierender Name ist durch versteckte Abschneidung nicht mehr abrufbar oder Nachricht wächst linear mit Gesamtregister,"Registryabfrage und Kontexttext getrennte Verträge. Historischer compile-Pfad erhält explizite Quellen, eine automatische Vollregistrysendung ist dort nicht belegt."
S247.B01,S247,observability,none,observability,OB27 OB25 OB35,Gültiges Riesen-JSON erschöpft Parser,halt,"Parser allokiert 100 GB vor Grenze, geteilter Speicher reicht nicht und letzte bestätigte Diskdaten bleiben intakt","Verarbeitung stoppt bis Ressourcen frei oder Input verworfen, gültige Syntax liefert keinen Kapazitätsvertrag",OBR001,teilweise,"Alter bestätigter Bestand bleibt nach Entlastung lesbar, Riesenresultat und Controlservice sind nicht geschützt",Peakallokation bleibt vor Bodyannahme belegbar klein und Parser lehnt früh ab,Framegrenze vor Allokation und dekodierte Gesamtgröße prüfen. Inhaltsverweis ist keine automatische Erhaltung oder sichere unbegrenzte Downloadberechtigung.
S247.B02,S247,observability,none,observability,OB27 OB25 OB35,"Kleines Protokoll bleibt bedienbar, Body abgelehnt",abschluss,"Grenze greift vor Body- und Dekodierallokation, Gesamtpuffer sowie Controlpfad sind getrennt begrenzt","Riesenresultat endet als Ablehnung, neue kleine zulässige Frames können unabhängig passieren",OBR028 OBR019,bedingt,"Empfänger und Operator können kleine Antworten und Kontrollen nutzen, die 100-GB-Nutzlast selbst wird ausdrücklich nicht als erhalten gezählt",Parser oder referenzierter Blobabruf allokiert Bodygröße oder Riesenframe blockiert weiterhin Stop,Framegrenze vor Allokation und dekodierte Gesamtgröße prüfen. Inhaltsverweis ist keine automatische Erhaltung oder sichere unbegrenzte Downloadberechtigung.
S248.B01,S248,observability,none,observability,OB27 OB11 OB25,Viele einzeln kleine Queues erschöpfen Gesamtpool,extern-erzwungen,"100000 langsame Leser halten eigene Queues, Summenspeicher unbeschränkt und bestätigter Store bleibt intakt","Langsame laufende Nachfrage hält Belegung, Reconnectschleife wäre zusätzliche Annahme",OBR001,teilweise,"Bestandslesbarkeit kann nach Entlastung fortbestehen, laufende Benachrichtigungsabdeckung ist nicht erhalten",Gesamte Subscriberbytes bleiben bei steigender Leserzahl tatsächlich begrenzt,"Gesamtzahl Leser Gesamtbytes und Retentionsfenster zusammen begrenzen. Per-Queue-Cap allein ist kein globales Limit, alte Cursor brauchen ehrliche Lücke."
S248.B02,S248,observability,none,observability,OB27 OB11 OB25,Begrenztes Fenster statt verlustfreier Einzelqueues,halt,"Gemeinsames Ereignisfenster und Leseraufnahme haben globale Limits, Cursor ist bekannt und Lückenregel erlaubt Resync",Langsame Leser werden abgewiesen oder sehen explizite Lücke statt unendlicher Akkumulation,OBR029,bedingt,"Zugelassener Subscriber kann noch vorhandenen Suffix lesen, abgelaufene Benachrichtigungen sind nicht rekonstruiert",Cursor vor Fensteranfang erhält stillschweigend lückenlosen Erfolgsstatus oder Gesamtmemory wächst mit unbegrenzt neuen Lesern,"Gesamtzahl Leser Gesamtbytes und Retentionsfenster zusammen begrenzen. Per-Queue-Cap allein ist kein globales Limit, alte Cursor brauchen ehrliche Lücke."
S249.B01,S249,observability,none,observability,OB23 OB09 OB01,Korrektes Vollreplay endet nach verlorenem RTO,verlust,"Intakte lesbare kanonische Historie ist fest, Replay braucht drei Wochen ohne neue Events, Ziel war eine Stunde",Vergangenes RTO bleibt verfehlt auch wenn endliches korrektes Replay später fertig wird,OBR001,teilweise,"Recovery kann erhaltene Geschichte für spätere Wiederherstellung nutzen, keine rechtzeitige Verfügbarkeit und kein nachgewiesenes heutiges Eventreplay",Vollständige Bereitschaft aus genau diesem Eingang ist einschließlich Prüfungen schon innerhalb einer Stunde erreicht,RTO separat von Replaykorrektheit und Datenerhaltung nachweisen. Checkpoint nur mit erhaltenem Suffix Decoder und gemessener Bereitschaft als Entwurf akzeptieren.
S249.B02,S249,observability,none,observability,OB23 OB09 OB01,Vorhandener geprüfter Checkpoint verkürzt Rest,abschluss,Vorab existierender kompatibler Checkpoint plus vollständiger Suffix passen und gemessenes Replay inklusive Validierung bleibt unter RTO,"Endlicher Suffix wird ohne Pluginaufrufe angewandt, Bereitschaft erst nach bestandener Gleichwertigkeitsprüfung",OBR030,bedingt,"Recovery kann verifizierten Einstieg nutzen statt Jahrzehnte erneut abspielen, fehlender Checkpoint darf nicht nachträglich angenommen werden",Checkpoint plus Suffix weicht vom Vollreplay ab oder Prüfung und Restreplay überschreiten eine Stunde,RTO separat von Replaykorrektheit und Datenerhaltung nachweisen. Checkpoint nur mit erhaltenem Suffix Decoder und gemessener Bereitschaft als Entwurf akzeptieren.
S249.B03,S249,observability,none,observability,OB23 OB09 OB01,Beweglicher Replayrand holt nicht auf,extern-erzwungen,"Neue Events kommen dauerhaft schneller als Restreplay verarbeitet, Historie bleibt lesbar","Äußere Produktionsrate vergrößert Abstand, Ende der Neuzugänge ist eigene geänderte Bedingung",OBR001,teilweise,"Erhaltene Geschichte bleibt wiederaufbaubar bei endlichem Eingang, aktuelle Catch-up-Fähigkeit ist nicht erhalten",Bei gleichen Raten sinkt nachgewiesener Abstand dauerhaft auf null,RTO separat von Replaykorrektheit und Datenerhaltung nachweisen. Checkpoint nur mit erhaltenem Suffix Decoder und gemessener Bereitschaft als Entwurf akzeptieren.
S250.B01,S250,observability,none,observability,OB23 OB01 OB08,Keine sichere gleichzeitige Kopienbelegung möglich,halt,"Verwendeter Restore braucht mehr physisch gleichzeitigen Platz als vorhanden, einzige geprüfte Eingabe wird nicht gelöscht",Halt dauert bis Kapazität oder tatsächlich sicherer anderer Stufenplan verfügbar ist,OBR001,teilweise,"Operator kann letzte verifizierte Quelle lesen, aktueller Restorefortschritt ist nicht möglich",Gemessener aktueller Algorithmus passt inklusive Scratch Index und Rollback ohne Quelle zu gefährden,Peak-Live-Set mit Rollback und letzter guter Quelle planen. Kein Platzgewinn durch Löschen der einzigen verifizierten Eingabe als sichere Recovery verkaufen.
S250.B02,S250,observability,none,observability,OB23 OB01 OB08,Geprüfte Stufenfolge passt tatsächlich,abschluss,"Expliziter Plan vermeidet unzulässige Überlappung, jede Ersatzstufe wird vor Löschen ihrer Vorgängerquelle geprüft und Peak passt","Endliche Schritte erreichen Restore mit belegten Wiederanlaufpunkten, Zwischenfehler behalten mindestens eine gültige Quelle",OBR031,bedingt,"Operator kann Wiederherstellung mit vorhandenem Platz fortsetzen ohne imaginären Zusatzspeicher, Endgröße allein wäre kein Nachweis",Abbruch an einer Stufe lässt keine gültige Quelle oder tatsächliche COW-/Scratchbelegung übersteigt Kapazität,Peak-Live-Set mit Rollback und letzter guter Quelle planen. Kein Platzgewinn durch Löschen der einzigen verifizierten Eingabe als sichere Recovery verkaufen.
S250.B03,S250,observability,none,observability,OB23 OB01 OB08,Letzte Quelle für Platz gelöscht und Ersatz unbrauchbar,verlust,"Unsicherer Plan löscht letzte gültige Datenquelle bevor brauchbarer Ersatz existiert, keine weitere lesbare Kopie im Inventar",Benötigter Datenstand ist unter diesem geschlossenen Inventar nicht rekonstruierbar,none,keines,"Für Wiederherstellung dieses verlorenen Standes bleibt keine Struktur, neue Backups oder perfekte Reparaturquelle dürfen nicht erfunden werden",Eine tatsächlich vorhandene rechtmäßig lesbare geprüfte Quelle liefert den verlorenen Stand,Peak-Live-Set mit Rollback und letzter guter Quelle planen. Kein Platzgewinn durch Löschen der einzigen verifizierten Eingabe als sichere Recovery verkaufen.
S251.B01,S251,observability,none,observability,OB28 OB17 OB01,Tombstones weg und Retry doppelt angenommen,verlust,"Lokale Tombstones sind letzte lokale Zuordnung, Teilnehmer dedupliziert nicht mehr oder Retry benutzt neue Identität, zweite irreversible Wirkung tatsächlich angenommen","Historische Nichtduplikation ist verloren, ein späterer Tombstone kann vergangene Annahme nicht löschen",none,keines,"Für ursprüngliche Einmalwirkung bleibt kein Residue, spätere Kompensation könnte nur Folgen mindern und ist nicht vorausgesetzt",Teilnehmerannahmebuch belegt dass kein zweiter Effekt akzeptiert wurde,"Tombstonebedarf nach spätestem möglichen Retry statt nach geringem Bytevolumen bestimmen. Teilnehmerhorizont getrennt belegen, kein Wiederherstellen gelöschter Zuordnung behaupten."
S251.B02,S251,observability,none,observability,OB28 OB17 OB01,"Lokaler Verlust, Teilnehmer hält alte Identität",abschluss,Gegenbedingung zur vorgegebenen Duplikation: Teilnehmer hält gleiche stabile Retryidentität noch atomar und autorisiert abfragbar trotz lokaler Löschung,Retry liefert alte Annahme statt neuer Wirkung bis Ende dieses Retentionshorizonts,OBR018,bedingt,"Teilnehmer kann genau die doppelte Annahme verhindern und Recovery Ausgang zuordnen, lokales tombstonefreies System ist nicht allgemein sicher",Retryidentität ändert sich oder Teilnehmer hat den Eintrag vor Nachzügler bereits gelöscht,"Tombstonebedarf nach spätestem möglichen Retry statt nach geringem Bytevolumen bestimmen. Teilnehmerhorizont getrennt belegen, kein Wiederherstellen gelöschter Zuordnung behaupten."
S252.B01,S252,observability,none,observability,OB30 OB12 OB07 OB01 OB09,Endlicher zwingend einzeln abzuarbeitender Altbestand,transient,"Vertrag verlangt alle Milliarde Vorkommen einzeln, deren Absichten und Ursprungsfristen sind erhalten, tatsächliches Freigabegate hält abgelaufene Effektaufträge, Bearbeitungsrate freigegebener Arbeit positiv und kein unendlicher neuer Nachholhorizont","Endlicher Rückstau kann langsam drainieren, historische Fristen sind dennoch verloren und Freigaben können Halt erfordern",OBR001 OBR007 OBR012,teilweise,"Operator kann erhaltene Vorkommen prüfen und ungültige Aktionen halten, keine schnelle Kapazität oder Milliarde Erfolge erhalten",Tatsächlicher Vertrag erlaubt übersprungene Intervalle oder Materialisierung erzeugt nach festem Ende ohne neue Quelle unbegrenzt weiter,Vergangenes Scheduleintervall von einer Milliarde ausführbaren Runs trennen. Skip/Coalesce braucht legitimen Vertrag und erteilt keine neue externe Freigabe.
S252.B02,S252,observability,none,observability,OB30 OB12 OB07 OB01 OB09,"Erlaubtes Intervall disponiert, nur kleiner Rest aufgenommen",abschluss,"Ursprünglicher legitimer Vertrag erlaubt Skip oder Coalesce, kompakter Cursor und Dispositionsbeleg erhalten Intervall eindeutig, frische Erlaubnis vor Effekten",Altes Intervall endet als deklarierte Disposition und nächste begrenzte Materialisierung beginnt ohne Doppelzählung,OBR032 OBR007,bedingt,"Scheduler kann Nachholstand und berechtigten kleinen Rest nutzen, übersprungene Vorkommen sind ausdrücklich nicht ausgeführte Erfolge",Neustart materialisiert dasselbe disponierte Intervall erneut oder Skip wird trotz Pflicht-Einzelausführung als vollständig ausgeführt gemeldet,Vergangenes Scheduleintervall von einer Milliarde ausführbaren Runs trennen. Skip/Coalesce braucht legitimen Vertrag und erteilt keine neue externe Freigabe.
S253.B01,S253,observability,none,observability,OB12 OB11 OB01,Endliche Entblockungskohorte drainiert,transient,"Provider tatsächlich repariert, freigegebene Kohorte endlich und gemeinsame Aufnahme-/Versuchsbudgets erzwingen tragbare Last","Zugelassene Aufträge enden oder werden wahr abgewiesen, ohne neue Retries verschwindet ursprünglicher Stoß",OBR016 OBR022,bedingt,"Scheduler kann begrenzt erlaubte Arbeit bedienen und Restversuche zählen, gleichzeitige sofortige Erfüllung aller Scopes nicht zugesagt",Nach vollständig disponierter Kohorte entstehen ohne neue Erlaubnis weitere Versuche,"Provider-Rückkehr ist gemeinsamer Aufnahmeimpuls, keine neue Kapazität. Scopeberechtigung liefert keine Ressourcenisolation und Fehlerende muss bei gleichem Grundbedarf geprüft werden."
S253.B02,S253,observability,none,observability,OB12 OB11 OB01,Gemeinsame Fehlerwellen erzeugen nächste Entblockung,attraktorhypothese,"Deklarierter Grundbedarf wäre tragbar, synchrones Dispatch überschreitet Providerkapazität und Fehler setzen neue gemeinsame Retryepochen, Intent lesbar","Stoß löst Quotenfehler aus, diese erneute gemeinsame Warte-/Freigabezeit, deren Stoß erhält Fehler nach ursprünglicher Reparatur",OBR001,teilweise,"Operator kann verbliebene Absichten prüfen, Durchsatz und Providerbudget sind nicht gesichert","Bei behobenem Initialfehler gleicher Grundlast und Policy drainiert jeder getestete Rückstau ohne erneute Fehlerwelle, Null-Ankünfte separat variieren","Provider-Rückkehr ist gemeinsamer Aufnahmeimpuls, keine neue Kapazität. Scopeberechtigung liefert keine Ressourcenisolation und Fehlerende muss bei gleichem Grundbedarf geprüft werden."
S254.B01,S254,observability,none,observability,OB36 OB11 OB30 OB25,Großer aber endlicher legaler Baum,transient,"Endliche Scopezahl mit unverändert vererbter Nichtwiederholungskette, großer Verzweigungsfaktor und keine neuen Wurzeln, aufgenommene Absichten lesbar","Jede Ebene hat weniger erlaubte Scopes, endliche Tiefe endet trotz Millionen Kindern, danach bleibt endlicher Rückstau",OBR001,teilweise,"Operator kann aufgenommenen Bestand prüfen, ursprüngliche Kosten- und Zeitgrenze kann längst verfehlt sein","Kinder dürfen dieselbe Scopekette zurücksetzen oder neue Wurzeln erzeugen, dann gilt Endlichkeitsannahme nicht",Vererbte Scopekette begrenzt Tiefe aber nicht Breite. Gesamtkontingent an Wurzel binden und frische Wurzeln nur unter separat begrenzter Autorität zulassen.
S254.B02,S254,observability,none,observability,OB36 OB11 OB30 OB25,Neue Wurzeln reproduzieren Wachstum,eskalation,"Kinder dürfen frische Wurzeln mit erneutem Kontingent erzeugen, mittlere neue Aufnahme über eins und kein Gesamtlimit","Arbeit erzeugt neue erlaubte Wurzeln, diese mehr Kinder und Wurzeln, Wachstum bis realer Ressourcen- oder Autoritätsgrenze",none,ungeklaert,"Ohne begrenzte durable Aufnahme ist weder vollständige Lineage noch nutzbare Restkapazität belegt, keine stabile Attraktorkonvergenz aus Wachstum behauptet",Jede neue Wurzel konsumiert dasselbe endliche autorisierte Gesamtkontingent oder effektive Reproduktion fällt unter eins,Vererbte Scopekette begrenzt Tiefe aber nicht Breite. Gesamtkontingent an Wurzel binden und frische Wurzeln nur unter separat begrenzter Autorität zulassen.
S254.B03,S254,observability,none,observability,OB36 OB11 OB30 OB25,Begrenzter aufgenommener Baum bleibt prüfbar,halt,"Jedes Kind erbt Wurzel und durchgesetztes Gesamt-Nachkommen-/Kostenbudget, frische Wurzeln brauchen eigene begrenzte Erlaubnis","Budgetende stoppt weitere Aufnahme, bereits zugelassene Kinder bleiben endlicher zu disponierender Bestand",OBR033,bedingt,"Dispatcher kann Restkontingent und Lineage nutzen bevor Rechnung kommt, verborgene externe Kosten bleiben außerhalb nachgewiesenem Modell",Breite Delegation oder erlaubter Frischwurzelpfad vervielfacht Budget ohne neue Gesamtfreigabe,Vererbte Scopekette begrenzt Tiefe aber nicht Breite. Gesamtkontingent an Wurzel binden und frische Wurzeln nur unter separat begrenzter Autorität zulassen.
S255.B01,S255,observability,none,observability,OB31 OB09 OB11 OB01,Äußere Dauerlast hält niedrige Taktrate,extern-erzwungen,"Last heizt CPU auf Zehntelrate, Kühlung erreicht nur dieses Gleichgewicht oder Zyklus, Zeitbelege erhalten","Last erzeugt Wärme, Drossel senkt Leistung und Kühlung kann gegenwirken, fortgesetzte Last hält Regime ohne nötige Retryschleife",OBR012,teilweise,"Operator kann ursprüngliche Zeitverträge und gemessene Verfehlung weiter lesen, volle Warmkapazität ist nicht erhalten",Bei festem Bedarf korrelieren Temperatur Takt und Durchsatz nicht mit behaupteter Drosselwirkung,"Thermisch nachhaltige Rate statt kurzer Warmbenchmark als Zulassungsbasis messen. CPU-Drossel ändert reale Dauer, nicht automatisch Vertragsablauf."
S255.B02,S255,observability,none,observability,OB31 OB09 OB11 OB01,Zulassung passt zu gemessener gedrosselter Kapazität,halt,"Physisches Aufnahmebudget wurde auf nachhaltige Zehntelkapazität ausgelegt, Mindestservice teilbarer Klassen ist wirklich erzwingbar","Weniger zugelassene Last kann stabil bedient werden, abgewiesene Nachfrage ist nicht erfüllt",OBR016 OBR026,bedingt,"Zugelassene Klassen behalten begrenzten Service auch unter Drossel, frühere höhere Frist-/Mengenzusage gilt nicht automatisch",Gedrosselte CPU oder geteilter unteilbarer Engpass entzieht auch zugesagtem Rest jeden Service,"Thermisch nachhaltige Rate statt kurzer Warmbenchmark als Zulassungsbasis messen. CPU-Drossel ändert reale Dauer, nicht automatisch Vertragsablauf."
S255.B03,S255,observability,none,observability,OB31 OB09 OB11 OB01,Retries koppeln Hitze und lange Queues,attraktorhypothese,"Deklarierter Grundbedarf wäre bei abgekühltem System tragbar, Timeouts erneuern zusätzliche Arbeit und verhindern Abkühlung, Intent lesbar","Hitze senkt Rate, Queue erzeugt Timeouts, Retryarbeit erhält Auslastung und Hitze und damit neue Timeouts",OBR001 OBR012,teilweise,"Bestands- und Zeitdiagnose bleiben möglich, weder Deadlineerhalt noch selbstständige Abkühlung sind gesichert","Nach Initialstörung bei gleicher Grundlast und Policy kühlt jeder getestete Rückstau ab und drainiert, Null-Neuzugänge erst separat prüfen","Thermisch nachhaltige Rate statt kurzer Warmbenchmark als Zulassungsbasis messen. CPU-Drossel ändert reale Dauer, nicht automatisch Vertragsablauf."
S256.B01,S256,observability,none,observability,OB16 OB06 OB01,"Dauerhafter Versuch, Versandpunkt unbekannt",ungewissheit,"USV reicht für lokales Intentcommit, Recovery kann nicht unterscheiden ob Writer gar nicht aufgerufen oder externe Annahmeantwort verloren ging","Unbekannter Ausgang hält automatische Wiederholung bis korrelierte neue Evidenz, Stromrückkehr allein beendet Wissenlücke nicht",OBR017,teilweise,"Recovery kann belegten Versuch zurückhalten und lesen, weder Mailzustellung noch No-send sind dadurch erhalten",Erhaltener unabhängiger Beleg bestimmt eindeutig ob Annahmepunkt erreicht wurde,"Commit-vor-Writer-Lücke funktionsgebunden halten: historische deliver-Quelle nutzt manuelle Übergabe, keinen bewiesenen Versand. UPS kann weder Fernannahme noch deren Nichtvorkommen aus lokalem Intent beweisen."
S256.B02,S256,observability,none,observability,OB16 OB06 OB01,Teilnehmerbeleg entscheidet tatsächlichen Ausgang,abschluss,Teilnehmer führt für dieselbe Identität erhaltenes autorisiert abfragbares Annahmebuch und definitive Nichtannahme braucht geschlossene weitere Annahmemöglichkeit,"Passende Evidenz beendet genau Ausgangsfrage, zulässige erneute Aktion braucht gegebenenfalls neue Freigabe",OBR018,bedingt,"Operator kann Annahme oder belegte endgültige Nichtannahme unterscheiden, bloß momentanes not-found bei weiterlaufendem Sender reicht nicht",Not-found wird als No-send ausgegeben obwohl alter Teilnehmer später noch annehmen darf,"Commit-vor-Writer-Lücke funktionsgebunden halten: historische deliver-Quelle nutzt manuelle Übergabe, keinen bewiesenen Versand. UPS kann weder Fernannahme noch deren Nichtvorkommen aus lokalem Intent beweisen."
S257.B01,S257,observability,none,observability,OB02 OB03 OB01,"Router aus, Geschäft läuft ohne Außenblick",extern-erzwungen,"Nur Monitoringrouter wird abgeworfen, Geschäftsweg und bestätigter Bestand bleiben nutzbar, kein anderer Beobachtungspfad","Beobachtungsblindheit bleibt mit Abwurf, Geschäftsfortschritt kann unabhängig weitergehen",OBR001,teilweise,"Lokaler Operator kann bestätigten Bestand nutzen und Arbeit kann laufen, daraus folgt kein frischer Remotezustand oder Menschenempfang",Abwurf stoppt tatsächlich auch Geschäftsweg oder frischer unabhängiger Außenbefund bleibt vorhanden,"Lastabwurf muss Monitoringenergie/-netz als Abhängigkeit explizit machen. OB02 wird nur auf Beobachtung bezogen, Ausführung kann vollständig weiterlaufen."
S257.B02,S257,observability,none,observability,OB02 OB03 OB01,Anderer konkreter Beobachtungspfad überlebt Abwurf,extern-erzwungen,Vorab vorhandener Zeuge samt eigener Verbindung Energie Identität und Lesezugang hängt nicht am abgeworfenen Router,Zeuge erhält begrenzte frische Befunde oder Ausfallevidenz auch bei anhaltendem Abwurf,OBR002,bedingt,"Externer Leser kann definierte Erreichbarkeit beobachten, Produktionsausführung und Empfang werden separat ausgewiesen",Alternativer Pfad routet doch durch abgeschaltetes Gerät oder teilt dessen Versorgung,"Lastabwurf muss Monitoringenergie/-netz als Abhängigkeit explizit machen. OB02 wird nur auf Beobachtung bezogen, Ausführung kann vollständig weiterlaufen."
S258.B01,S258,observability,none,observability,OB35 OB11 OB01,Stop hinter dauernd belegten Aufrufen,halt,"Stop teilt voll belegten Pool, Calls hängen oder werden durch dauernden Input ersetzt, Journal bereits bestätigter Versuche lesbar","Ohne freien Service wartet Stop, endliche Calltimeouts könnten transient freigeben, erneute Retrylast wäre zusätzliche Schleife",OBR017,teilweise,"Operator kann frühere Versuche später abgleichen, aktuelle Notsteuerbarkeit ist nicht erhalten",Stop wird unter derselben unveränderten Poolbelegung innerhalb seiner zugesagten Frist tatsächlich bedient,"Stopaufnahme und Timer aus gesättigten Pluginpools heraus bedienbar machen, danach tatsächliche Autoritätswirkung und dauerhafte Bestätigung getrennt prüfen."
S258.B02,S258,observability,none,observability,OB35 OB11 OB01,Reservierte Kontrolle sperrt neue Aufnahme,halt,"Controlpfad Timer und Supervisor sind unabhängig bedienbar, Dispatchsperre greift bevor weitere Calls zugelassen werden","Neue Calls bleiben gehalten während bestehende getrennt beendet oder reconciliert werden, Stopstatus bleibt bis Wirkung unvollständig",OBR019,bedingt,"Operator kann Belastungsnachschub stoppen und Abbruch anstoßen, abgeschlossener irreversibler Effekt wird nicht zurückgenommen",Gesättigter Pluginloop verhindert Timerlauf oder Stopannahme wird ohne Fence und Commit als vollständig ausgegeben,"Stopaufnahme und Timer aus gesättigten Pluginpools heraus bedienbar machen, danach tatsächliche Autoritätswirkung und dauerhafte Bestätigung getrennt prüfen."
S259.B01,S259,observability,none,observability,OB20 OB33 OB21,Einziger Identitätsweg gesperrt,halt,IdP blockiert und kein gültiger vorheriger lokaler Login oder Offlinecredential vorhanden,"Zugriff bleibt fail-closed bis berechtigte Wiederherstellung des Identitätswegs, keine autonome Schleife",none,keines,"Für aktuelle autorisierte Notbedienung ist kein nutzbarer Zugang vorhanden, Daten können dennoch intakt sein",Vorhandener gültiger lokaler Notnachweis erlaubt definierte Befehle ohne IdP,"Lokales IPC-Safe-mode ist kein Autorisierungsbypass. Offline-Notautorität muss vorher eng bereitstehen, sonst ehrlicher Halt statt offener Shell."
S259.B02,S259,observability,none,observability,OB20 OB33 OB21,Vorab gebundene Offline-Notbefehle möglich,halt,Erreichbarer Operator besitzt bereits gültiges enges Offlinecredential und lokaler Prüfpfad arbeitet ohne gesperrten Provider,"Definierte Recoverykontrollen bleiben bis Ablauf oder Widerrufsgrenze nutzbar, übriger IdP-Zugang bleibt gesperrt",OBR034,bedingt,"Operator kann autorisierte Notaktionen ausführen, keine anonyme Rettung und keine vollständige externe Accountwiederherstellung",Offlinepfad verlangt doch IdP oder ein unberechtigter Principal kann dieselben Befehle ausführen,"Lokales IPC-Safe-mode ist kein Autorisierungsbypass. Offline-Notautorität muss vorher eng bereitstehen, sonst ehrlicher Halt statt offener Shell."
S260.B01,S260,observability,none,observability,OB29 OB08 OB16,Commitfehler wird ehrlich zurückgegeben,halt,"SSD voll, direkte historische stop/cancel-Transaktion scheitert und Caller propagiert Fehler, alter Bestand lesbar","Keine neue dauerhafte Stopzusage bis Speicher wieder schreibt, physischer Prozesszustand ist separate Frage",OBR001,teilweise,"Operator kann alten Stand lesen und fehlgeschlagene Mutation erkennen, kein dauerhafter Stop ist erhalten",Gesamter Clientpfad gibt trotz fehlgeschlagenem Commit erfolgreiche dauerhafte Stopbestätigung aus,Dauerhaften gewünschten Stop von physischem Prozessende und Antwortstufe trennen. Historische stop/cancel-Library propagiert Commitfehler; lügender Wrapper ist nur Gegenbedingung.
S260.B02,S260,observability,none,observability,OB29 OB08 OB16,Wrapper behauptet gespeicherten Stop ohne Commit,ungewissheit,"Hypothetischer Wrapper bestätigt zu früh, SSD nimmt Stop nicht an, Prozess könnte tatsächlich gestoppt sein oder weiterlaufen","Nach Restart kann alter gewünschter Zustand wieder wirksam werden, falsche Quittung entscheidet reale Wirkung nicht",OBR001,teilweise,"Nur frühere dauerhafte Daten sind prüfbar, versprochene persistente Stopgarantie ist verloren beziehungsweise nicht hergestellt",Erfolgsantwort hängt belegbar am erfolgreichen Stopcommit oder unabhängige dauerhaft gespeicherte Stopautorität existiert,Dauerhaften gewünschten Stop von physischem Prozessende und Antwortstufe trennen. Historische stop/cancel-Library propagiert Commitfehler; lügender Wrapper ist nur Gegenbedingung.
S260.B03,S260,observability,none,observability,OB29 OB08 OB16,Volatile Notkontrolle wirkt ohne Dauerhaftigkeitsbehauptung,halt,"Separater Supervisor kann laufenden Host kontrollieren und Dispatch vorübergehend sperren, aber SSD bleibt voll und Neustartschutz ist nicht gespeichert","Physische Sperre hält nur solange diese Autorität lebt, Wiederanlauf muss erneut geprüft werden",OBR019,bedingt,"Operator kann gegenwärtigen Nachschub stoppen obwohl Persistenz fehlt, Antwort muss ausdrücklich nicht-dauerhaft bleiben",Neustart wird ohne neue Prüfung als weiterhin dauerhaft gestoppt bestätigt oder Control teilt den blockierten Schreibpfad,Dauerhaften gewünschten Stop von physischem Prozessende und Antwortstufe trennen. Historische stop/cancel-Library propagiert Commitfehler; lügender Wrapper ist nur Gegenbedingung.
S261.B01,S261,observability,none,observability,OB33 OB17 OB21 OB25,Fremdes Credential hat fremde Aktion ermöglicht,verlust,"Plugin A erhält oder nutzt B-Credential, externe unberechtigte Aktion wird akzeptiert und unabhängiges lokales Versuchsjournal bleibt intakt","Vergangene falsche Autorisierung bleibt auch nach Credentialwiderruf, Offenlegung braucht zusätzlich tatsächlichen Klartextleser",OBR017,teilweise,"Operator kann belegte Versuche für Abgleich nutzen, korrekte Scopeautorität dieser Aktion ist nicht erhalten",Teilnehmer lehnt B-Nutzung vor Annahme ab oder Aktion war gesondert korrekt für B autorisiert,"Authentisierte Pipe an konkrete Secret-Capability von Scope und Zweck binden, nicht Pluginbehauptung. Falsche Nutzung und tatsächliche Offenlegung getrennte Wirkungen."
S261.B02,S261,observability,none,observability,OB33 OB17 OB21 OB25,Credential-Gate bewahrt erlaubte A-Nutzung,abschluss,"Trusted Aktivierung bindet A Scope Zweck und Ziel, Anfrage auf B wird vor Release oder Nutzung abgewiesen, kein OS-Vaultbypass","Falsche Anfrage endet, weiterhin erlaubte A-Nutzung kann separat passieren",OBR036,bedingt,"Secret-Gate kann passende A-Capability weiter bedienen ohne B-Zugang zu geben, Pipeauth allein wäre kein Nachweis",Authentischer A-Prozess liest B-Secret direkt oder wählt B erfolgreich über freies Requestfeld,"Authentisierte Pipe an konkrete Secret-Capability von Scope und Zweck binden, nicht Pluginbehauptung. Falsche Nutzung und tatsächliche Offenlegung getrennte Wirkungen."
S262.B01,S262,observability,none,observability,OB33 OB17 OB21 OB25 OB07,Umgebogener Name erreicht falschen Empfänger,verlust,"Dispatch löst nur veränderbaren Anzeigenamen neu auf, andere reale Identität nimmt irreversible Aktion an, Versuchsjournal erhalten","Vergangene falsche Empfängerwirkung bleibt, geheimhaltungsbezogener Zusatzverlust nur bei tatsächlicher sensibler Offenlegung",OBR017,teilweise,"Operator kann Versuch und bekannte Zielbelege prüfen, ursprüngliche Empfängertreue ist verloren",Tatsächlicher Teilnehmer bindet trotz Namensänderung unverändert den genehmigten Empfänger,Menschlichen Namen vor Freigabe an unveränderliche tatsächliche Zielidentität binden und am Dispatch prüfen. Erneute Freigabe bei semantischer Änderung statt Namegleichheit.
S262.B02,S262,observability,none,observability,OB33 OB17 OB21 OB25 OB07,Gebundene Zielidentität verhindert Umlenkung,halt,"Approval umfasst echte unveränderliche Zielidentität Version und Aktion, Gate prüft letzten kontrollierten Dispatch und Teilnehmer respektiert Identität","Abweichung hält Aktion bis passende neue Freigabe, kosmetischer Name kann getrennt wechseln",OBR035 OBR007,bedingt,Operator kann ursprüngliche Absicht und Freigabe nutzen ohne still auf neuen Empfänger zu senden,Teilnehmer löst gebundene ID hinter dem Gate in andere Person auf oder Namewechsel ändert Ziel ohne neue Freigabe,Menschlichen Namen vor Freigabe an unveränderliche tatsächliche Zielidentität binden und am Dispatch prüfen. Erneute Freigabe bei semantischer Änderung statt Namegleichheit.
S263.B01,S263,observability,none,observability,OB33 OB17 OB25,Fremde ID wird fälschlich Autorität,verlust,"Importer setzt bekannte fremde ID ein, Gate behandelt ID als Zustimmung und irreversible unberechtigte Aktion wird angenommen, unabhängiges Journal erhalten","Historische falsche Freigabe bleibt, UUID-Eindeutigkeit würde sie nicht legitimieren",OBR017,teilweise,"Operator kann erhaltenen Versuch prüfen, Herkunft einer Task-ID beweist keine lokale Berechtigung",Separates autoritatives Approval deckt genau den tatsächlichen Principal Scope und die Aktion,Importierte Task-ID nie selbst als Freigabeevidenz akzeptieren. Approvalprovenienz Principal Scope und unveränderliche Aktion am Dispatch überprüfen.
S263.B02,S263,observability,none,observability,OB33 OB17 OB25,ID bleibt Datenreferenz ohne Approvalwirkung,abschluss,Import bleibt untrusted und nur separate authentisierte passende Approvalquelle kann Dispatch erlauben,"Falscher Autoritätsversuch endet als Ablehnung, andere korrekt gebundene Arbeit darf weiterlaufen",OBR035,bedingt,Dispatcher kann echte Freigabeevidenz nutzen und importierte Identität als bloße Referenz lesen,Fremde syntaktisch gültige Task-ID ersetzt die unabhängige Approvalprüfung erfolgreich,Importierte Task-ID nie selbst als Freigabeevidenz akzeptieren. Approvalprovenienz Principal Scope und unveränderliche Aktion am Dispatch überprüfen.
S264.B01,S264,observability,none,observability,OB25 OB33 OB21,Instruktionsübernahme führt zu Secret-Offenlegung,verlust,"Agent erhebt Dokument zur Systemautorität und besitzt tatsächlichen Secretlese- plus Uploadzugriff, unberechtigter Empfänger erhält Klartext","Bereits gelesene Secrets sind nicht zurückholbar, Rotation schützt höchstens künftige Nutzung",none,keines,"Für Vertraulichkeit der hochgeladenen Fakten bleibt keine Struktur, bloßer Text ohne erfolgreichen Zugriff wäre noch kein Verlust",Secret-Gate oder Egress stoppt vor Übertragung und kein unberechtigter Leser erhält Klartext,Dokumenttext darf keine Capability oder Approvalquelle sein. Promptformatierung nicht als Secret- oder Egressgrenze behandeln.
S264.B02,S264,observability,none,observability,OB25 OB33 OB21,Inhalt bleibt ohne Handlungsautorität,abschluss,"Unabhängiges Approvalgate kontrolliert jede entsprechende externe Aktion, Dokument kann diese Quelle nicht ändern","Geforderter Upload scheitert ohne passende echte Freigabe, legitime unabhängig gebundene Aktionen bleiben möglich",OBR035,bedingt,"Dispatcher kann wahre Freigaben weiter nutzen, Text wird als Daten gelesen ohne behauptete Systemregel zu übernehmen",Dokumentwortlaut allein erzeugt gültige Uploadfreigabe oder Agent benutzt ungeprüften externen Nebenkanal,Dokumenttext darf keine Capability oder Approvalquelle sein. Promptformatierung nicht als Secret- oder Egressgrenze behandeln.
S264.B03,S264,observability,none,observability,OB25 OB33 OB21,Daten bleiben außerhalb erreichbarer Rechte,halt,"OS- und Egress-Kompartiment enthält geschützte Secrets außerhalb Agentenzugriff, selbst bei instruktionswilligem Modell",Versuch bleibt ohne tatsächlichen Lese-/Übertragungsweg blockiert solange diese Grenze gilt,OBR039,bedingt,"Berechtigte Prozesse können nicht offengelegte Daten weiter nutzen, Modellgehorsam ist keine vorausgesetzte Schutzstruktur",Agent liest Secrets über gemeinsame UID Prozessinspektion oder zulässigen Nebenkanal und kann sie abführen,Dokumenttext darf keine Capability oder Approvalquelle sein. Promptformatierung nicht als Secret- oder Egressgrenze behandeln.
S265.B01,S265,observability,none,observability,OB33 OB17 OB21 OB25,Gefälschte Bestätigung ermöglicht Fehlaktion,verlust,"Recovery-Agent glaubt Logtext und besitzt effektiven Dispatchzugang, unberechtigte irreversible Aktion wird angenommen","Vergangene Fehlaktion bleibt, plausible Logform beweist nie den behaupteten Operator",none,keines,"Für korrekte Autorisierung dieser angenommenen Aktion bleibt kein Residue, manipuliertes Log ist gerade keine unabhängige Beweisquelle",Dispatch verlangt und erhält eine echte separat verifizierte passende Zustimmung oder verweigert vor Annahme,"Logs sind Diagnose, keine Operatorstimmen. Wiederanlauffreigaben müssen aus separater authentisierter Quelle stammen und genau die neue Aktion binden."
S265.B02,S265,observability,none,observability,OB33 OB17 OB21 OB25,Gefälschtes Log bleibt nicht autorisierende Diagnose,abschluss,"Approvalbuch und Prüfgate liegen außerhalb veränderbarer Logtexte, Principal Scope Aktion und Gültigkeit werden unabhängig geprüft","Log kann Diagnose verwirren aber keine neue Erlaubnis erzeugen, zulässige Recoveryentscheidung braucht echte Quelle",OBR035,bedingt,"Recovery kann autoritative Freigabeevidenz weiter verwenden trotz falscher Diagnosetexte, Logwahrheit ist nicht gerettet",Passend formatierte Logzeile erfüllt ohne echte Operatorhandlung die Approvalabfrage,"Logs sind Diagnose, keine Operatorstimmen. Wiederanlauffreigaben müssen aus separater authentisierter Quelle stammen und genau die neue Aktion binden."
S266.B01,S266,observability,none,observability,OB33 OB17 OB21 OB25 OB07,Prüfanweisung wird unerlaubte neue Aktion,verlust,Prüfer folgt Artefaktinstruction über externes Tool ohne passendes Approval und irreversible Aktion wird angenommen,"Neue historische Aktion bleibt trotz späterer Ablehnung des Artefakts, Completionprüfung hatte sie nicht autorisiert",none,keines,"Für ursprüngliche Aktionsbegrenzung dieser angenommenen Aktion bleibt nichts, erhaltenes Artefakt allein ist keine vertrauenswürdige Freigabe",Tool-Gate verhindert Annahme oder eine unabhängige bereits gültige Zustimmung deckt genau diese Aktion,"Artefaktprüfung und neue externe Aktion trennen. Hash oder gültiger Inhaltsverweis bindet Bytes, nicht Erlaubnis zu darin geforderten Tools."
S266.B02,S266,observability,none,observability,OB33 OB17 OB21 OB25 OB07,Neue Aktion als nicht freigegebene Absicht gehalten,halt,"Prüfer oder erzwungenes Gate behandelt Artefaktinhalt als untrusted Daten, neue Aktion braucht unabhängige gebundene Freigabe","Prüfung kann getrennt fortgehen, zusätzliche Aktion bleibt bis echter Entscheidung gehalten oder wird verworfen",OBR035 OBR007,bedingt,"Operator kann verlangte neue Absicht prüfen ohne sie aus Artefaktbytes zu autorisieren, bloße Formatgrenze wäre unzureichend",Artefaktinhalt kann ohne neue echte Zustimmung externe Wirkung auslösen,"Artefaktprüfung und neue externe Aktion trennen. Hash oder gültiger Inhaltsverweis bindet Bytes, nicht Erlaubnis zu darin geforderten Tools."
S267.B01,S267,observability,none,observability,OB21 OB22 OB25,Signierter Einmalpayload legt Klartext offen,verlust,"Gültig signierter Code hat Daten- und Egresszugriff und Empfänger erhält geschützte Daten, keine Persistenzschleife belegt",Offenlegung ist historisch irreversibel auch wenn Payload danach endet,none,keines,"Für Geheimhaltung tatsächlich exfiltrierter Daten bleibt keine Restfähigkeit, Einmalverlust ist kein Attraktor",Kein unberechtigter Empfänger erhält verwertbaren Klartext,"Signatur prüft Herkunft, nicht Verhalten. Schon offengelegte Daten nicht als durch nachträgliche Isolation erhalten verkaufen, Wiederinfektion braucht konkrete reproduzierende Rechte."
S267.B02,S267,observability,none,observability,OB21 OB22 OB25,Update und Recoveryevidenz reproduzieren Kompromiss,attraktorhypothese,"Angreifer kontrolliert wiederkehrenden Update-/Persistenzpfad und für Recoveryentscheidungen verwendete In-Domain-Evidenz, keine unabhängige nutzbare Prüfbasis vorhanden","Kompromittierter Updater installiert schädlichen Code, falsche Evidenz legitimiert Recovery, diese lädt denselben Kompromiss erneut",none,keines,"Für unabhängig glaubwürdige In-Domain-Recoveryentscheidung ist kein überlebender Gegenstand benannt, nicht automatisch jeder Datenbyte zerstört",Sauberer Neustart bleibt trotz fortbestehend behaupteter Reinstallationsautorität sauber oder Recovery benutzt wirksame unabhängige Evidenz,"Signatur prüft Herkunft, nicht Verhalten. Schon offengelegte Daten nicht als durch nachträgliche Isolation erhalten verkaufen, Wiederinfektion braucht konkrete reproduzierende Rechte."
S267.B03,S267,observability,none,observability,OB21 OB22 OB25,Signierter Code erreicht geschützten Bereich nicht,abschluss,"Gegenbedingung zum tatsächlichen Exfiltrationserfolg: durchgesetzte OS-/Egressgrenze sperrt geschützte Daten und fremde Ausgänge, gültige eigene Funktion bleibt möglich",Unerlaubter Zugriff scheitert vor Offenlegung solange Isolation außerhalb Pluginmacht liegt,OBR039,bedingt,"Berechtigte Prozesse können geschützten nicht offengelegten Bereich weiter nutzen, Signatur allein leistet das nicht",Signed Payload umgeht Grenze über gleiche UID privilegierte Rechte oder erlaubten Klartextkanal,"Signatur prüft Herkunft, nicht Verhalten. Schon offengelegte Daten nicht als durch nachträgliche Isolation erhalten verkaufen, Wiederinfektion braucht konkrete reproduzierende Rechte."
S268.B01,S268,observability,none,observability,OB21 OB22 OB25 OB23,Übernommener Paketname startet fremden Code,verlust,"Restore vertraut nur wiederverwendetem Namen beziehungsweise aktueller Signatur, neuer Code liest und exfiltriert tatsächlich Daten","Historische Offenlegung bleibt, Namensübernahme allein ohne Ausführung und Zugriff wäre nur Exposition",none,keines,"Geheimhaltung dieser gelesenen Daten ist verloren, eine alte unverfügbare Kopie wird nicht als Rettung erfunden",Restore lehnt fremde Bytes vor Ausführung ab oder Code erhält keinen geschützten Klartext,Archivierte Inhalte Prüfanker und ausführungstaugliche Laufzeit getrennt sichern. Digestablehnung kann korrekt sein während vollständiger Restore mangels Bytes unmöglich bleibt.
S268.B02,S268,observability,none,observability,OB21 OB22 OB25 OB23,Erhaltene Inhaltsbytes lassen kontrollierten Restore zu,abschluss,"Verifizierbare alte ausführbare Bytes Prüfanker und kompatible Runtime wurden vorab unabhängig erhalten, bekannte Bytes sind für diesen Zweck vertrauenswürdig geprüft","Restore benutzt festen Inhalt statt neu besetztem Namen, Abschluss gilt nur bei bestandener Laufzeitprüfung",OBR037,bedingt,"Recovery kann konkret vorhandene Abhängigkeit wieder benutzen, Inhaltsgleichheit allein beweist keine Benignität",Digest stimmt nicht Laufzeit fehlt oder ursprünglicher Inhalt war selbst bösartig,Archivierte Inhalte Prüfanker und ausführungstaugliche Laufzeit getrennt sichern. Digestablehnung kann korrekt sein während vollständiger Restore mangels Bytes unmöglich bleibt.
S268.B03,S268,observability,none,observability,OB21 OB22 OB25 OB23,"Prüfanker erhalten, benötigte alte Bytes fehlen",halt,"Nur vertrauenswürdiger Digest ist erhalten, keine bekannte zugängliche Kopie ausführbarer alter Bytes, neuer Name liefert andere Bytes","Korrekte Ablehnung hält Restore bis tatsächliche passende Bytes gefunden werden, Gegenwartsmangel beweist noch kein ewiges Allweltverschwinden",none,keines,"Für Ausführung der benötigten alten Abhängigkeit fehlt der nutzbare Gegenstand, bloßer Hash ist kein ausführbares Residue",Eine tatsächlich vorhandene verifizierbare und kompatibel ausführbare Kopie wird gefunden,Archivierte Inhalte Prüfanker und ausführungstaugliche Laufzeit getrennt sichern. Digestablehnung kann korrekt sein während vollständiger Restore mangels Bytes unmöglich bleibt.
S269.B01,S269,observability,none,observability,OB03 OB22 OB21,Gemeinsames Update korrumpiert beide Befunde,ungewissheit,"Schädlicher Updater hat Factory und Monitor erreicht, Monitor kann falsches Grün erzeugen, weitere Reinstallation nicht belegt","Aktuelles In-Domain-Grün ist unzuverlässig bis andere glaubwürdige Evidenz oder saubere Basis entsteht, Einmalinstallation ist noch keine Schleife",none,keines,"Für unabhängige Gesundheitsbeurteilung durch genau diesen Monitor bleibt keine glaubwürdige Struktur, Ausführung und totale Datenzerstörung folgen daraus nicht",Monitoradministration war tatsächlich außerhalb kompromittierter Updaterrechte und kann relevante Abweichung unabhängig belegen,"Monitoring braucht getrennte administrative Vertrauensdomäne, nicht nur Strom/Netz. Unabhängige Evidenz muss eine konkrete Abweichung unterscheiden können, kein perfektes Orakel annehmen."
S269.B02,S269,observability,none,observability,OB03 OB22 OB21,Reinstallation bestätigt sich selbst,attraktorhypothese,Updater behält Persistenzrechte über beide Systeme und Operator-Recoveryentscheidungen verlassen sich wiederholt auf deren manipulierte Befunde,"Schädliches Update erzeugt falsches Gesundsignal, dieses erlaubt in derselben Domäne Recovery, Update installiert erneut schädlichen Stand",none,keines,"Für unabhängige Vertrauensentscheidung aus dieser geschlossenen Domäne ist nichts belegt, keine automatische globale Informationsvernichtung",Bei fortbestehender behaupteter Macht bleibt unabhängig geprüfter Neustart sauber oder falsches Grün beeinflusst keine Recoveryentscheidung,"Monitoring braucht getrennte administrative Vertrauensdomäne, nicht nur Strom/Netz. Unabhängige Evidenz muss eine konkrete Abweichung unterscheiden können, kein perfektes Orakel annehmen."
S269.B03,S269,observability,none,observability,OB03 OB22 OB21,Zusätzlicher anders verwalteter Zeuge erkennt definierte Abweichung,halt,Vorab vorhandene Prüfbasis samt Administration liegt außerhalb gemeinsamen Updaters und konkrete schädliche Änderung ist durch ihre Beobachtungen unterscheidbar,"Zeuge bleibt glaubwürdig solange Angreifer weder Basis noch dessen Evidenzpfad ändern kann, Reparatur ist separater Schritt",OBR038,bedingt,"Berechtigter Operator kann beschränkten Gegenbefund nutzen trotz in-domain Grün, keine Erkennung beliebig unsichtbarer Exfiltration",Angreifer kontrolliert doch Zeugenupdate oder saubere und schädliche Ausführung liefern identische erlaubte Beobachtungen,"Monitoring braucht getrennte administrative Vertrauensdomäne, nicht nur Strom/Netz. Unabhängige Evidenz muss eine konkrete Abweichung unterscheiden können, kein perfektes Orakel annehmen."
S270.B01,S270,observability,none,observability,OB20 OB02 OB01 OB03,"Partition geheilt, Schlüsselzustände bleiben unvereinbar",halt,Beide Seiten akzeptieren ausschließlich ihren unterschiedlichen Key und keine gültige Überlappung oder separate Rekeyautorität ist vorhanden,"Netzrückkehr ändert akzeptierte Keys nicht, fail-closed hält bis echte autorisierte Synchronisierung",none,keines,"Für gegenseitig authentisierte aktuelle Heartbeats besteht kein nutzbarer Zugang, Hostausführung kann trotzdem laufen",Unveränderte akzeptierte Keymengen validieren nach Netzrückkehr legitime neue Heartbeats,"Rotation als expliziten bestätigten Epochzustand mit befristeter Überlappung und Frische führen. Authfehler bedeutet unbekannt, nie grün oder unbegrenzte Altkeyannahme."
S270.B02,S270,observability,none,observability,OB20 OB02 OB01 OB03,Vorab gültige Überlappung trägt kurze Partition,transient,"Beide Seiten besitzen vorab autorisierte überlappende Epochen, Partition endet innerhalb sicheren Zeitfensters und Frischeprüfung bleibt wirksam","Legitime neue Heartbeats werden bis Abschlussrotation akzeptiert, nach Ablauf ohne Sync wieder Halt",OBR040 OBR004,bedingt,Monitor kann begrenzt authentisierte frische Belege nutzen ohne alte Replays als Leben zu lesen,Partition über Fensterende wird trotzdem still mit altem Key akzeptiert oder frische legitime Pakete scheitern schon innerhalb gültiger Überlappung,"Rotation als expliziten bestätigten Epochzustand mit befristeter Überlappung und Frische führen. Authfehler bedeutet unbekannt, nie grün oder unbegrenzte Altkeyannahme."
S271.B01,S271,observability,none,observability,OB06 OB24,Entschlüsselungsweg heute unbekannt,ungewissheit,"Ciphertext lesbar, aber Inventar möglicher Schlüssel Escrows Hardware und Decoder ist nicht geschlossen","Suche nach tatsächlich vorhandenem erlaubtem Weg kann Wait beenden, weder Fund noch endgültiges Fehlen ist vorausgesetzt",none,ungeklaert,"Autorisierter Klartextzugriff ist derzeit nicht als nutzbare Struktur belegt, externe Schlüsselkopie wird nicht erfunden",Ein dokumentierter rechtmäßig erreichbarer Weg entschlüsselt einen repräsentativen Eintrag,Key Decoder Hardware und rechtmäßig zugängliche Rekonstruktionswege samt Zeithorizont inventarisieren. Lesbarer Vault allein ist keine Klartextfähigkeit und heutige Unkenntnis kein permanenter Totalverlust.
S271.B02,S271,observability,none,observability,OB06 OB24,Alle benötigten Entschlüsselungswege im Horizont verloren,verlust,"Inventar schließt alle rechtmäßig verfügbaren Schlüssel Decoder Hardware- und Rekonstruktionswege für benötigten Zeitraum aus, kein technisch machbarer alternativer Angriff im Horizont","Ohne benötigte Information kein Klartextwiederaufbau, späterer kryptografischer Durchbruch würde die Zeitprämisse ändern",none,keines,"Für autorisierte Wiederherstellung des geschützten Inhalts bleibt nichts, lesbare Ciphertextbytes sind nicht dieser Inhalt und restliches System ist nicht automatisch verloren",Vorhandener erlaubter Schlüssel oder machbare Rekonstruktion entschlüsselt trotz geschlossen behauptetem Inventar,Key Decoder Hardware und rechtmäßig zugängliche Rekonstruktionswege samt Zeithorizont inventarisieren. Lesbarer Vault allein ist keine Klartextfähigkeit und heutige Unkenntnis kein permanenter Totalverlust.
S272.B01,S272,observability,none,observability,OB21,Angreifer entschlüsselt alte Kopie,verlust,"Angreifer besitzt alte sensible Exporte, Durchbruch trifft deren tatsächliche Konstruktion und verwertbarer Klartext wird gelesen",Bereits offenbarte Fakten bleiben bekannt auch wenn heutige Keys und lokale Exporte gelöscht werden,none,keines,"Geheimhaltung dieser alten Fakten ist verloren, künftige Daten oder heutige Betriebsfähigkeit sind nicht dadurch vollständig verloren",Angreifer hatte keine Kopie oder tatsächliche Konstruktion ist unter genau dem Durchbruch weiterhin nicht entschlüsselbar,Vertraulichkeitshorizont externer Kopien getrennt vom operativen Restorehorizont festlegen. Gegenwärtige Rotation oder lokale Löschung schützt bereits kopiertes verwundbares Material nicht rückwirkend.
S272.B02,S272,observability,none,observability,OB21,Durchbruch reicht für konkrete Kopie nicht nachweislich aus,offen,Gegenbedingung: tatsächlicher Exportbesitz verwundbare Konstruktion oder nötiges unabhängiges Schlüsselmaterial ist nicht bekannt,"Ohne Bestands- und Angriffsmodell bleibt Offenlegung offen, kein wohltätiger zusätzlicher Schlüssel wird als gegeben eingeführt",none,ungeklaert,"Für belastbare langfristige Vertraulichkeitsgarantie ist kein konkreter überlebender Schutz belegt, aber bloßes Wort Durchbruch beweist auch keine tatsächliche Kenntnis",Konkrete gehaltene Kopie liefert unter benannten Fähigkeiten verifizierbaren Klartext oder nachweislich unbetroffene Konstruktion wird belegt,Vertraulichkeitshorizont externer Kopien getrennt vom operativen Restorehorizont festlegen. Gegenwärtige Rotation oder lokale Löschung schützt bereits kopiertes verwundbares Material nicht rückwirkend.
S273.B01,S273,observability,none,observability,OB21 OB25,Direkter OS-Lesezugriff legt fremde Daten offen,verlust,Feindlicher Agent besitzt OS-Rechte auf geschützte fremde Scopes und liest tatsächlich Klartext unter Umgehung der API,"Gelesene Fakten sind historisch offen, spätere API-Sperre nimmt Wissen nicht zurück",none,keines,"Vertraulichkeit der tatsächlich gelesenen fremden Daten ist verloren, APIdenial oder Workspacelease ist keine Reststruktur dafür",OS verhindert alle entsprechenden Datei- und Prozesslesezugriffe bevor Inhalt bekannt wird,Logische Scopeautorisierung von OS-Datei Prozess- und Mountrechten trennen. Historische Subprozesse unter gleichem User sind ausdrücklich kein vollständiger Sandboxnachweis.
S273.B02,S273,observability,none,observability,OB21 OB25,Effektive getrennte Principals verweigern Zugriff,abschluss,"Vorgeschlagene OS-Isolation sperrt direkte Dateien Prozessinspektion Mounts und entsprechende Ausgänge, berechtigte eigene Arbeit bleibt bedienbar","Unerlaubter direkter Zugriff endet vor Offenlegung, andere Kanäle insbesondere Timing sind gesondert zu prüfen",OBR039,bedingt,Berechtigte Nutzer können noch nicht offengelegten Datenbereich weiter verwenden während Angreifer ausgeschlossen bleibt,Geteilte UID offene Mounts oder Prozessrechte erlauben denselben Inhalt außerhalb Factory-API,Logische Scopeautorisierung von OS-Datei Prozess- und Mountrechten trennen. Historische Subprozesse unter gleichem User sind ausdrücklich kein vollständiger Sandboxnachweis.
S274.B01,S274,observability,none,observability,none,Aktivität aus Timing wirklich über Priorwissen erkannt,verlust,"Angreifer beobachtet benannte CPU-/Queuezeiten, kontrollierte Auswertung erkennt sensible Opferaktivität über vorab deklarierte Priorbaseline bei akzeptierter Fehlerrate","Gelernte vergangene Aktivität bleibt bekannt, fortlaufend gemeinsame Ressourcen können künftige Beobachtung ermöglichen ohne eigenen Attraktor",none,keines,"Für Geheimhaltung tatsächlich erschlossener Aktivitätsfakten bleibt keine Restfähigkeit, kein automatischer Beweis gelesener Nutzinhalte",Blindes synthetisches Testset zeigt keine belastbare Verbesserung gegenüber Priorbaseline oder unerlaubte Zusatzsensoren erklären Treffer,Timing als eigenen Beobachtungskanal mit Angreiferrechten Baseline und Fehlerkosten modellieren. OS-Leseverbot nicht als Nichtinterferenzbeweis wiederverwenden.
S274.B02,S274,observability,none,observability,none,Beobachtungsmodell und Signal noch unbekannt,offen,"Sichtbare Timer Angreiferkontrolle Opfergrundrate und tolerierte Fehler fehlen, gemeinsame Ressourcen allein sind gegeben",Weder nützliche Inferenz noch deren Unmöglichkeit folgt ohne messbare Hypothesen,none,ungeklaert,"Konkrete Timing-Vertraulichkeit ist nicht belegt, keine perfekte Abschirmung oder bereits erfolgte Offenlegung wird ergänzt",Vorregistriertes Angreifermodell und versteckte synthetische Aktivitätsfolge liefern unterscheidendes Ergebnis,Timing als eigenen Beobachtungskanal mit Angreiferrechten Baseline und Fehlerkosten modellieren. OS-Leseverbot nicht als Nichtinterferenzbeweis wiederverwenden.
S274.B03,S274,observability,none,observability,none,Abfluss am definierten Timingkanal unterbunden,halt,"Entwurfsalternative trennt Ressourcenzeiten oder paddet Antworten für genau deklarierte Sensoren, Kostenbudget passt und wirksame Abschirmung dieses Signals wird bedingt vorausgesetzt, der unterscheidende Nachweis steht aus","Autorisierte Arbeit kann weiterlaufen während dieses Aktivitätssignal unter definierter Unterscheidungsschwelle bleibt, neue Sensoren brechen Grenze",OBR041,bedingt,"Berechtigte Nutzer behalten Arbeit ohne das geprüfte Aktivitätssignal an diesen Beobachter preiszugeben, kein universeller Noninterferenz- oder empirischer Nachweis behauptet",Angreifer erreicht im blinden Test unter denselben erlaubten Sensoren bessere als zugesagte Unterscheidbarkeit,Timing als eigenen Beobachtungskanal mit Angreiferrechten Baseline und Fehlerkosten modellieren. OS-Leseverbot nicht als Nichtinterferenzbeweis wiederverwenden.
S275.B01,S275,observability,none,observability,OB21 OB22 OB03 OB25,"Shellrecht vorhanden, Missbrauch nicht belegt",offen,"Monitor erhielt Shellrecht, ist aber nicht nachweislich kompromittiert und Umfang der Rechte ungeprüft","Erweiterte Exposition besteht solange Rechte gelten, ohne Angreifer und Wirkung keine eindeutige Kompromissdynamik",none,ungeklaert,"Unabhängige Beobachterrolle ist nicht als durchgesetzte Vertragsgrenze belegt, dennoch ist keine konkrete Datenoffenlegung behauptet",Inspektion belegt entweder missbrauchten wirksamen Zugriff oder tatsächlich eng begrenzte unveränderbare Nur-Lese-Autorität,"Monitorcredential nicht still zum Aktuator machen. Nur-Lese-Zeuge Datenkompartiment und tatsächliche Shellmacht getrennt prüfen, bloße Rechtevergabe ist noch kein Vorfall."
S275.B02,S275,observability,none,observability,OB21 OB22 OB03 OB25,Kompromittierte Shell legt Daten offen,verlust,"Monitor oder Shellcredential kompromittiert, Shell kann geschützte Daten lesen und Angreifer erhält sie","Vergangene Offenlegung bleibt trotz spätem Widerruf, weitere Persistenz braucht zusätzliche Rechte",none,keines,"Vertraulichkeit der so gelesenen Daten ist verloren, Diagnose durch denselben kompromittierten Monitor ist keine unabhängige Rettung",Tatsächliche Shellrechte verhindern geschützte Reads und kein unberechtigter Leser erhält Inhalt,"Monitorcredential nicht still zum Aktuator machen. Nur-Lese-Zeuge Datenkompartiment und tatsächliche Shellmacht getrennt prüfen, bloße Rechtevergabe ist noch kein Vorfall."
S275.B03,S275,observability,none,observability,OB21 OB22 OB03 OB25,Shell installiert erneut sich selbst bestätigenden Kompromiss,attraktorhypothese,"Shell kann Factorypersistenz und vom Operator genutzte Monitorbelege ändern, wiederkehrende Recovery folgt diesen falschen Belegen","Shell richtet Persistenz ein, manipulierte Befunde erklären Zustand gesund, gleichartige Recovery aktiviert erneut die Persistenz",none,keines,"Für unabhängig glaubwürdige Entscheidung innerhalb dieser kontrollierten Domäne ist kein Residue belegt, nicht jeder sonstige Byte ist verloren",Saubere unabhängige Recovery bleibt trotz behaupteter Rechte sauber oder manipulierte Befunde sind entscheidungsunwirksam,"Monitorcredential nicht still zum Aktuator machen. Nur-Lese-Zeuge Datenkompartiment und tatsächliche Shellmacht getrennt prüfen, bloße Rechtevergabe ist noch kein Vorfall."
S275.B04,S275,observability,none,observability,OB21 OB22 OB03 OB25,Zeugencredential bleibt technisch ohne Shellwirkung,abschluss,"Gegenentwurf ersetzt freie Shell durch vorab begrenzte Nur-Lese-Prüfung außerhalb gemeinsamer Administration, geschützte OS-Daten bleiben unerreichbar",Kompromittierter Zeugenaufruf kann definierte Beobachtung anfragen aber nicht Factory mutieren oder Secrets lesen,OBR038 OBR039,bedingt,"Operator kann begrenzte unabhängige Prüfevidenz und berechtigte Prozesse nicht offengelegte Daten nutzen, das ist andere Autorität als freie Shell",Zeugencredential kann doch Befehle injizieren Updater ändern oder geschützte Dateien beziehungsweise Prozesse lesen,"Monitorcredential nicht still zum Aktuator machen. Nur-Lese-Zeuge Datenkompartiment und tatsächliche Shellmacht getrennt prüfen, bloße Rechtevergabe ist noch kein Vorfall."
S276.B01,S276,boundaries,none,boundaries,BD06,Kundenwissen bereits offengelegt,verlust,Unbefugter hat Namen oder vertrauliche Zeiten tatsächlich gelernt. Eine rechtmäßig zugängliche lokale Belegkopie bleibt erhalten.,Vergangenes Lernen lässt sich nicht rückgängig machen. Weitere Verteilung kann enden.,BDR003,teilweise,Prüfer können Umfang der belegten Offenlegung untersuchen. Exklusivität des bereits Gelernten bleibt verloren.,Nachweis dass kein unbefugter Leser die Zuordnung herstellen konnte widerlegt den behaupteten Vertraulichkeitsverlust.,Heartbeatvertrag von Kundenidentität und Betriebszeit trennen. Erhaltene technische Erreichbarkeit darf nicht als wiederhergestellte Vertraulichkeit gelten.
S276.B02,S276,boundaries,none,boundaries,BD06,Begrenztes anonymes Lebenszeichen bleibt lesbar,transient,Vor Offenlegung wurde nur eine nicht rückverknüpfbare Hülle ausgegeben und Zuordnung sowie Timing sind ausreichend abgeschirmt.,Technische Beobachtung läuft weiter solange diese Trennung hält. Neue Korrelation kann sie brechen.,BDR001,bedingt,Berechtigter Beobachter erhält groben technischen Zustand ohne die behaupteten Kundeninformationen. Dies ist ein alternativer Entwurf nicht Rücknahme eines Lecks.,Synthetische Korrelation rekonstruiert Kunde oder Geschäftszeit aus Hüllen und widerlegt die Trennung.,Heartbeatvertrag von Kundenidentität und Betriebszeit trennen. Erhaltene technische Erreichbarkeit darf nicht als wiederhergestellte Vertraulichkeit gelten.
S277.B01,S277,boundaries,none,boundaries,BD06 BD02,Gespräch beim falschen Leserkreis,verlust,Vollgespräch enthält geschützte Inhalte und wurde von Unbefugten gelesen. Für Untersuchung bleibt ein erlaubter metadatenarmer Beleg.,Historische Offenlegung bleibt auch nach Löschung beim Exportdienst.,BDR003,teilweise,Der Vorfallsprüfer kann den dokumentierten Transfer abgrenzen. Der Beleg ist keine Rückgewinnung der Geheimhaltung und enthält keine zusätzliche Gesprächskopie.,Kein unbefugter Zugang oder kein geschützter Inhalt widerlegt diesen Verlustzweig.,Diagnoseauszug positiv spezifizieren und vor Export abnehmen. Bereits gelernte Konversation kann kein Löschknopf wieder geheim machen.
S277.B02,S277,boundaries,none,boundaries,BD06 BD02,Volltext zurückgehalten Diagnose nutzbar,halt,Unabhängige lokale Feldauswahl hält Volltext vor Grenzübertritt zurück und Support darf den reduzierten Auszug lesen.,Der Volltextexport bleibt gesperrt bis eine zulässige engere Auswahl feststeht.,BDR002,bedingt,Support kann erlaubte Fehlerparameter nutzen ohne die ganze AGENTS-Konversation. Die Sperre betrifft nur diesen Export.,Ein Geheimnismarker gelangt über Freitext in den Auszug oder Diagnose ist ohne Volltext unmöglich.,Diagnoseauszug positiv spezifizieren und vor Export abnehmen. Bereits gelernte Konversation kann kein Löschknopf wieder geheim machen.
S278.B01,S278,boundaries,none,boundaries,BD07 BD06 BD18,Fortgesetztes Ausforschen der Bereitschaft,extern-erzwungen,Angreifer kann wiederholt auslösen und Antworten korrelieren. Getrennt gespeicherte Beobachtungen bleiben rechtmäßig lesbar.,Probe führt zu Antwort und gezielterer Folgeprobe. Fortdauer benötigt den aktiven Angreifer.,BDR003,teilweise,Die Untersuchung kann beobachtete Probeantworten vergleichen. Sie verhindert weder weitere Inferenz noch macht sie gelerntes Wissen geheim.,Entfernen der unterscheidbaren Antworten beseitigt Korrelation obwohl Proberate gleich bleibt.,Proberückkanal und Alarmzustellung getrennt begrenzen. Weder Rate-Limit noch eine endliche Nachricht erhalten automatisch menschliche Aufmerksamkeit für alle Vorfälle.
S278.B02,S278,boundaries,none,boundaries,BD07 BD06 BD18,Probe verrät keinen Empfänger mehr,halt,Nicht identifizierende Hülle und vom realen Bereitschaftsmuster entkoppelte Antworten werden tatsächlich vor Ausgabe durchgesetzt.,Anfrage darf keine unterscheidbare Empfängerinformation ausgeben. Ende der Regel öffnet die Grenze erneut.,BDR001,bedingt,Der legitime Beobachter kann grobe Health weiter lesen während der externe Probeeffekt begrenzt ist. Andere Timingkanäle sind nicht mitbewiesen.,Angreifer lernt mit synthetischen Proben dennoch reale Empfänger oder Arbeitszeiten.,Proberückkanal und Alarmzustellung getrennt begrenzen. Weder Rate-Limit noch eine endliche Nachricht erhalten automatisch menschliche Aufmerksamkeit für alle Vorfälle.
S278.B03,S278,boundaries,none,boundaries,BD07 BD06 BD18,Aufmerksamkeit reproduziert ihren Rückstand,attraktorhypothese,Auch nach Ende der Proben erzeugen ungelöste Vorfälle Erinnerungen oberhalb der Bearbeitungsrate. Ein getrenntes Vorfallsregister bleibt erreichbar.,Rückstand bindet Reparaturzeit → mehr ungelöste Vorfälle → neue Erinnerungen → mehr Rückstand bei fester Grundlast.,BDR019,teilweise,Einsatzplanung kann einzelne offene Vorfälle weiterfinden. Das Register verspricht weder rechtzeitige Reparatur noch unendliche Speicherung.,Nach Ende des Angriffs bei unveränderter Grundlast und Personalstärke sinkt der Rückstand ohne neue innere Produktion bis null.,Proberückkanal und Alarmzustellung getrennt begrenzen. Weder Rate-Limit noch eine endliche Nachricht erhalten automatisch menschliche Aufmerksamkeit für alle Vorfälle.
S279.B01,S279,boundaries,none,boundaries,BD04 BD05 BD02,Ein falscher Export einmal übernommen,abschluss,Ein fehlerhafter Export wird einmal restauriert ohne folgende Vertrauensverstärkung. Ein separater autorisierter Mengenursprung existiert noch.,Der falsche Import endet als einzelnes falsches Ergebnis. Abgleich kann neue Korrekturarbeit auslösen.,BDR004,teilweise,Fachprüfer können betroffene Mengen gegen den nicht vom Exporter erzeugten Ursprung prüfen. Signaturen der Kopien leisten das nicht.,Auch der angeblich unabhängige Ursprung wurde vom selben Exporter abgeleitet oder stimmt nach unabhängigem Abgleich korrekt überein.,Exportprüfsumme von unabhängiger Fachwahrheit trennen. Ohne überlebenden Ursprung keine korrekte Rekonstruktion behaupten.
S279.B02,S279,boundaries,none,boundaries,BD04 BD05 BD02,Kopien bestätigen fortgesetzt dieselbe falsche Wahrheit,attraktorhypothese,Restaurierter Fehler wird wieder kanonischer Ursprung und alle tatsächlichen Vergleiche stammen davon. Kein unabhängiger Ursprung ist zugänglich.,Falsche Daten → passende Checks → mehr Vertrauen → Überschreiben von Alternativen → erneute falsche Daten.,none,keines,Für Wiedergewinnung der ursprünglichen Fachwahrheit gibt es in diesem geschlossenen Bestand keine nutzbare Struktur. Internes Rechnen bleibt möglich aber ist kein Wahrheitsresidue.,Eine rechtmäßig zugängliche unabhängige Ursprungsquelle oder ausbleibende Wiederverwendung widerlegt jeweils Informationsgrenze oder Schleife.,Exportprüfsumme von unabhängiger Fachwahrheit trennen. Ohne überlebenden Ursprung keine korrekte Rekonstruktion behaupten.
S279.B03,S279,boundaries,none,boundaries,BD04 BD05 BD02,Unabhängiger Ursprung stoppt Übernahme,halt,Vor Restaurierung vergleichen berechtigte Prüfer Daten gegen tatsächlich erhaltenen anderen Ursprung und verhindern Adoption bei Abweichung.,Import wartet auf Klärung oder wird aufgegeben. Kein autonomer Attraktor.,BDR004,bedingt,Der Ursprungsbetrag bleibt zur Ablehnung des konsistent falschen Imports nutzbar. Andere nicht unabhängig belegte Felder bleiben ungesichert.,Ein gültiger aber falscher Betrag passiert den Abgleich oder Prüfer kann Adoption nicht verhindern.,Exportprüfsumme von unabhängiger Fachwahrheit trennen. Ohne überlebenden Ursprung keine korrekte Rekonstruktion behaupten.
S280.B01,S280,boundaries,none,boundaries,BD04 BD10 BD02,Bitfehler vor Nutzung erkannt,halt,Anderer überlebender Mengenbeleg widerspricht dem gültigen geänderten Wert und Wirkung ist noch kontrollierbar.,Betroffene Zahlung wartet bis der Betrag kompetent geklärt wird.,BDR004,bedingt,Autorisierter Bearbeiter kann ursprüngliche Menge vergleichen und diesen neuen Fehler zurückhalten.,Ein einzelner gültiger Bitflip passiert den unabhängigen Mengenabgleich.,Betragsherkunft vor fachlicher Wirkung prüfen. Eine gültige Zahl und eine spätere finanzielle Korrektur beweisen weder Originalbetrag noch ungeschehenen Vorgang.
S280.B02,S280,boundaries,none,boundaries,BD04 BD10 BD02,Falscher Betrag bereits wirksam,abschluss,Geänderter Betrag wurde angenommen. Ein getrennt erhaltener ursprünglicher Mengenbeleg bleibt zugänglich.,Einmalige falsche Zahlung ist kein Regelkreis. Ausgleich ist neue Arbeit und kann den Saldo reparieren.,BDR004,teilweise,Prüfer kann den falschen Betrag quantifizieren und Ausgleich begründen. Bereits versandte Information oder andere irreversible Folge bleibt ggf. verloren.,Wirkungsbeleg zeigt den korrekten ursprünglichen Betrag oder angeblicher Mengenursprung ist mitverändert.,Betragsherkunft vor fachlicher Wirkung prüfen. Eine gültige Zahl und eine spätere finanzielle Korrektur beweisen weder Originalbetrag noch ungeschehenen Vorgang.
S280.B03,S280,boundaries,none,boundaries,BD04 BD10 BD02,Ursprungsbetrag nicht mehr bestimmbar,ungewissheit,Nur geänderter gültiger Wert blieb übrig und keine erforderliche ursprüngliche Zahl ist zugänglich.,Ohne neue unterscheidende Information bleibt der wahre Betrag offen. Kein Schluss auf Totalverlust.,none,keines,Für die genaue ursprüngliche Menge fehlt jeder tragfähige Vergleich. Schema und Prüfsumme liefern die verlorene Fachinformation nicht.,Ein unabhängiger rechtmäßig zugänglicher Mengenbeleg würde diese Informationsannahme widerlegen.,Betragsherkunft vor fachlicher Wirkung prüfen. Eine gültige Zahl und eine spätere finanzielle Korrektur beweisen weder Originalbetrag noch ungeschehenen Vorgang.
S281.B01,S281,boundaries,none,boundaries,BD27 BD08 BD01,Zwei authentische Geschichten bleiben unentschieden,ungewissheit,Beide Journale sind erhalten aber keine belastbare Autoritätsordnung oder Teilnehmergeschichte entscheidet den Streit.,Signaturen wiederholen Herkunft und lösen den Widerspruch nicht. Neue unabhängige Evidenz kann ihn klären.,BDR003,bedingt,Legitimer Prüfer kann beide Geschichten samt Lücken lesen ohne einen Sieger zu erfinden.,Eine durchgesetzte zeitliche Autoritätsordnung erklärt alle scheinbar widersprechenden Einträge.,Signierte Aussagen mit kausaler Autorität und Wirkungsbelegen verbinden. Konfliktaufbewahrung und Teilnehmerausschluss sind getrennte Verträge.
S281.B02,S281,boundaries,none,boundaries,BD27 BD08 BD01,Gegenseitige Reparaturen halten Split-Brain am Leben,attraktorhypothese,Beide Writer bleiben wirksam und reagieren auf Änderungen des anderen. Unabhängige Belegkopien bleiben lesbar.,A ändert → B repariert nach B → A repariert nach A. Die anfängliche Netzstörung muss nicht fortbestehen.,BDR003,teilweise,Prüfer können Konfliktverlauf rekonstruieren soweit ihre Kopien reichen. Belege selbst stellen keine Exklusivität her.,Einer wird am Teilnehmer tatsächlich abgewiesen oder beide hören ohne Fremdeingriff auf gegeneinander zu reparieren.,Signierte Aussagen mit kausaler Autorität und Wirkungsbelegen verbinden. Konfliktaufbewahrung und Teilnehmerausschluss sind getrennte Verträge.
S281.B03,S281,boundaries,none,boundaries,BD27 BD08 BD01,Ein Writer ausgeschlossen frühere Effekte geklärt,abschluss,Jeder relevante Teilnehmer erzwingt neue Autorität und vollständige unabhängige Wirkungsbelege klären den benannten Konflikt.,Die einzelne Übergabe und ihr Abgleich sind abgeschlossen. Neue Arbeit braucht neue Prüfung.,BDR008 BDR003,bedingt,Neuer Berechtigter kann exklusiv schreiben und Prüfer den begrenzten Abgleich nachvollziehen. Frühere reale Doppelwirkung wird nicht ungeschehen.,Ein gepufferter Altauftrag wird angenommen oder ein beteiligter Effekt fehlt im behaupteten Abgleich.,Signierte Aussagen mit kausaler Autorität und Wirkungsbelegen verbinden. Konfliktaufbewahrung und Teilnehmerausschluss sind getrennte Verträge.
S282.B01,S282,boundaries,none,boundaries,BD03 BD09 BD10 BD01,Erhaltene Versuche bleiben offen gesperrt,ungewissheit,Snapshot enthält bekannte Versuche und lokale Wiederholkontrolle bleibt wirksam. Ausgang lässt sich noch nicht feststellen.,Keine Antwort ist kein Fehlschlag. Wiederholsperre dauert bis Abgleich oder gesonderter Risikoentscheidung.,BDR009,bedingt,Operator kann nur die erhaltenen Versuche untersuchen ohne automatische Wiederholung. Gestern fehlende Rechnungen sind ausdrücklich nicht mit erfasst.,Ein im Snapshot enthaltener unklarer Versuch wird automatisch wieder gesendet oder fehlender Nachlauf als vollständig ausgegeben.,Snapshotalter und fehlenden Nachlauf sichtbar halten. Restore-Sperre nur auf tatsächlich enthaltene Versuche beziehen und aktuelle Teilnehmerrechte gesondert prüfen.
S282.B02,S282,boundaries,none,boundaries,BD03 BD09 BD10 BD01,Widerruf erreicht letzte Annahmegrenze,halt,Aktuelle Widerrufsquelle und Teilnehmerprüfung überleben unabhängig vom alten Backup und sehen alle betroffenen Annahmen.,Teilnehmer verweigert alte Rechte bis eine neue legitime Freigabe gilt.,BDR010,bedingt,Der Teilnehmer kann heutige Widerrufe trotz altem lokalen Stand anwenden. Dies beantwortet nicht ob gestern schon Rechnungen versandt wurden.,Gepufferter Auftrag wird unter einem heute wirksamen Widerruf dennoch angenommen.,Snapshotalter und fehlenden Nachlauf sichtbar halten. Restore-Sperre nur auf tatsächlich enthaltene Versuche beziehen und aktuelle Teilnehmerrechte gesondert prüfen.
S282.B03,S282,boundaries,none,boundaries,BD03 BD09 BD10 BD01,Fehlender Rechnungslauf bleibt nicht rekonstruierbar,ungewissheit,Snapshot enthält den gestrigen Lauf nicht und kein rechtmäßig zugänglicher Teilnehmer- oder Empfängerbeleg existiert.,Outcome bleibt offen solange erforderliche Nachlaufdaten fehlen. Neue Freigabe schließt diese Lücke nicht.,none,keines,Für den tatsächlichen gestrigen Versand fehlt ein nutzbarer Nachweis. Unbetroffene lokale Daten können weiterhin bestehen.,Ein korrelierter unabhängiger Versandbeleg widerlegt die angenommene Nachweislücke.,Snapshotalter und fehlenden Nachlauf sichtbar halten. Restore-Sperre nur auf tatsächlich enthaltene Versuche beziehen und aktuelle Teilnehmerrechte gesondert prüfen.
S283.B01,S283,boundaries,none,boundaries,BD27 BD08 BD01,Zwei plausible Lebenszeichen ohne eindeutigen Eigentümer,ungewissheit,Original und Klon leben und ihre getrennten Beobachtungen werden erhalten. Keine Annahmeordnung ist belegt.,Beobachtung kann fortdauern ohne zu entscheiden wer schreiben darf.,BDR003,bedingt,Prüfer können zwei Identitätsbehauptungen nebeneinander halten. Health liefert keinen exklusiven Writerbeweis.,Durchgesetzte Teilnehmergeneration bestimmt eindeutig den aktiven Writer.,Heartbeatidentität nicht mit exklusiver Wirkmacht gleichsetzen. Generation muss bei allen Effektteilnehmern greifen einschließlich alter Puffer.
S283.B02,S283,boundaries,none,boundaries,BD27 BD08 BD01,Zwei Reparaturschleifen konkurrieren,attraktorhypothese,Beide besitzen Außenrechte und jeder gleicht Drift zur eigenen Sicht aus. Getrennte Belegkopien bleiben lesbar.,Klonänderung → Originalkorrektur → Klonkorrektur reproduziert Konflikt nach Ende des Restoreereignisses.,BDR003,teilweise,Unabhängiger Prüfer behält die dokumentierte Konfliktspur aber keine Exklusivität und keine Garantie vollständiger Wirkungsgeschichte.,Nur ein Writer ist effektiv oder keine gegenseitige Reaktion folgt bei unveränderter Grundlast.,Heartbeatidentität nicht mit exklusiver Wirkmacht gleichsetzen. Generation muss bei allen Effektteilnehmern greifen einschließlich alter Puffer.
S283.B03,S283,boundaries,none,boundaries,BD27 BD08 BD01,Klonfortsetzung mit wirksam ausgeschlossenem Original,transient,Dauerhafte legitime Generation ist am letzten Teilnehmer wirksam. Alte Wirkungen werden separat und noch nicht vollständig abgeglichen.,Neue Schreibkonkurrenz endet mit Ablehnung des Originals. Alter Outcome kann weiter offen bleiben.,BDR008,bedingt,Neuer Writer kann begrenzt exklusiv fortfahren. Diese Fähigkeit ist nicht gleich Abschluss aller vorigen Aktionen.,Originalauftrag einschließlich früher gepufferter Kopie bewirkt nach Generationstransfer noch einen neuen Effekt.,Heartbeatidentität nicht mit exklusiver Wirkmacht gleichsetzen. Generation muss bei allen Effektteilnehmern greifen einschließlich alter Puffer.
S284.B01,S284,boundaries,none,boundaries,BD09 BD02 BD10,Recoveryfertig aber Auftrag abgelaufen,halt,Der Teilnehmer prüft aktuelle Rechte nach langem Restore und verweigert abgelaufene Mandate vor Wirkung.,Die konkrete Aktion bleibt bis frischer legitimer Autorität zurückgehalten.,BDR010,bedingt,Teilnehmer kann historische Rechte als nicht mehr ausreichend erkennen obwohl Recovery lokal erfolgreich ist.,Nach Ablauf nimmt Teilnehmer einen alten Recoveryauftrag an.,Recoveryfortschritt darf keine neue Autorität erzeugen. Gültigkeit beim letzten Effekt prüfen und fehlende Rückmeldung separat halten.
S284.B02,S284,boundaries,none,boundaries,BD09 BD02 BD10,Alte Rechte möglicherweise schon benutzt,ungewissheit,Nur Startprüfung existiert und Auftrag kann bereits angenommen sein. Erhaltener Versuchseintrag und lokale Wiederholsperre bestehen.,Mögliche späte Wirkung bleibt offen bis unabhängiger Annahmebeleg vorliegt.,BDR009,teilweise,Operator kann den bekannten Versuch ohne blindes Retry untersuchen. Die Sperre verhindert seine alte Außenannahme nicht.,Vollständiger Annahmebeleg zeigt Ablehnung oder der behauptete bekannte Versuch fehlt im erhaltenen Register.,Recoveryfortschritt darf keine neue Autorität erzeugen. Gültigkeit beim letzten Effekt prüfen und fehlende Rückmeldung separat halten.
S285.B01,S285,boundaries,none,boundaries,BD04 BD02 BD10,Inkompatible Einheit vor Wirkung verweigert,halt,Client und Plugin tauschen konkrete Dimensionsverträge aus und ein zuständiger Prüfer erkennt die Abweichung vor Mutation.,Zusammenarbeit wartet auf passenden Vertrag oder endet ohne Aktion.,BDR005,bedingt,Beide Seiten können die jeweils gemeinte Menge feststellen und diese inkompatible Verwendung verweigern.,Eine gültige Zahl wird ohne vereinbarte Einheit trotzdem zur Außenaktion.,Bedeutungsvertrag mit Einheit Skalierung und Version an die Wirkung binden statt nur JSON-Zahlen zu validieren.
S285.B02,S285,boundaries,none,boundaries,BD04 BD02 BD10,Gültige Zahl erzeugt falsche Menge,abschluss,Plugin interpretiert Zahl in falscher Einheit und der Effekt ist erfolgt. Originaler unabhängiger Mengenbeleg bleibt erhalten.,Einmalige Fehlinterpretation bleibt falscher Abschluss. Irreversibler Anteil wäre gesonderter Verlust.,BDR004,teilweise,Fachprüfer kann Abweichung quantifizieren. Die erhaltene Menge korrigiert den vergangenen Effekt nicht automatisch.,Unabhängiger Annahmebeleg weist die tatsächlich beabsichtigte Menge nach.,Bedeutungsvertrag mit Einheit Skalierung und Version an die Wirkung binden statt nur JSON-Zahlen zu validieren.
S286.B01,S286,boundaries,none,boundaries,BD02 BD15 BD12,Globale Forderung lokal abgewiesen,halt,Kern lässt optionale Pluginanforderung keine globale Migration erzwingen und andere Scopes brauchen dessen Code nicht.,Plugin bleibt deaktiviert bis kompatible Lösung vorliegt. Andere Scopes arbeiten im abgegrenzten lokalen Umfang.,BDR012,bedingt,Nicht aktivierende Scopenutzer behalten ihren lokalen Start und Datenzugriff. Kein Beweis gegen gemeinsame Hostausfälle.,Nicht aktivierender Scope wartet trotzdem auf Migration oder Cloud des Plugins.,Kernmigration vom optionalen Pluginvertrag trennen. Scopeisolation nur für unabhängig startbare Pfade behaupten und Notreader gesondert sichern.
S286.B02,S286,boundaries,none,boundaries,BD02 BD15 BD12,Alle Startpfade warten auf Kernmigration,extern-erzwungen,Globale Startabhängigkeit wurde tatsächlich eingebaut. Lokal lesbare Daten und Notreader liegen außerhalb dieser Abhängigkeit.,Solange Pflichtmigration fehlt bleibt regulärer Start blockiert. Abkopplung kann ihn wieder ermöglichen.,BDR011 BDR022,teilweise,Lokaler Betreiber kann vorhandenen Bestand und Konfiguration untersuchen ohne betroffenen Pluginstart. Produktbetrieb ist nicht erhalten.,Notreader ruft das Plugin auf oder Datenzugriff verlangt genau denselben Startpfad.,Kernmigration vom optionalen Pluginvertrag trennen. Scopeisolation nur für unabhängig startbare Pfade behaupten und Notreader gesondert sichern.
S286.B03,S286,boundaries,none,boundaries,BD02 BD15 BD12,Zirkulärer Migrationsnotstart ohne anderen Leser,halt,Reparatur braucht Pluginkonfiguration und nur das defekte Plugin kann sie lesen. Keine unabhängigen Schlüssel oder Reader sind verfügbar.,Readerreparatur wartet auf Konfiguration und Konfigurationszugriff auf Readerreparatur.,none,keines,Für in-band Reparatur fehlt ein nutzbarer Pfad. Rohe Bytes oder unbetroffene Funktionen begründen keinen lesbaren Notstart.,Ein unabhängiger kompatibler und berechtigter Reader liest die nötige Konfiguration.,Kernmigration vom optionalen Pluginvertrag trennen. Scopeisolation nur für unabhängig startbare Pfade behaupten und Notreader gesondert sichern.
S287.B01,S287,boundaries,none,boundaries,BD02 BD04 BD05,Altes Binary darf nur unverändert lesen oder ablehnen,halt,Versionsprüfung vor Mutation greift und der neue Bestand bleibt vollständig lesbar für passenden Nachfolger.,Alter Writer bleibt ausgeschlossen bis kompatibler Code verfügbar ist.,BDR013,bedingt,Späterer kompatibler Leser erhält originale unbekannte Felder. Das ist Byteerhalt nicht garantierte fachliche Richtigkeit.,Ein unbekanntes Feld verändert sich schon beim Öffnen mit altem Binary.,Vor erstem Schreibzugriff Writerkompatibilität prüfen. Unbekannte Felder dürfen nicht normalisiert werden und verlorene einzige Werte bleiben verloren.
S287.B02,S287,boundaries,none,boundaries,BD02 BD04 BD05,Unbekannte einzige Felder durch Defaults vernichtet,verlust,Altes Binary überschreibt einzigartige Werte und keine weitere Kopie oder Bedeutungsquelle enthält sie.,Exakte alte Werte bleiben aus Defaults nicht rekonstruierbar. Andere Felder können nutzbar bleiben.,none,keines,Für die überschriebenen Werte gibt es kein Residue. Schemavalidität enthält die entfernte Information nicht.,Unveränderte rechtmäßig lesbare Kopie oder eindeutige Ursprungsquelle erlaubt genaue Rekonstruktion.,Vor erstem Schreibzugriff Writerkompatibilität prüfen. Unbekannte Felder dürfen nicht normalisiert werden und verlorene einzige Werte bleiben verloren.
S287.B03,S287,boundaries,none,boundaries,BD02 BD04 BD05,Defaults werden zur selbstbestätigten Wahrheit,attraktorhypothese,Defaultbestand wird als Ursprung aller Checks und weiteren Backups wiederverwendet und Alternativen verdrängt.,Defaults → passende Prüfberichte → Vertrauen → weitere Defaultkopien → weniger Vergleichsmöglichkeiten.,none,keines,Für den ursprünglichen unbekannten Feldinhalt fehlt im geschlossenen Bestand jede belastbare Rekonstruktionsfähigkeit. Wiederholbare falsche Berechnung bleibt keine Wahrheit.,Unabhängige Ursprungswerte beeinflussen Entscheidungen oder kein wiederholtes Vertrauen reproduziert die Übernahme.,Vor erstem Schreibzugriff Writerkompatibilität prüfen. Unbekannte Felder dürfen nicht normalisiert werden und verlorene einzige Werte bleiben verloren.
S288.B01,S288,boundaries,none,boundaries,BD10 BD03,Irreversible Außenwirkung bleibt trotz Rollback,verlust,Die Wirkung fand statt und der benannte Anteil etwa gelernte Information ist irreversibel. Separater zulässiger Wirkungsbeleg überlebt den Coderollback.,Vergangene Wirkung bleibt historisch bestehen. Späterer Ausgleich kann nur spätere Lage ändern.,BDR003,teilweise,Prüfer kann belegten Vorgang nachvollziehen. Fähigkeit ihn ungeschehen zu machen besteht nicht.,Es gab keine Wirkung oder die behauptete verlorene Eigenschaft ist vollständig rückstellbar.,Rollback mit vorwärts erhaltenem Wirkungsregister verbinden. Lokal alter Code darf weder Außenwelt rückdatieren noch fehlende neue Effekte als ungesendet behandeln.
S288.B02,S288,boundaries,none,boundaries,BD10 BD03,Alter Code wartet auf Ausgangsabgleich,ungewissheit,Vorwärts kompatibel erhaltenes Versuchsregister enthält neuen Effektversuch und bindet auch den zurückgerollten Code an Wiederholsperre.,Unklarer Ausgang bleibt bis korreliertem Wirkungsbeleg offen.,BDR009,bedingt,Berechtigter Operator behält bekannte Operationsidentität und unterlässt blindes erneutes Senden. Weltrollback wird nicht versprochen.,Altes Binary ignoriert Register oder behandelt neuen unbekannten Status als nie versucht.,Rollback mit vorwärts erhaltenem Wirkungsregister verbinden. Lokal alter Code darf weder Außenwelt rückdatieren noch fehlende neue Effekte als ungesendet behandeln.
S289.B01,S289,boundaries,none,boundaries,BD11 BD08 BD01,Übergabestand unbekannt beide warten,ungewissheit,Es gibt zwei potenzielle Writer und verlorene Antwort. Beide verweigern neue Writes und erhalten Übergabefragmente.,Fehlende Eigentümerevidenz hält Schreibpause aufrecht bis legitime Autorität eindeutig wird.,BDR003,bedingt,Zuständiger Prüfer kann Fragmente vergleichen ohne Eigentümer zu raten. Lokale Transaktionsatomizität ersetzt diesen Beleg nicht.,Durabler Eigentümernachweis entscheidet den Übergang bereits oder einer schreibt trotz behaupteter Pause.,Verteilte Writerübergabe von lokaler SQL-Migration unterscheiden. Dauerhafte Übergabeevidenz und echte Teilnehmerexklusion vor Start des Nachfolgers benötigen getrennte Nachweise.
S289.B02,S289,boundaries,none,boundaries,BD11 BD08 BD01,Durabler Transfer erlaubt einen Nachfolger,abschluss,Alle betroffenen Teilnehmer erkennen dauerhaft die neue Generation an und vorherige Übergabeschritte sind vollständig geklärt.,Dieser Writerwechsel ist abgeschlossen auch wenn Antworttransport zeitweise ausfällt.,BDR008,bedingt,Legitimer Nachfolger kann exklusiv schreiben. Andere Businessoutcomes brauchen weiterhin eigene Belege.,Ein Crashpunkt erlaubt zwei effektive Writer oder alter gepufferter Write wird akzeptiert.,Verteilte Writerübergabe von lokaler SQL-Migration unterscheiden. Dauerhafte Übergabeevidenz und echte Teilnehmerexklusion vor Start des Nachfolgers benötigen getrennte Nachweise.
S289.B03,S289,boundaries,none,boundaries,BD11 BD08 BD01,Geratene Übergabe erzeugt Reparaturkreislauf,attraktorhypothese,Beide starten mit wirksamen Rechten und korrigieren gegenseitig ihre Änderungen. Unabhängige begrenzte Belegkopie bleibt erhalten.,Unklare Übergabe → konkurrierende Writes → Gegenreparaturen → neue Gegenreparaturen nach wiederhergestellter Verbindung.,BDR003,teilweise,Prüfer kann Konfliktbeginn und erhaltene Wiederholungen sehen. Belegaufbewahrung stoppt keinen der Writer.,Ohne weitere Verbindungsstörung und bei gleicher Grundlast hört Konflikt auf weil einer effektiv ausgeschlossen ist.,Verteilte Writerübergabe von lokaler SQL-Migration unterscheiden. Dauerhafte Übergabeevidenz und echte Teilnehmerexklusion vor Start des Nachfolgers benötigen getrennte Nachweise.
S290.B01,S290,boundaries,none,boundaries,BD12 BD02,Reparatur im Kreis blockiert,halt,Die einzige Konfigurationsinterpretation läuft im defekten Plugin und es gibt keinen nutzbaren unabhängigen Reader.,Reparatur wartet auf Konfiguration und Konfiguration auf reparierten Leser.,none,keines,In-band Konfigurationsreparatur hat keine nutzbare Struktur. Rohdatei ist ohne nötige Semantik und Schlüssel keine Reparaturfähigkeit.,Ein legal nutzbarer unabhängiger Reader interpretiert die benötigten Felder.,Notfallkonfiguration ohne Start des kaputten Plugins interpretierbar machen. Schlüsselabhängigkeit und Außenfreigabe bleiben eigenständige Grenzen.
S290.B02,S290,boundaries,none,boundaries,BD12 BD02,Lokaler Notreader erlaubt vorbereitete Korrektur,halt,Spezifikation Reader lokale Bytes und nötige Berechtigung liegen außerhalb des Plugins. Neue Mutation wartet auf Prüfung.,Leseblockade endet. Konfigurationsänderung bleibt bis kompetenter Freigabe gehalten.,BDR011,bedingt,Lokaler Betreiber kann Fehlerkonfiguration prüfen ohne den defekten Teil aufzurufen. Reader erteilt keine Wirkungsvollmacht.,Notreader muss zum Entschlüsseln oder Deuten das kaputte Plugin starten.,Notfallkonfiguration ohne Start des kaputten Plugins interpretierbar machen. Schlüsselabhängigkeit und Außenfreigabe bleiben eigenständige Grenzen.
S291.B01,S291,boundaries,none,boundaries,BD13 BD14,Nachfolger wartet gewöhnlich auf Betriebswissen,ungewissheit,Keine wiederholte Patch- oder Ausnahmeverstärkung ist belegt. Ein separat erhaltenes Belegpaket bisheriger Betriebsaussagen mit Herkunft und dokumentierten Lücken ist dem legitimierten Nachfolger zugänglich aber erforderliche Annahmen fehlen.,Wartezeit endet wenn fehlende Annahmen geklärt sind. Ohne Klärung bleibt Fähigkeit zur korrekten Reparatur offen.,BDR003,teilweise,Nachfolger kann dokumentierte Aussagen und Wissenslücken prüfen. Das Belegpaket enthält keine vollständige Bauumgebung und beweist keine kompetente Reparatur.,Nachfolger kann allein aus bestehender Dokumentation den konkreten Incident korrekt beheben.,Verdeckte Annahmen als begrenztes Übergabepaket explizit machen. Weggang allein begründet weder Wartungsattraktor noch erloschene Reparaturbefugnis.
S291.B02,S291,boundaries,none,boundaries,BD13 BD14,Incidents verhindern Lernen,attraktorhypothese,Incidentarbeit verbraucht Lernzeit und jeder schnelle Patch vermehrt verborgene Annahmen. Separat erhaltene Betriebsaussagen samt Herkunft und Lücken bleiben legitim zugänglich.,Wissensmangel → teure Reparatur → weniger Lernen und mehr verdeckte Patches → größerer Wissensmangel.,BDR003,teilweise,Nachfolger kann dokumentierte Behauptungen und Lücken prüfen aber daraus folgt keine reproduzierbare Wartung. Verstärkung ist eine soziale Hypothese.,Bei fester Incidentrate baut Nachfolger Wissen auf und reduziert Patchkosten ohne neue verdeckte Annahmen.,Verdeckte Annahmen als begrenztes Übergabepaket explizit machen. Weggang allein begründet weder Wartungsattraktor noch erloschene Reparaturbefugnis.
S291.B03,S291,boundaries,none,boundaries,BD13 BD14,Nachvollziehbare Übergabe ermöglicht begrenzte Wartung,transient,Erhaltenes getestetes Bau- und Betriebspaket sowie legitime Rechte decken die konkret benötigte Reparatur ab.,Übergabelücke endet mit demonstriertem unabhängigen Betrieb. Neue unbekannte Fälle bleiben außerhalb des Nachweises.,BDR014,bedingt,Nachfolger kann diese Reparatur ohne verschwundenen Maintainer erklären bauen und prüfen.,Ein benötigter Schritt verlangt verborgenes Wissen oder nicht erhältlichen Accountzugriff.,Verdeckte Annahmen als begrenztes Übergabepaket explizit machen. Weggang allein begründet weder Wartungsattraktor noch erloschene Reparaturbefugnis.
S292.B01,S292,boundaries,none,boundaries,BD37 BD13 BD22,Reparatur wartet auf verschwundene Voraussetzung,extern-erzwungen,Toolchain und Cloudkonto fehlen derzeit aber vorhandenes Binary und lokale interpretierbare Daten sind weiterhin zugänglich.,Fehlende Voraussetzung hält Reparatur auf. Ein legitimer kompatibler Ersatz kann den Zustand beenden ohne dass vorher ein Kreis bestand.,BDR022,teilweise,Berechtigter Betreiber kann erhaltene Geschäftsdaten prüfen. Weder vorhandene Quellen noch Daten ersetzen Konto und Compiler.,Reparatur gelingt mit ausschließlich aktuell vorhandenen unabhängigen Eingaben.,Lokale Baufähigkeit und Providerberechtigung getrennt inventarisieren. Laufendes Binary ist kein Beweis zukünftiger Reparierbarkeit.
S292.B02,S292,boundaries,none,boundaries,BD37 BD13 BD22,Lokaler Ersatzbau überlebt Kontoverlust,transient,Vollständiges verfügbares Baupaket enthält kompatible Werkzeuge und der konkrete Fix braucht den gelöschten Account nicht.,Die konkrete Reparatur kann nach unabhängigem Vergleich fertiggestellt werden. Fremde Providerfunktion bleibt getrennt.,BDR014,bedingt,Nachfolger kann den kleinen Fix reproduzieren und prüfen. Eine versteckte Cloudbauabhängigkeit würde diesen Kandidaten aufheben.,Offlinebau verlangt den gelöschten Account oder erzeugt semantisch inkompatibles Binary.,Lokale Baufähigkeit und Providerberechtigung getrennt inventarisieren. Laufendes Binary ist kein Beweis zukünftiger Reparierbarkeit.
S292.B03,S292,boundaries,none,boundaries,BD37 BD13 BD22,Providergebundene Fähigkeit endet ohne Ersatz,verlust,Die benötigte Konto- oder Providerfunktion ist endgültig entfallen und kein derzeit legitim nutzbarer Ersatz existiert.,Diese Funktion bleibt beendet bis eine neue tatsächlich brauchbare Alternative entsteht. Kein allweltlicher Dauerverlust ist behauptet.,BDR022,teilweise,Erhaltene lesbare lokale Akten dienen noch der Abwicklung. Die entfallene Außenfunktion ist nicht erhalten.,Ein legitim nutzbarer kompatibler Teilnehmer führt genau diese Funktion im benötigten Zeitraum aus.,Lokale Baufähigkeit und Providerberechtigung getrennt inventarisieren. Laufendes Binary ist kein Beweis zukünftiger Reparierbarkeit.
S293.B01,S293,boundaries,none,boundaries,BD14 BD02,Ausnahmen reproduzieren neue Ausnahmen,attraktorhypothese,Dringliche Entscheidungen werden durch Bypass gelöst und jeder Bypass wird neuer unklarer Präzedenzfall. Unabhängig erhaltene Entscheidungen sind noch lesbar.,Unklare Ausnahme → Bypass → zusätzlicher Präzedenzfall → mehr Unklarheit → nächster Bypass.,BDR003,teilweise,Berechtigter Prüfer kann dokumentierte Entscheidungsfragmente untersuchen aber keine einheitliche Legitimität daraus erfinden.,Gegenfälle werden dauerhaft nach gleicher verstandener Regel entschieden ohne neue Ausnahmen.,Wirksame Ausnahmeentscheidungen mit expliziter Vorrangregel dokumentieren. Regelzahl allein ist keine Dynamik und ein Entscheidungsregister ist keine universelle Außenaktionssperre.
S293.B02,S293,boundaries,none,boundaries,BD14 BD02,Unklare Autorität hält neue Aktion an,halt,Wirksame lokale Grenze verweigert unaufgelöste Ausnahme und zuständiger Entscheider kann widersprechende Weisungen prüfen.,Halt bleibt bis kompetente Vorrangentscheidung oder Abbruch. Gepufferte Teilnehmerarbeit ist gesondert offen.,BDR015,bedingt,Entscheider behält Konflikt und Begründungsbedarf als nutzbaren Gegenstand statt neuer stiller Ausnahme.,Neue Außenaktion passiert trotz offenem Konflikt oder Regel wird ohne zuständige Autorität geraten.,Wirksame Ausnahmeentscheidungen mit expliziter Vorrangregel dokumentieren. Regelzahl allein ist keine Dynamik und ein Entscheidungsregister ist keine universelle Außenaktionssperre.
S294.B01,S294,boundaries,none,boundaries,BD15 BD04 BD05 BD02,Gemeinsamer Parserausfall legt betroffene Pfade still,extern-erzwungen,Neue Bibliothek verwirft erforderliche Daten in Plugins Replay und Monitoring. Unabhängiger lokaler Reader des archivierten Formats bleibt erreichbar.,Pflichtabhängigkeit hält Pfade aus bis kompatibler Parser verfügbar wird. Kein autonomer Fehlerkreis.,BDR022,teilweise,Offlinebetreiber kann den erhaltenen älteren Bestand lesen sofern sein Reader nicht die neue Bibliothek braucht.,Auch der angeblich unabhängige Reader hängt von der kaputten Bibliothek ab.,Gemeinsame JSON-Abhängigkeit nicht als unabhängigen Prüfer behandeln. Semantischen Gegenvergleich und unveränderte Ursprungsbytes vor Upgrade sichern.
S294.B02,S294,boundaries,none,boundaries,BD15 BD04 BD05 BD02,Einmalige plausible gemeinsame Fehldeutung,abschluss,Alle aktualisierten Verbraucher lesen falsche Menge einmal. Unabhängiger Mengenursprung wurde nicht mit aktualisiert.,Der einzelne falsche Lauf endet als Fehlresultat. Wiederholte Vertrauensverstärkung ist noch nicht gegeben.,BDR004,teilweise,Fachprüfer kann die falsche Menge gegen den separaten Ursprung erkennen. Mehr gleiche JSON-Prüfer helfen nicht.,Unabhängiger Sollvergleich zeigt dieselbe richtige Menge oder Ursprung nutzt dieselbe fehlerhafte Interpretation.,Gemeinsame JSON-Abhängigkeit nicht als unabhängigen Prüfer behandeln. Semantischen Gegenvergleich und unveränderte Ursprungsbytes vor Upgrade sichern.
S294.B03,S294,boundaries,none,boundaries,BD15 BD04 BD05 BD02,Parserfehler wird kanonisch bestätigt,attraktorhypothese,Replay und Monitor akzeptieren dieselbe falsche Deutung und diese wird Ursprung weiterer Entscheidungen. Ein getrennter Mengenbezug bleibt für befugten Eingriff erreichbar aber wird bisher ignoriert.,Fehldeutung → zustimmende Checks → Vertrauen → Übernahme als Ursprung → wieder zustimmende Checks.,BDR004,teilweise,Unabhängiger Fachprüfer könnte mit dem noch erhaltenen Ursprung widersprechen. Erst wirksamer Eingriff bricht Vertrauen und wird nicht vorausgesetzt.,Gegenbezug beeinflusst tatsächlich die Adoption oder keine weitere Datenübernahme reproduziert den Fehler.,Gemeinsame JSON-Abhängigkeit nicht als unabhängigen Prüfer behandeln. Semantischen Gegenvergleich und unveränderte Ursprungsbytes vor Upgrade sichern.
S295.B01,S295,boundaries,none,boundaries,BD15 BD37,Pflichtcloud verhindert alle Kindstarts,extern-erzwungen,Monitoringauthentifizierung ist wirklich globaler Startprädikat und Konto fehlt. Lokale Akten und unabhängiger Notreader existieren weiterhin.,Starts warten auf Konto oder Entkopplung. Bestehende Daten werden nicht allein durch fehlenden Login gelöscht.,BDR011 BDR022,teilweise,Berechtigter lokaler Betreiber kann Konfiguration und erhaltenen Bestand lesen. Regulärer Kindbetrieb ist nicht erhalten.,Auch Notreader oder lokale Akten sind nur nach demselben Cloudlogin zugänglich.,Monitoringaktivierung scopeweise halten und lokalen Inspektionsstart ohne Cloudkonto ermöglichen. Cloudfreiheit dieses Pfads ist keine Dienstgarantie aller Plugins.
S295.B02,S295,boundaries,none,boundaries,BD15 BD37,Nicht aktivierender Kindscope bleibt lokal nutzbar,transient,Optionales Monitoring ist aus dem Startvertrag des Kindes entfernt und dessen benötigte Ressourcen sind unabhängig.,Der Cloudfehler betrifft nur aktivierende Pfade solange diese Isolationsannahme gilt.,BDR012,bedingt,Kindscopenutzer behalten lokale Abfragen und Start ohne das zusätzliche Konto. Das ist ein alternativer begrenzter Entwurf.,Ein anderer globaler Startschritt erzwingt weiterhin dasselbe Monitoringkonto.,Monitoringaktivierung scopeweise halten und lokalen Inspektionsstart ohne Cloudkonto ermöglichen. Cloudfreiheit dieses Pfads ist keine Dienstgarantie aller Plugins.
S296.B01,S296,boundaries,none,boundaries,BD08 BD04 BD27,Reparaturhelper schreibt nicht unabhängig,transient,Helper hat keine direkte Mutationserlaubnis und alle Änderungen passieren denselben durchgesetzten Writervertrag.,Ein Reparaturvorschlag wird serialisiert oder abgewiesen. Keine Gegenreparaturschleife aus zwei unabhängigen Autoritäten.,BDR008,bedingt,Der berechtigte Kernel behält exklusive Mutation an den erfassten Teilnehmern. Andere Schreibwege müssen ausdrücklich ausgeschlossen sein.,Helper verändert Store oder Außenwelt unter eigener unbegrenzter Writerautorität.,Reparaturhelper dürfen nur Kommandos an dieselbe Schreibautorität liefern. Schreibkonfliktbeleg allein verhindert keinen unabhängigen zweiten Kernel.
S296.B02,S296,boundaries,none,boundaries,BD08 BD04 BD27,Zwei Kernel korrigieren einander dauerhaft,attraktorhypothese,Helper und Kernel haben wirksame Schreibrechte und definieren Änderungen des jeweils anderen als zu reparierende Drift. Getrennte Belegkopie überlebt.,Kerneländerung → Helperkorrektur → Kernelkorrektur → neue Helperkorrektur nach Ende des ersten Incidents.,BDR003,teilweise,Berechtigter Prüfer behält erhaltene Konfliktspur und kann die doppelte Autorität untersuchen. Kein eigener Schreibstopp folgt aus dem Beleg.,Nach einmaliger Korrektur bleibt Zustand ohne weitere Gegenreaktion stabil oder ein Writer ist effektiv ausgeschlossen.,Reparaturhelper dürfen nur Kommandos an dieselbe Schreibautorität liefern. Schreibkonfliktbeleg allein verhindert keinen unabhängigen zweiten Kernel.
S296.B03,S296,boundaries,none,boundaries,BD08 BD04 BD27,Einmalige unerlaubte Korrektur,abschluss,Helper mutiert einmal falsch aber kein erneutes Reparieren folgt. Unabhängige Vorher-Nachher-Belege sind erhalten.,Ein falscher Abschluss ist keine Schleife. Prüfung und Korrektur sind weitere Arbeit.,BDR003,teilweise,Prüfer kann den belegten Eingriff abgrenzen. Die Spur belegt nicht automatisch alle externen Folgen.,Kein falscher Write trat auf oder wiederholte Gegenkorrekturen zeigen doch einen Rückkopplungszweig.,Reparaturhelper dürfen nur Kommandos an dieselbe Schreibautorität liefern. Schreibkonfliktbeleg allein verhindert keinen unabhängigen zweiten Kernel.
S297.B01,S297,boundaries,none,boundaries,BD16 BD03 BD10 BD24,Soforttests lassen Produktionsausgang offen,offen,Testbestand enthält ausschließlich sofortige Antworten. Keine unabhängige spätere Annahmespur ist bisher vorhanden.,Tests können beliebig oft bestehen ohne die ausgelassene Grenzfolge zu entscheiden.,none,ungeklaert,Für reale Sicherheit bei verspäteter Annahme fehlt erforderliche Evidenz. Soforttests bleiben nur für ihre tatsächlich abgebildeten Abläufe nutzbar.,Eine getrennt gesteuerte spät angenommene Operation unterscheidet sicheren und fehlerhaften Vertrag.,Testbeleg und reale Annahme separat führen. Versuchsregister schützt nur bekannte lokale Wiederholung und benötigt negative Spuren mit später Annahme.
S297.B02,S297,boundaries,none,boundaries,BD16 BD03 BD10 BD24,Bekannter Versuch wartet trotz Timeout,ungewissheit,Produktion oder isolierter Entwurf speichert Intent vor Versand und hält nach Timeout weitere lokale Versuche zurück.,Unbekannter Ausgang bleibt bis Teilnehmerabgleich offen. Alte Annahme kann dennoch eintreffen.,BDR009,bedingt,Operator kann die bekannte Operation wiederfinden ohne Antwortverlust als Ablehnung umzudeuten. Es ist keine Provider-Deduplikation.,Ein Timeout führt ohne Aufklärung automatisch zu neuem wirksamem Versuch.,Testbeleg und reale Annahme separat führen. Versuchsregister schützt nur bekannte lokale Wiederholung und benötigt negative Spuren mit später Annahme.
S297.B03,S297,boundaries,none,boundaries,BD16 BD03 BD10 BD24,Separater Verzögerungsprüflauf deckt Lücke auf,abschluss,Neu entworfener isolierter Prüflauf steuert Annahme nach Timeout unabhängig und dokumentiert Teilnehmerannahmen ausdrücklich.,Ein endlicher Nachweis über diese Spur ist abgeschlossen. Andere Produktionsverträge bleiben unbewiesen.,BDR016,bedingt,Testprüfer kann die ausgelassene Interleavingklasse beurteilen und Mockgrenzen sehen. Kein empirischer Providerbeweis wird behauptet.,Defekt bei später Annahme bleibt im getrennten Lauf genauso unsichtbar wie in Sofortfixtures.,Testbeleg und reale Annahme separat führen. Versuchsregister schützt nur bekannte lokale Wiederholung und benötigt negative Spuren mit später Annahme.
S298.B01,S298,boundaries,none,boundaries,BD16,Gemeinsam eingefrorener Test beweist keine Erkennung,offen,Timeout und Testmonitor teilen die eingefrorene virtuelle Uhr und keine unabhängig fortschreitende Beobachtung liegt vor.,Beide schweigen solange die gemeinsame Testzeit steht. Keine Aussage über reale Monitoruhr folgt.,none,ungeklaert,Für Erkennung einer Produktionszeitstörung fehlt unterscheidende Evidenz. Es wird weder reale Blindheit noch realer Notalarm behauptet.,Ein unabhängiger Prüfer läuft während eingefrorener Taskuhr weiter und zeigt die fehlende Fristreaktion.,Prüferuhr vom Tasktimer trennen und Testzeit nicht als Betriebsevidenz ausgeben. Ohne unabhängige Uhr bleiben reale Dauer und Erkennung offen.
S298.B02,S298,boundaries,none,boundaries,BD16,Getrennte Testuhr zeigt den fehlenden Timeout,abschluss,Ein tatsächlich unabhängig gesteuerter Prüfer registriert denselben eingefrorenen Taskablauf und hält seine Annahmen fest.,Der konkrete negative Test endet mit nachgewiesener Diskrepanz. Produktwirksamkeit benötigt einen anderen Nachweis.,BDR016,bedingt,Testverantwortlicher kann das gemeinsame Einfrieren widerlegen statt es mit einem zweiten gleich getakteten Mock zu bestätigen.,Auch der neue Prüfer friert implizit mit oder kann keine Abweichung erkennen.,Prüferuhr vom Tasktimer trennen und Testzeit nicht als Betriebsevidenz ausgeben. Ohne unabhängige Uhr bleiben reale Dauer und Erkennung offen.
S299.B01,S299,boundaries,none,boundaries,BD16 BD08 BD10,Mockbeleg hat keine Aussage über reale Exklusion,offen,Mock meldet Erfolg aber realer Provider nimmt alte Generationen an. Spuren dokumentieren nur Mockannahmen.,Bestandene Mocktests ändern die reale Annahmeregel nicht.,BDR016,teilweise,Testprüfer kann den begrenzten Fixturevertrag inspizieren und seine Widerlegung dokumentieren. Eine reale Sperrfähigkeit bleibt nicht erhalten.,Nachvollziehbare tatsächliche Teilnehmerannahmespur weist entgegen der Prämisse alle alten Generationen zurück.,Fencingrückmeldung an tatsächliche Annahme alter Generationen binden. Testspur und echter Ausschluss sind verschiedene Residues.
S299.B02,S299,boundaries,none,boundaries,BD16 BD08 BD10,Falsches Fencing erhält gegeneinander arbeitende Writer,attraktorhypothese,Beide Writer bleiben am Provider wirksam und reparieren wiederholt gegeneinander. Getrennte Konfliktevidenz ist zugänglich.,Alte Änderung → neue Reparatur → alte Reparatur → erneute Änderung trotz lokaler Fencingbestätigung.,BDR003,teilweise,Prüfer kann dokumentierte Doppelautorität nachweisen. Das lokale Erfolgssignal ist gerade kein Ausschlussresidue.,Keine Gegenreparatur folgt oder tatsächliche Annahmeprüfung schließt einen Writer aus.,Fencingrückmeldung an tatsächliche Annahme alter Generationen binden. Testspur und echter Ausschluss sind verschiedene Residues.
S299.B03,S299,boundaries,none,boundaries,BD16 BD08 BD10,Wirksamer Teilnehmervertrag ersetzt Mockannahme,halt,Alternativer Entwurf erzwingt alte Generationen einschließlich Puffer am realen letzten Effektschritt abzulehnen.,Altwriter bleibt ausgeschlossen solange die dauerhafte Teilnehmerregel gilt.,BDR008,bedingt,Neuer legitimer Writer behält exklusive Annahmefähigkeit. Das setzt einen gegenüber dem Szenario geänderten Vertrag voraus und ist kein heutiger Befund.,Ein vor Fencing gepufferter Altauftrag wird nach bestätigtem Ausschluss angenommen.,Fencingrückmeldung an tatsächliche Annahme alter Generationen binden. Testspur und echter Ausschluss sind verschiedene Residues.
S300.B01,S300,boundaries,none,boundaries,BD04 BD05 BD02,Bericht deutet Menge falsch Zahlung noch ungeklärt,ungewissheit,Bericht vertauscht Einheiten oder Locale. Ein getrennter autorisierter Ursprungsbetrag ist vorhanden aber tatsächlicher Zahlungsbeleg fehlt.,Anzeigefehler bleibt bis Korrektur. Wirkungsausgang bleibt separat offen.,BDR004,teilweise,Fachprüfer kann den Darstellungsfehler gegen Originalmenge erkennen ohne daraus eine falsche Außenwirkung zu erfinden.,Unabhängiger Normalvergleich zeigt korrekte Darstellung oder ein tatsächlicher Zahlungsbeleg klärt den Ausgang.,Berichtsformat und tatsächliche Menge gesondert abnehmen. Falsche Anzeige allein beweist keine falsche Zahlung und gleiche Formatter sind kein unabhängiger Check.
S300.B02,S300,boundaries,none,boundaries,BD04 BD05 BD02,Einheitvertrag hält falschen Bericht vor Nutzung zurück,halt,Wert Einheit Skalierung und Locale werden vor Abnahme unabhängig gegen vereinbarte Semantik geprüft.,Bericht wird bis korrigierter Darstellung nicht als Erfolgsevidenz genutzt.,BDR005,bedingt,Abnehmer kann die beabsichtigte Menge verständlich lesen oder diese Darstellung ablehnen. Gemeinsame falsche Sollquelle bleibt Grenze.,Euro und Cent werden in der synthetischen Kreuzversion dennoch gleich akzeptiert.,Berichtsformat und tatsächliche Menge gesondert abnehmen. Falsche Anzeige allein beweist keine falsche Zahlung und gleiche Formatter sind kein unabhängiger Check.
S300.B03,S300,boundaries,none,boundaries,BD04 BD05 BD02,Formatter bestätigt seine eigenen falschen Berichte,attraktorhypothese,Gleicher Formatter wird Prüfer und seine Zustimmung stärkt weitere ungeprüfte Berichtsnutzung. Ein separater Mengenursprung bleibt zugänglich aber ungenutzt.,Falscher Bericht → gleich falsch zustimmende Prüfung → mehr Vertrauen → weitere Wiederverwendung → falscher Bericht.,BDR004,teilweise,Ein befugter unabhängiger Abnehmer könnte mit dem erhaltenen Ursprung widersprechen. Sein Eingriff ist nicht automatisch gegeben.,Keine Vertrauensverstärkung oder ein wirklich unabhängiger Abgleich bestimmt fortan die Abnahme.,Berichtsformat und tatsächliche Menge gesondert abnehmen. Falsche Anzeige allein beweist keine falsche Zahlung und gleiche Formatter sind kein unabhängiger Check.
S301.B01,S301,boundaries,none,boundaries,BD04 BD01 BD02,Alter fixierter Preis ist für diese Bestellung richtig,abschluss,Ein erhaltenes gültiges Angebot bindet genau diese Bestellung legitim an den alten Preis und unabhängiger Abgleich bestätigt den richtigen Abschluss.,Der begrenzte Kauf kann korrekt abgeschlossen sein obwohl Cache alt ist.,BDR006,bedingt,Berechtigter Abnehmer kann die gültige Preisbindung prüfen und verwenden. Es folgt keine Zusage für andere heutige Bestellungen.,Zusage ist abgelaufen nicht bindend oder betrifft ein anderes Produkt beziehungsweise Bestellung.,Preisalter von rechtlicher Angebotsbindung trennen. Cachegültigkeit muss für diese Bestellung entschieden werden nicht über allgemeine Frischeetiketten.
S301.B02,S301,boundaries,none,boundaries,BD04 BD01 BD02,Abgelaufene erhaltene Preiszusage darf heutige Bestellung nicht binden,halt,Ein echter alter Preisbeleg mit eindeutiger Gültigkeitsgrenze ist erhalten. Heutige Bindung ist erforderlich und wirksame Annahmeprüfung erkennt dass diese Zusage abgelaufen ist.,Bestellung wartet auf aktuelle legitime Zusage statt Plausibilität als Frische zu deuten.,BDR006,bedingt,Der Preisvertragsprüfer kann den erhaltenen Beleg zur Feststellung der abgelaufenen Bindung nutzen und betroffene Annahme verweigern. Ohne jeden echten Preisbeleg wäre nur der Cachewert kein solcher Gegenstand.,Abgelaufener alter Preis wird trotz belegter Gültigkeitsgrenze ohne aktuelle Zusage angenommen.,Preisalter von rechtlicher Angebotsbindung trennen. Cachegültigkeit muss für diese Bestellung entschieden werden nicht über allgemeine Frischeetiketten.
S301.B03,S301,boundaries,none,boundaries,BD04 BD01 BD02,Veralteter Preis bereits verwendet,abschluss,Bestellung verwendete ungebundenen alten Preis entgegen tatsächlicher Preisregel. Alte und aktuelle unabhängig zugängliche Belege sind erhalten.,Falscher Abschluss bleibt bis möglicher neuer Korrekturarbeit. Kein Rückkopplungskreis ist gegeben.,BDR003,teilweise,Fachprüfer kann die belegte Regelabweichung untersuchen. Historische Preisbelege ersetzen keine neue gültige Bestellung.,Die maßgebliche Regel erlaubte genau den alten Preis oder tatsächliche Annahme nutzte aktuellen Preis.,Preisalter von rechtlicher Angebotsbindung trennen. Cachegültigkeit muss für diese Bestellung entschieden werden nicht über allgemeine Frischeetiketten.
S302.B01,S302,boundaries,none,boundaries,BD04 BD06 BD10 BD02,Namensgleiche Personen vor Wirkung getrennt,halt,Unabhängiger legitimer Realempfängerbezug widerspricht dem ausgewählten Ziel und kontrollierte Lieferung wartet.,Falsches Ziel bleibt gesperrt bis Identität und Zielkanal kompetent geklärt sind.,BDR007,bedingt,Bearbeiter kann den richtigen Menschen vom gleichnamigen anderen unterscheiden. Ein falsch formulierter Originalauftrag bleibt ungesichert.,Identifikationsprüfung akzeptiert vertauschte synthetische Personen oder falschen Zielkanal.,Realen Empfänger von internen IDs und Anzeigenamen trennen. Empfängerbeleg erhält Zuordnung nicht rückwirkend Geheimhaltung nach Fehllieferung.
S302.B02,S302,boundaries,none,boundaries,BD04 BD06 BD10 BD02,Arbeit vollständig für falsche Person erledigt,abschluss,Tatsächliche Lieferung betrifft andere Person. Beabsichtigter unabhängiger Realempfängerbeleg bleibt zugänglich.,Ein technischer Erfolg ist hier falscher Fachabschluss. Spätere Korrektur ist neue Arbeit.,BDR007,teilweise,Berechtigter Prüfer kann die Fehlzuordnung feststellen. Vergangene Zustellung wird dadurch nicht aufgehoben.,Unabhängiger Personen- und Wirkungsbeleg zeigt dass die beabsichtigte reale Person bedient wurde.,Realen Empfänger von internen IDs und Anzeigenamen trennen. Empfängerbeleg erhält Zuordnung nicht rückwirkend Geheimhaltung nach Fehllieferung.
S302.B03,S302,boundaries,none,boundaries,BD04 BD06 BD10 BD02,Falsche Person hat geschützte Inhalte gelernt,verlust,Fehllieferung enthielt vertrauliche Daten und unbefugte andere Person hat sie gelesen. Ein erlaubter Transferbeleg bleibt erhalten.,Historische Vertraulichkeit ist verloren auch nach Rückruf. Weiterer Zugriff ist gesondert begrenzbar.,BDR003,teilweise,Prüfer kann den belegten Offenlegungsumfang untersuchen ohne eine zusätzliche geheime Vollkopie zu benötigen. Vergessen ist nicht nachweisbar.,Inhalt war nicht geschützt oder anderer Empfänger konnte ihn nachweislich nicht lesen.,Realen Empfänger von internen IDs und Anzeigenamen trennen. Empfängerbeleg erhält Zuordnung nicht rückwirkend Geheimhaltung nach Fehllieferung.
S303.B01,S303,boundaries,none,boundaries,BD17 BD10,Warnung bleibt für diesen Operator unverständlich,ungewissheit,Rot ist einzige Bedeutungsträgerin und kein anderer effektiver Empfänger handelt. Technische Alarmbelege bleiben zugänglich.,Informationslücke dauert bis nutzbarer Darstellung oder anderem legitimen Eingriff. Kein autonomer Kreis.,BDR003,teilweise,Späterer Prüfer kann die vorhandene Warnung nachvollziehen. Rechtzeitiges Verstehen dieses Operators ist nicht erhalten.,Dieser Operator erkennt in der tatsächlichen Ansicht unabhängig von Farbe Zustand und Ziel rechtzeitig korrekt.,Alarme mehrkanalig in ihrer Bedeutung darstellen und operatorgerecht prüfen. Sichtbarer Alarm ist weder Verständnis noch rechtzeitige physische Intervention.
S303.B02,S303,boundaries,none,boundaries,BD17 BD10,Text und Symbol erhalten Bedeutung,transient,Geprüfter alternativer Alarmvertrag bietet diesem Operator verständlichen Text und redundante Markierung auf seinem Gerät.,Darstellungsstörung endet für diese Nachricht wenn Bedeutung erkannt wird. Reparatur bleibt eigene Handlung.,BDR017,bedingt,Erreichter berechtigter Operator kann Alarm und erlaubten nächsten Schritt korrekt unterscheiden. Kein Notfallstopp wird damit bewiesen.,Synthetischer Test zeigt trotz Text und Symbol weiterhin falsche Zustands- oder Zielzuordnung.,Alarme mehrkanalig in ihrer Bedeutung darstellen und operatorgerecht prüfen. Sichtbarer Alarm ist weder Verständnis noch rechtzeitige physische Intervention.
S304.B01,S304,boundaries,none,boundaries,BD04 BD17 BD10 BD02,Falsche Instanz gestoppt richtige bleibt gestört,abschluss,Gekürzte Pfade kollidieren und Operator stoppte tatsächlich das andere Ziel. Zeitlich und sachlich getrennte Belege bleiben vorhanden.,Falscher Eingriff ist abgeschlossen während ursprünglicher Incident weiterbestehen kann.,BDR003,teilweise,Prüfer kann belegte Zielverwechslung untersuchen. Weder richtige Instanzreparatur noch Unschädlichkeit des Stopps folgt daraus.,Stoppbeleg zeigt das tatsächlich beabsichtigte eindeutige Ziel oder keine Aktion wurde angenommen.,Vollständige stabile Zielidentität vor Stoppausführung anzeigen und bestätigen. Mobilkürzung darf nicht zum Eingriffsschlüssel werden.
S304.B02,S304,boundaries,none,boundaries,BD04 BD17 BD10 BD02,Vollidentitätsprüfung hält mehrdeutigen Stopp,halt,Eindeutige ungekürzte Identität ist unabhängig vom Anzeigenpfad verfügbar und muss vor Stopp bestätigt werden.,Stopp wartet auf gültige eindeutige Zuordnung. Lesbarkeit alleine schließt Irrtum nicht vollkommen aus.,BDR017,bedingt,Operator kann Ziel und konkrete Aktion auf kleinem Gerät prüfen. Die bestätigte Ansicht muss an denselben angenommenen Zielbezug gebunden sein.,Zwei kollidierende Kurzpfade führen trotz Bestätigung zum selben ununterscheidbaren Stopptarget.,Vollständige stabile Zielidentität vor Stoppausführung anzeigen und bestätigen. Mobilkürzung darf nicht zum Eingriffsschlüssel werden.
S305.B01,S305,boundaries,none,boundaries,BD04 BD10 BD03 BD02,Übersetzung erzeugt falschen Ausgangsglauben,ungewissheit,Anzeige sagt fehlgeschlagen obwohl Ausgang unklar ist. Originale unklare Versuchsevidenz ist separat erhalten und noch kein neuer Effekt belegt.,Falscher Glaube bleibt bis Klärung. Eine daraus folgende Doppelwirkung ist möglich aber nicht vorausgesetzt.,BDR003,teilweise,Berechtigter Prüfer kann die verfälschte Deutung gegen originale Aussage prüfen. Der falsche UI-Glaube beweist keine erfolgte Doppelzahlung.,Operator versteht trotz Übersetzung korrekt unklar oder tatsächliche Ablehnung ist unabhängig belegt.,Unklar und abgelehnt als unvertauschbare Zustände durch Übersetzung und Aktionsangebot führen. Falscher Glaube ist noch kein falsches Werkprodukt.
S305.B02,S305,boundaries,none,boundaries,BD04 BD10 BD03 BD02,Unklar bleibt sichtbar und Wiederholung gehalten,ungewissheit,Anzeige erhält Originalstatus und ein erhaltenes Versuchsregister bindet lokale Wiederholung tatsächlich an Klärung.,Outcome bleibt offen bis korreliertem Teilnehmerbeleg. Verständliche Anzeige allein löst ihn nicht.,BDR017 BDR009,bedingt,Operator kann Ungewissheit verstehen und bekannten Versuch ohne blindes Retry abgleichen. Empfang und Autorität sind separate Voraussetzungen.,Operator liest eindeutig fehlgeschlagen oder UI erlaubt automatische Wiederholung ohne offene Versuchsevidenz zu beachten.,Unklar und abgelehnt als unvertauschbare Zustände durch Übersetzung und Aktionsangebot führen. Falscher Glaube ist noch kein falsches Werkprodukt.
S306.B01,S306,boundaries,none,boundaries,BD17,Nachricht vorhanden aber kein Mensch erreicht,ungewissheit,Einzig vorgesehenes Telefon ist aus und im relevanten Zeitraum ist kein legitimer anderer Empfänger erreichbar. Ein lesbarer Sendebeleg überlebt.,Warten endet erst mit späterem Empfang oder Aufgabe. Mehrere Tage sind kein eigener Rückkopplungsmechanismus.,BDR003,teilweise,Späterer Prüfer kann den Sendeversuch nachvollziehen. Für rechtzeitige menschliche Reaktion gibt es in diesem Zweig keine Restfähigkeit.,Ein legitimer Mensch bestätigt tatsächlich rechtzeitiges Verständnis und Handeln über anderen Weg.,Menschlichen Empfang und Ende der Zustellpflicht separat vom Providerack führen. Keine Ausweichbereitschaft erfinden wo nachts niemand erreichbar ist.
S306.B02,S306,boundaries,none,boundaries,BD17,Endliche Nachricht findet unabhängigen Empfänger,transient,Alternativer Entwurf hat noch laufende Empfangsfrist und einen tatsächlich unabhängigen erreichbaren berechtigten Empfängerweg.,Ausbleibende Quittung löst gezielte Umleitung dieser Nachricht aus. Deren Empfang endet nicht den Incident.,BDR018,bedingt,Disponent kann fehlenden menschlichen Empfang erkennen und eine begrenzte Nachricht rechtzeitig weiterreichen. Kein unbegrenzter Bereitschaftsdienst folgt.,Ausweichweg hängt am selben ausgeschalteten Gerät oder nur Transportannahme wird als menschlicher Empfang gezählt.,Menschlichen Empfang und Ende der Zustellpflicht separat vom Providerack führen. Keine Ausweichbereitschaft erfinden wo nachts niemand erreichbar ist.
S307.B01,S307,boundaries,none,boundaries,BD17 BD18,Endlicher Meldungsberg wird abgearbeitet,transient,Flapping endet und Bearbeitung übersteigt neue Meldungen. Separates kapazitiv ausreichendes Vorfallsregister führt den echten Totalausfall unabhängig von Wiederholungen.,Rückstand sinkt bei unveränderter Grundlast bis abgearbeitet. Kein Attraktor aus der Zahl zehntausend allein.,BDR019,bedingt,Einsatzplanung kann den gesonderten echten Ausfall weiterfinden. Das beweist noch keine Behebung oder rechtzeitige menschliche Aufmerksamkeit.,Neuer Totalausfall verschwindet bei Zusammenfassung oder Rückstand wächst nach Ende der Flaps aus inneren Erinnerungen weiter.,Meldungsdeduplikation vom offenen Vorfallsregister trennen. Echten Totalausfall trotz endlichem Burst erhalten und Schleifen nur nach Ende der Flaps behaupten.
S307.B02,S307,boundaries,none,boundaries,BD17 BD18,Erinnerungen verdrängen Reparatur dauerhaft,attraktorhypothese,Ungelöste Fehler erzeugen nach Ende der Flaps mehr Aufmerksamkeitspflichten als abgearbeitet werden. Vorfallsregister selbst überlebt mit benannter Kapazität.,Mehr Rückstand → weniger Reparaturzeit → mehr ungelöste Vorfälle → mehr Erinnerungen → mehr Rückstand.,BDR019,teilweise,Berechtigte Einsatzplanung behält registrierte offene Vorfälle sichtbar. Erhaltene Liste ersetzt keine freie Bearbeitungskapazität.,Bei gleicher Grundlast und Personalstärke sinkt Rückstand nach Störungsende dauerhaft ohne zusätzliche innere Produktion.,Meldungsdeduplikation vom offenen Vorfallsregister trennen. Echten Totalausfall trotz endlichem Burst erhalten und Schleifen nur nach Ende der Flaps behaupten.
S308.B01,S308,boundaries,none,boundaries,BD19 BD18 BD01,Quittiert aber drei Monate zurückgestellt,halt,Planung erlaubt langen Aufschub und Alarmack wird nicht als Reparatur ausgegeben. Offenes Vorfallsregister bleibt erhalten.,Bewusste Queuepolitik hält Aufschub bis tatsächlicher Bearbeitung oder ausdrücklicher Aufgabe.,BDR019,bedingt,Berechtigte Planung kann Fristverletzung und offenen Reparaturbedarf sehen obwohl Pagerpflicht beendet ist.,Quittung löscht den Vorfall oder tatsächliche Reparatur ist bereits unabhängig verifiziert.,Quittung Zuständigkeit Aufschub und geprüfte Behebung als getrennte Vorfallszustände führen. Reparaturfrist nicht mit Alarmack erfüllen.
S308.B02,S308,boundaries,none,boundaries,BD19 BD18 BD01,Rückstand erzeugt neue Reparaturpflichten,attraktorhypothese,Aufschub lässt Fehler weiterleben und ihre Meldungen verbrauchen die verbleibende Reparaturzeit. Register bleibt lesbar.,Aufschub → ungelöste Fehler → Meldungsarbeit → weniger Reparatur → mehr Aufschub bei fester Grundlast.,BDR019,teilweise,Planer kann noch gespeicherte offene Vorfälle priorisieren. Bestehende Kapazitätskrise wird nicht vom Register gelöst.,Nach Anfangsrückstand werden Fehler ohne innere Neubelastung kontinuierlich behoben.,Quittung Zuständigkeit Aufschub und geprüfte Behebung als getrennte Vorfallszustände führen. Reparaturfrist nicht mit Alarmack erfüllen.
S308.B03,S308,boundaries,none,boundaries,BD19 BD18 BD01,Konkreter Vorfall fachlich behoben,abschluss,Reparatur wird tatsächlich durchgeführt und unabhängiger aufgabenspezifischer Check bestätigt Wirkung. Vorfalls- und Abnahmebeleg bleiben zugänglich.,Nur dieser Vorfall ist abgeschlossen. Andere quittierte Incidents bleiben offen.,BDR019 BDR032,bedingt,Planer und Abnehmer können echte Behebung vom alten Ack unterscheiden und den begrenzten Abschluss nachvollziehen.,Abschlussprüfung misst nur Ack oder betroffene Funktion ist weiterhin defekt.,Quittung Zuständigkeit Aufschub und geprüfte Behebung als getrennte Vorfallszustände führen. Reparaturfrist nicht mit Alarmack erfüllen.
S309.B01,S309,boundaries,none,boundaries,BD20 BD01 BD09 BD10,Gegensätzliche Freigaben halten Aktion an,halt,Beide Vertreter sind legitim aber keine kompetente Vorrangregel entscheidet. Lokale Grenze hält neue Aktion tatsächlich zurück.,Konflikt bleibt bis zuständiger Entscheidung oder Abbruch. Keine autonome Konvergenz.,BDR015,bedingt,Entscheider kann beide Weisungen mit Geltung prüfen ohne sie durch last-write-wins zu verfälschen. Alte Puffer bleiben separat zu prüfen.,Ein Effekt passiert trotz offenem Konflikt oder bindende vorhandene Regel hätte bereits eindeutig entschieden.,Legitime Vorrangentscheidung und aktuelle Annahmegrenze koppeln. Ankunftsreihenfolge darf fehlende rechtliche Rangordnung nicht erfinden.
S309.B02,S309,boundaries,none,boundaries,BD20 BD01 BD09 BD10,Kompetente Ordnung wird bei Annahme angewandt,transient,Vorhandene gültige Vorrangregel löst genau diesen Konflikt und jeder betreffende Teilnehmer prüft deren aktuelle Geltung.,Legitime Verweigerung oder neue zulässige Arbeit folgt. Richtige Freigabe ist noch kein nützlicher Abschluss.,BDR015 BDR010,bedingt,Zuständiger Teilnehmer kann die für diese Operation geltende Weisung anwenden. Der Vertrag entscheidet keine unbekannte Rechtsfrage von selbst.,Permutierte Zustellung derselben Entscheidungen ändert ohne sachliche Grundlage die geltende Autorität.,Legitime Vorrangentscheidung und aktuelle Annahmegrenze koppeln. Ankunftsreihenfolge darf fehlende rechtliche Rangordnung nicht erfinden.
S310.B01,S310,boundaries,none,boundaries,BD21,Ausgeschiedener kontrolliert einzige Aufsicht,extern-erzwungen,Nur ehemaliger Betreiber kann Konto sehen oder ändern und kein legitimer Recoverypfad existiert im relevanten Zeitraum. Lokale Geschäftsdaten bleiben separat lesbar.,Kontogovernance hält Ausschluss aufrecht bis rechtmäßiger Recovery oder Änderung. Dienste können weiterarbeiten.,BDR022,teilweise,Berechtigter lokaler Betreiber kann erhaltene Geschäftsdaten lesen. Unabhängiger Monitoringzugang ist in diesem Zweig nicht erhalten.,Legitimer Nachfolger kann Konto ohne Mitwirkung des ausgeschiedenen Betreibers tatsächlich übernehmen.,Monitoringkontohoheit und legitime Nachfolge unabhängig vom ausgeschiedenen Betreiber gestalten. Sichtverlust ist nicht automatisch Dienststillstand.
S310.B02,S310,boundaries,none,boundaries,BD21,Legitimer Nachfolger kann Konto zurückerhalten,transient,Vorher bestehender unabhängiger Kontorecovery und gültiger Vertreternachweis sind erreichbar und Provider erkennt sie an.,Zugriffslücke endet mit rechtmäßiger Wiederherstellung. Fehlende historische Beobachtungen bleiben fehlend.,BDR020,bedingt,Nachfolger kann bestimmte Aufsichtsrechte wieder nutzen ohne Geheimnisse des Vorgängers zu übernehmen. Kontozugang allein repariert keine Incidents.,Recovery verlangt ausschließlich das alte Konto oder Provider akzeptiert Zuständigkeitsnachweis nicht.,Monitoringkontohoheit und legitime Nachfolge unabhängig vom ausgeschiedenen Betreiber gestalten. Sichtverlust ist nicht automatisch Dienststillstand.
S311.B01,S311,boundaries,none,boundaries,BD21 BD28,Team hält eigene Aufsicht stumm,extern-erzwungen,Interessiertes Team kontrolliert Alarmweg aber getrennte berechtigte Aufsicht hat einen unveränderbaren Stummschaltungsbeleg.,Installierte Stummpolitik hält Signallücke. Kein Rewardkreis wird für diese Variante vorausgesetzt.,BDR021,teilweise,Unabhängiger Prüfer kann erkennen wann und durch wen Beobachtung unterdrückt wurde. Nicht erzeugte Detailalarme bleiben unbekannt.,Team kann auch den getrennten Beleg unsichtbar machen oder kein legitimer Leser ist erreichbar.,Stummschaltung außerhalb der alleinigen Kontrolle des bewerteten Teams sichtbar halten. Unabhängiger Regelbeleg und echtes Incidentwissen nicht verwechseln.
S311.B02,S311,boundaries,none,boundaries,BD21 BD28,Stummheit verdient mehr Kontrolle,attraktorhypothese,Fehlende Alarme verbessern bewertete Verfügbarkeit und die Belohnung vergrößert Stummschaltungsrechte. Getrennter Regelbeleg existiert aber beeinflusst Belohnung noch nicht.,Stummheit → bessere Kennzahl → mehr Vertrauen und Rechte → mehr Stummheit.,BDR021,teilweise,Berechtigter unabhängiger Prüfer behält Gegenbeleg zur Unterdrückung. Seine politische Durchsetzung wird nicht erfunden.,Sichtbare Stummintervalle verschlechtern Belohnung oder keine Rückgabe zusätzlicher Kontrolle folgt.,Stummschaltung außerhalb der alleinigen Kontrolle des bewerteten Teams sichtbar halten. Unabhängiger Regelbeleg und echtes Incidentwissen nicht verwechseln.
S312.B01,S312,boundaries,none,boundaries,BD15 BD24,Gemeinsamer Unterbau fällt aus,extern-erzwungen,Alle genannten Dienste brauchen gestörte Cloud. Lokale lesbare Daten und lokaler Zugang benötigen sie nicht.,Ausfall dauert solange gemeinsame Pflichtabhängigkeit fehlt. Vendorzahl ändert daran nichts.,BDR022,teilweise,Lokaler berechtigter Betreiber kann erhaltenen Geschäftsstand prüfen. Externe Modelle und erreichbarer Pager sind nicht erhalten.,Lokale Daten erfordern ebenfalls die ausgefallene Cloud oder ein angeblich betroffener Dienst arbeitet wirklich unabhängig.,Gemeinsame Cloudabhängigkeit einschließlich Pager und Funding inventarisieren. Offlineinspektion und kontrollierte Lastannahme sind kein Ersatz für externen Modellbetrieb.
S312.B02,S312,boundaries,none,boundaries,BD15 BD24,Retries halten Überlast nach Cloudrückkehr,attraktorhypothese,Ungebremste Fehlversuche erzeugen Rückstau der auch nach Rückkehr bei fester Grundlast Antworten verzögert. Lokale Bestandsakten bleiben lesbar.,Latenz → mehr Retrylast → Stau → noch mehr Latenz → neue Retries.,BDR022,teilweise,Offlineprüfer kann erhaltenen Zustand sehen aber daraus folgt weder Drainage noch externer Alarmweg.,Bei unveränderter Grundlast und Politik leert sich Rückstau nach Cloudrückkehr ohne selbst erzeugte Last.,Gemeinsame Cloudabhängigkeit einschließlich Pager und Funding inventarisieren. Offlineinspektion und kontrollierte Lastannahme sind kein Ersatz für externen Modellbetrieb.
S312.B03,S312,boundaries,none,boundaries,BD15 BD24,Eigene Versuche bleiben endlich begrenzt,halt,Alternativer Zulassungsvertrag kontrolliert alle eigenen Retryproduzenten und reserviert unabhängige lokale Kapazität.,Weitere eigene Versuche werden über Budget gehalten bis zugelassene Arbeit abnimmt. Provider kann dennoch ausfallen.,BDR025,bedingt,Disponent kann begrenzte eigene Arbeit priorisieren und Kopienobergrenze erhalten. Fremde Cloudlast bleibt außerhalb.,Eigene ungeregelte Producer umgehen Zähler oder schon angenommene Kopien werden fälschlich als beendet gezählt.,Gemeinsame Cloudabhängigkeit einschließlich Pager und Funding inventarisieren. Offlineinspektion und kontrollierte Lastannahme sind kein Ersatz für externen Modellbetrieb.
S313.B01,S313,boundaries,none,boundaries,BD15 BD22,Zahlungssperre stoppt gemeinsame Dienste,extern-erzwungen,Modelle Backupzugang und Alarmkonten hängen an gleicher gesperrter Zahlung. Ein lesbarer lokaler Bestand existiert unabhängig davon.,Dienste warten auf legitime Zahlungsfreigabe oder tatsächlich unabhängige Alternative.,BDR022,teilweise,Berechtigter Offlinebetreiber kann den gespeicherten Stand prüfen. Neue Backups Alarme und Modelle sind nicht dadurch verfügbar.,Kopie liegt nur beim gesperrten Provider oder lokaler Decoder braucht denselben Account.,Finanzielle und technische Abhängigkeiten getrennt abbilden. Abonnementverlust löscht nicht zwingend Offlinekopien aber bekannte Verfügbarkeit ist keine Datenretentionszusage.
S313.B02,S313,boundaries,none,boundaries,BD15 BD22,Providerzugang endgültig verloren,verlust,Sperre führt nach bekannten Bedingungen zum Ende dieser Providerfähigkeit und kein kompatibler legitim nutzbarer Ersatz ist vorhanden. Lokale Daten bleiben lesbar.,Betroffene Außenfunktion ist derzeit beendet. Künftige neue Ersatzmöglichkeit wird nicht ausgeschlossen.,BDR022,teilweise,Lokale Unterlagen dienen noch der begrenzten Abwicklung. Provider-only Daten und spätere Kosten brauchen gesonderte Evidenz.,Ein wirklich nutzbarer Ersatz oder wiederhergestellter legitimer Providerzugang führt die Funktion aus.,Finanzielle und technische Abhängigkeiten getrennt abbilden. Abonnementverlust löscht nicht zwingend Offlinekopien aber bekannte Verfügbarkeit ist keine Datenretentionszusage.
S314.B01,S314,boundaries,none,boundaries,BD01 BD22 BD32 BD23,Vor Frist geprüfte Ersatzfunktion läuft,transient,Ein legitimer kompatibler Ersatz mit ausreichender Kapazität ist vor 24-Stunden-Frist tatsächlich verfügbar und fachlich geprüft.,Diese Funktion kann nach Umstellung weiterlaufen. Alte offene Aufträge bleiben separat abzuklären.,BDR023,bedingt,Berechtigter Betreiber kann genau die geprüfte Operation fortsetzen. Gleiche API-Namen oder künftige Hoffnung genügen nicht.,Ersatz interpretiert Wirkung anders hat keine Rechte oder ist erst nach kritischer Frist nutzbar.,Austauschbarkeit vor Ablauf fachlich prüfen und alte Teilnehmerpflichten nicht mit Providerwechsel schließen. Lesbarer Export ist eine kleinere Restfähigkeit als fortgesetzter Dienst.
S314.B02,S314,boundaries,none,boundaries,BD01 BD22 BD32 BD23,Providerfunktion endet lokale Akten bleiben,verlust,Frist verstreicht ohne geeigneten Ersatz. Autorisierter vollständiger oder lückenmarkierter lokaler Export ist weiterhin interpretierbar.,Providerdienst ist beendet. Neue Ersatzmöglichkeit kann später neue Funktion schaffen.,BDR022,teilweise,Abwickler kann erhaltene lokale Geschäftsfakten lesen. Provider-only fehlende Daten werden nicht erfunden.,Export ist ohne Providerdecoder unlesbar oder geeigneter Ersatz arbeitet rechtzeitig.,Austauschbarkeit vor Ablauf fachlich prüfen und alte Teilnehmerpflichten nicht mit Providerwechsel schließen. Lesbarer Export ist eine kleinere Restfähigkeit als fortgesetzter Dienst.
S314.B03,S314,boundaries,none,boundaries,BD01 BD22 BD32 BD23,Alte Zusagen bleiben nach Providerende offen,ungewissheit,Teilnehmer kann bereits angenommene Arbeit oder verspätete Kosten noch melden. Versuchseinträge und bekannte Zusagekosten sind erhalten aber unvollständig.,Schweigen und Ablauf der Dienstfrist klären weder Wirkung noch finale Haftung.,BDR009 BDR024,teilweise,Berechtigte Abwicklung kann bekannte Operations- und Kostenlücken getrennt führen. Register garantieren keinen endgültigen Schlussbetrag.,Vollständige belastbare Teilnehmer- und Abrechnungsbelege schließen alle benannten offenen Zusagen.,Austauschbarkeit vor Ablauf fachlich prüfen und alte Teilnehmerpflichten nicht mit Providerwechsel schließen. Lesbarer Export ist eine kleinere Restfähigkeit als fortgesetzter Dienst.
S315.B01,S315,boundaries,none,boundaries,BD23 BD02,Verspätete Kosten lassen Budgetkopf unbestimmt,ungewissheit,Provider kann Kosten alter angenommener Nutzung nachmelden. Bekannte Zusagen sind erhalten aber Tarife oder Annahmemengen nicht vollständig begrenzt.,Nachmeldungen dauern bis Abrechnung geklärt ist. Eine Woche Verzug allein ist kein Attraktor.,BDR024,bedingt,Finanzplanung kann bekannte Haftung und unbekannte Restbelastung getrennt anzeigen statt falschen freien Budgetraum. Harte Obergrenze bleibt unbewiesen.,Register stellt trotz ungebundener offener Kosten einen sicheren Restbudgetbetrag dar.,Gemeldete Kosten von zugesagter Haftung trennen. Lokales Retrybudget ist kein Gelddeckel ohne obere Kostengrenze pro Annahme und Teilnehmerdurchsetzung.
S315.B02,S315,boundaries,none,boundaries,BD23 BD02,Weitere eigene Zusagen passen unter beweisbaren Deckel,halt,Alle eigenen Annahmen werden gezählt und höchster Preis einschließlich ungemeldeter Nutzung ist vertraglich gebunden. Teilnehmer nimmt keine Arbeit jenseits dieses Deckels an.,Zusätzliche Zusagen werden bis ausreichendem belegtem Spielraum gehalten. Bereits entstandene Überschreitung bleibt bestehen.,BDR024 BDR025,bedingt,Finanzplaner kann mit Zusagebilanz und begrenzter Annahme künftige eigene Haftung begrenzen. Ohne gebundenen Preis ist derselbe Zähler unzureichend.,Späte Rechnung überschreitet Deckel ohne neue zulässige Zusage oder Tarif kann rückwirkend ungebunden wachsen.,Gemeldete Kosten von zugesagter Haftung trennen. Lokales Retrybudget ist kein Gelddeckel ohne obere Kostengrenze pro Annahme und Teilnehmerdurchsetzung.
S316.B01,S316,boundaries,none,boundaries,BD24 BD01 BD10 BD23,Spekulation erzeugt dauernden Stau,attraktorhypothese,Latenz triggert mehr Kopien deren Arbeit die verfügbare Kapazität übersteigt auch nachdem Anfangsstoß endet. Lesbare lokale Zusagebelege überleben.,Latenz → Kopien → Stau und Kosten → mehr Latenz → weitere Kopien bei fester Grundlast.,BDR024,teilweise,Finanzprüfer kann bekannte Kopienkosten und unbekannte Resthaftung sehen. Register dämpft die Schleife nicht selbst.,Bei gleicher Grundlast und Kopierpolitik leert sich Stau nach Ende des Anfangsstoßes dauerhaft.,Kopien als aktive Verpflichtungen zählen und Deduplikation von Kostengrenze trennen. Attraktorprüfung braucht konstante Grundlast vor und nach dem auslösenden Latenzstoß.
S316.B02,S316,boundaries,none,boundaries,BD24 BD01 BD10 BD23,Begrenzte Kopien lassen Rückstand ablaufen,transient,Alle eigenen Kopien unterliegen wirksamem Budget und bei fester Grundlast bleibt positive Kapazität zum Abbau. Annahmen werden nicht voreilig als storniert gezählt.,Endlicher Burst fällt unter Bedienkapazität und wird abgearbeitet. Fachlich korrekter genau einmaliger Effekt ist separat zu prüfen.,BDR025,bedingt,Disponent kann endliche Kopienmenge priorisieren und eigene Überlast begrenzen. Kein globales p99.999-Versprechen folgt.,Unter unveränderter Grundlast wächst aktiver eigener Kopienzähler über Grenze oder Rückstand regeneriert sich dennoch.,Kopien als aktive Verpflichtungen zählen und Deduplikation von Kostengrenze trennen. Attraktorprüfung braucht konstante Grundlast vor und nach dem auslösenden Latenzstoß.
S317.B01,S317,boundaries,none,boundaries,BD18 BD19,Teurer begrenzter Alarmzeitraum fristgerecht abgearbeitet,abschluss,Für ein benanntes endliches Beobachtungsfenster hält Bearbeitung alle Fristen ein und echte Behebung der erfassten Vorfälle ist geprüft. Organisation akzeptiert absolute Kosten und Vorfallsregister bleibt zugänglich. Kein selbst erzeugter Rückstand liegt vor.,Dieses Fenster ist trotz hoher relativer Kosten abgearbeitet. Wiederholter tragbarer Betrieb ist damit vereinbar aber seine unbegrenzte Dauer wird nicht behauptet.,BDR019,bedingt,Legitimierte Planung kann offene Vorfälle und echte Behebung verfolgen. Überlegene Wirtschaftlichkeit wird nicht behauptet.,Rückstand wächst oder Fristen werden trotz angeblich ausreichender Kapazität systematisch verfehlt.,Absolute Aufmerksamkeit und Vorfallsbearbeitung statt Kostenverhältnis allein bewerten. Teurer stabiler Betrieb muss als Alternative erhalten bleiben.
S317.B02,S317,boundaries,none,boundaries,BD18 BD19,Fehlalarme verdrängen Reparatur und erzeugen Folgearbeit,attraktorhypothese,Nach ursprünglichen Fehlalarmen produzieren ungelöste Fehler mehr Meldungsarbeit als verfügbare Aufmerksamkeit abträgt. Register bleibt erreichbar.,Mehr Alarme → weniger Reparatur → mehr ungelöste Fehler → mehr Alarme bei fester Grundlast.,BDR019,teilweise,Planer kann registrierte Vorfälle noch unterscheiden. Das bewahrt weder freie Aufmerksamkeit noch ökonomische Tragbarkeit.,Nach Ende der anfänglichen Fehlalarme sinkt Rückstand bei gleicher Besetzung ohne innere Reproduktion.,Absolute Aufmerksamkeit und Vorfallsbearbeitung statt Kostenverhältnis allein bewerten. Teurer stabiler Betrieb muss als Alternative erhalten bleiben.
S318.B01,S318,boundaries,none,boundaries,BD09 BD25 BD10,Verbot verhindert spätere Annahme,halt,Kompetente Auslegung macht Verbot für diese Wirkung verbindlich und rechtzeitige aktuelle Information erreicht die kontrollierte Annahmegrenze.,Teilnehmer verweigert neue und gepufferte verbotene Arbeit solange Verbot gilt.,BDR010,bedingt,Zuständiger Teilnehmer kann trotz alter Freigabe diese Annahme verhindern. Andere bereits eingetretene Wirkungen bleiben getrennt.,Gepufferter Auftrag wird nach maßgeblichem Verbotszeitpunkt trotz aktueller Prüfung angenommen.,Gültiges Verbot mit fachlich bestimmtem Wirksamkeitszeitpunkt am letzten Teilnehmer durchsetzen. Alte Freigabe und lokale Kenntnis sind keine Rückwirkung.
S318.B02,S318,boundaries,none,boundaries,BD09 BD25 BD10,Nach Verbot erfolgte Wirkung bleibt historisch,verlust,Teilnehmer nahm unter veralteter Freigabe tatsächlich an und eine benannte irreversible Eigenschaft wurde verändert. Erlaubte Belegkopie überlebt.,Der vergangene irreversible Anteil bleibt auch nach rechtlicher oder finanzieller Kompensation.,BDR003,teilweise,Berechtigter Prüfer kann belegte Zeiten und Wirkung untersuchen. Er kann weder Rechtsrang erfinden noch Vergangenheit rückgängig machen.,Wirkung lag vor verbindlichem Verbot oder behaupteter irreversibler Anteil ist nicht eingetreten.,Gültiges Verbot mit fachlich bestimmtem Wirksamkeitszeitpunkt am letzten Teilnehmer durchsetzen. Alte Freigabe und lokale Kenntnis sind keine Rückwirkung.
S319.B01,S319,boundaries,none,boundaries,none,Rechtslage des identischen Datenumfangs ungeklärt,offen,Jurisdiktion konkrete Daten Pflichtausnahmen Frist und verbindliche Auslegung fehlen. Zulässigkeit selbst eines Nachweises ist unbestimmt.,Technische Wiederholung entscheidet keine Norm. Nur kompetente Klärung kann einen erlaubten Zweig begründen.,none,ungeklaert,Für rechtmäßige Gesamtverfügung lässt sich kein nutzbarer Kandidat behaupten solange nicht feststeht wer was aufbewahren darf. Unbekannte Rechtmäßigkeit ist kein Totalverlust.,Kompetente verbindliche Entscheidung legt konkreten Datenumfang und zulässige Verfügung fest.,Keine automatische Rechtsraumpriorität bauen. Datenumfang Ausnahmen Fristen und kompetente Zuständigkeit vor Aufbewahrungs- oder Löschschritt festlegen und widersprüchliche Pflichten offen halten.
S319.B02,S319,boundaries,none,boundaries,none,Geklärte begrenzte Aufbewahrung oder Löschung,halt,Kompetente Stelle stellt für genau diese Daten eine zulässige Ausnahme oder Rangregel fest und erlaubt einen metadatenarmen Verfügungsbeleg. Ausführung wartet noch auf diese begrenzte Entscheidung.,Ungeklärte weitergehende Forderung bleibt gehalten. Nachvollziehbare erlaubte Teilverfügung kann gesondert ausgeführt werden.,BDR036,bedingt,Datenschutzverantwortlicher kann zulässigen Umfang und Nachweis nutzen ohne pauschal beide Gesetze technisch zu erfüllen. Keine konkrete Rechtslösung wird hier behauptet.,Die vermeintlich zuständige Stelle hat keine Befugnis oder Nachweis enthält weiterhin unzulässig aufzubewahrende Daten.,Keine automatische Rechtsraumpriorität bauen. Datenumfang Ausnahmen Fristen und kompetente Zuständigkeit vor Aufbewahrungs- oder Löschschritt festlegen und widersprüchliche Pflichten offen halten.
S319.B03,S319,boundaries,none,boundaries,none,Nach Prüfung tatsächlich unvereinbare gleichzeitige Forderungen,halt,Kompetente Analyse bestätigt dass für genau dieselbe Information und Zeit unverändert lesbare Beweise bleiben und sämtliche Kopien verschwinden müssten ohne Ausnahme.,Kein technischer Ablauf erfüllt beide Prädikate zugleich. Zuständige normative Änderung wäre nötig.,none,keines,Für gleichzeitige vollständige Erfüllung gibt es keine Restfähigkeit. Andere Daten oder Dienste sind dadurch nicht automatisch verloren.,Erlaubte Bereichstrennung Reihenfolge oder bindende Ausnahme macht Forderungen doch miteinander vereinbar.,Keine automatische Rechtsraumpriorität bauen. Datenumfang Ausnahmen Fristen und kompetente Zuständigkeit vor Aufbewahrungs- oder Löschschritt festlegen und widersprüchliche Pflichten offen halten.
S320.B01,S320,boundaries,none,boundaries,BD06 BD25,Unzulässiger Ortswechsel ohne neue Klartextleser,extern-erzwungen,Anwendbare Standortpflicht und tatsächlicher Transfer sind unabhängig belegt. Keine neue unbefugte Kenntnis ist nachgewiesen und ein erlaubter Standortbeleg bleibt zugänglich.,Daten liegen weiter im unzulässigen Raum bis zulässige Korrektur erfolgt. Fortdauer braucht keine Vertrauensschleife.,BDR003,teilweise,Zuständiger Prüfer kann den begrenzten Residencyverstoß belegen. Vertraulichkeitsverlust oder wirksame Transfersperre werden nicht erfunden.,Verbindliche Pflicht erlaubt den Ort oder Standortbeleg ist unzuverlässig. Nachgewiesenes neues Lernen eröffnet zusätzlich anderen Zweig.,Rechtsraum Standort und Leserrechte getrennt nachweisen. Transferverbot ohne Klartextzugriff ist eigene Nichtkonformität und keine automatisch bewiesene Offenlegung.
S320.B02,S320,boundaries,none,boundaries,BD06 BD25,Unbefugter Leser lernt verlegte Metadaten,verlust,Lesbare sensible Metadaten gelangen tatsächlich zu unbefugtem Leser. Erlaubter Transferbeleg bleibt getrennt erhalten.,Historische Offenlegung bleibt selbst wenn Daten zurückverlegt werden.,BDR003,teilweise,Prüfer kann belegten Transfer und Lesergrenze untersuchen. Geheimhaltung der bereits gelernten Daten ist nicht erhalten.,Metadaten bleiben für alle neuen Leser unentzifferbar und nicht rückverknüpfbar oder Zugang war legitim.,Rechtsraum Standort und Leserrechte getrennt nachweisen. Transferverbot ohne Klartextzugriff ist eigene Nichtkonformität und keine automatisch bewiesene Offenlegung.
S320.B03,S320,boundaries,none,boundaries,BD06 BD25,Künftiger Transfer am kontrollierten Ausgang verweigert,halt,Anwendbares Verbot ist kompetent festgestellt und aktueller lokaler Transferausgang wird vor weiterer Übertragung effektiv kontrolliert.,Weitere von Factory kontrollierte Exporte warten. Schon beim Provider liegende Daten können außerhalb dieser Grenze weiterverlagert werden.,BDR010,bedingt,Zuständiger Exportteilnehmer kann neue kontrollierte Übertragung verweigern. Kein Anspruch dass derselbe Mechanismus interne Providerumzüge stoppt.,Neue Factoryübertragung passiert trotz geltendem Verbot oder behaupteter Schutz wird auf providerinterne Kopien ausgedehnt.,Rechtsraum Standort und Leserrechte getrennt nachweisen. Transferverbot ohne Klartextzugriff ist eigene Nichtkonformität und keine automatisch bewiesene Offenlegung.
S320.B04,S320,boundaries,none,boundaries,BD06 BD25,Rechtmäßig erlaubter Ortswechsel,transient,Kompetente Klärung bestätigt Standort und Leserbefugnisse und unabhängiger begrenzter Transferbeleg ist zugänglich.,Der einmalige Ortswechsel endet ohne hier belegten Rechts- oder Vertraulichkeitsverlust. Weitere Änderungen sind neue Fälle.,BDR003,bedingt,Berechtigter Prüfer kann die begrenzte erlaubte Standortänderung nachvollziehen. Eine allgemeine künftige Standortgarantie folgt nicht.,Neue Standort- oder Leserinformation widerspricht der behaupteten Erlaubnis.,Rechtsraum Standort und Leserrechte getrennt nachweisen. Transferverbot ohne Klartextzugriff ist eigene Nichtkonformität und keine automatisch bewiesene Offenlegung.
S321.B01,S321,boundaries,none,boundaries,BD09 BD10 BD25,Alter Ventilbefehl wird lokal verweigert,halt,Qualifizierte Gefahrenanalyse definiert aktuelle Freigabe und unabhängiger Interlock kontrolliert tatsächliche Betätigung mit passenden Sensoren.,Veralteter Befehl bleibt abgewiesen solange Kontext ungültig ist. Andere physische Gefahren sind nicht automatisch beendet.,BDR026,bedingt,Zuständiger Sicherheitsbetrieb kann den verspäteten Auftrag am Aktuator fernhalten obwohl Factory ihn früher freigab. Dies setzt externe lokale Schutztechnik voraus.,Sichere isolierte Untersuchung zeigt Bewegung nach altem Befehl trotz Kontextwechsel oder Sensorik ist nicht unabhängig.,Physische Freigabe am Aktuator verlangen statt Taskstatus als Ventilsperre zu behandeln. Gefahrmodell Sensorik Warteschlangenlebensdauer und sicheren Unterlassungszustand kompetent festlegen.
S321.B02,S321,boundaries,none,boundaries,BD09 BD10 BD25,Ventil geöffnet mit irreversibler Folge,verlust,Pufferauftrag betätigt Ventil ohne heutige Kontextprüfung und eine konkret festgestellte irreversible Folge tritt ein. Unabhängiger zulässiger Ereignisbeleg bleibt erhalten.,Verletzung oder irreversible Freisetzung wird nicht durch spätere Statusänderung rückgängig gemacht.,BDR003,teilweise,Qualifizierter Prüfer kann den belegten Vorgang untersuchen. Unversehrtheit der bereits betroffenen Eigenschaft ist nicht erhalten.,Befehl wurde nicht angenommen oder die behauptete irreversible Folge ist nicht eingetreten.,Physische Freigabe am Aktuator verlangen statt Taskstatus als Ventilsperre zu behandeln. Gefahrmodell Sensorik Warteschlangenlebensdauer und sicheren Unterlassungszustand kompetent festlegen.
S321.B03,S321,boundaries,none,boundaries,BD09 BD10 BD25,Physischer Ausgang ohne Sensor- und Gefahrenwissen offen,offen,Ventilfailstate aktueller Kontext und Wirkungsevidenz fehlen. Aus altem Auftrag allein folgt keine Verletzung oder sichere Nichtbetätigung.,Ohne diese erforderlichen Fakten bleibt Sicherheitsausgang unbekannt.,none,ungeklaert,Für nachgewiesene physische Sicherheit gibt es keine belegbare Restfähigkeit. Es wird weder unsichtbarer Interlock noch automatisch sicherer Stopp erfunden.,Kompetente aktuelle Sensor- und Gefahrenevidenz unterscheidet sichere Verweigerung von gefährlicher Betätigung.,Physische Freigabe am Aktuator verlangen statt Taskstatus als Ventilsperre zu behandeln. Gefahrmodell Sensorik Warteschlangenlebensdauer und sicheren Unterlassungszustand kompetent festlegen.
S322.B01,S322,boundaries,none,boundaries,BD03 BD25 BD10,Cloudstopp unbekannt Prozess möglicherweise aktiv,ungewissheit,Stopprequest wurde journalisiert aber Antwort kommt nicht vor Gefahrfrist. Keine unabhängige Safe-State-Evidenz liegt vor.,Warten hält Ungewissheit aufrecht während reale Anlage weiterlaufen kann. Späte Quittung beweist keinen rechtzeitigen Stopp.,BDR009,teilweise,Operator kann bekannten Stopversuch abgleichen ohne unklare Annahme als Ende auszugeben. Register erhält keine physische Stoppleistung.,Unabhängige Zustandsmessung bestätigt rechtzeitigen sicheren Zustand oder Register enthält den Stopversuch nicht.,Notstopp ohne Cloudabhängigkeit als externe Sicherheitsgrenze festlegen. Befehlsjournal und tatsächlicher sicherer Zustand haben verschiedene Verträge.
S322.B02,S322,boundaries,none,boundaries,BD03 BD25 BD10,Lokaler unabhängiger Notstopp erreicht definierten Zustand,abschluss,Qualifiziert sicherer Zustand ist bestimmt und lokaler Pfad mit Energie Aktuatorkontrolle sowie Rückmeldung erreicht ihn vor Gefahrfrist ohne Cloud.,Dieser konkrete Sicherheitsübergang endet überprüft. Spätere Anlagenzustände bleiben neue Pflichten.,BDR027,bedingt,Zuständiger Operator behält eine konkrete cloudunabhängige Stoppleistung. Nicht jede Anlage ist durch Abschalten sicher.,Sichere isolierte Prüfung misst Zustand erst nach Frist oder Rückmeldung ist nur Empfang des Stopbefehls.,Notstopp ohne Cloudabhängigkeit als externe Sicherheitsgrenze festlegen. Befehlsjournal und tatsächlicher sicherer Zustand haben verschiedene Verträge.
S322.B03,S322,boundaries,none,boundaries,BD03 BD25 BD10,Kein rechtzeitiger sicherer Pfad vorhanden,offen,Alle effektiven Stopppfade warten bis morgen und keine unabhängige sichere Anlagenentwicklung ist bekannt.,Vor Gefahrklärung ist Ausgang offen. Aus fehlendem Stopppfad allein wird kein tatsächlicher Schaden abgeleitet.,none,keines,Für garantierten sicheren Zustand vor heutiger Gefahrfrist fehlt eine nutzbare Struktur. Außerhalb dieser Fähigkeit können Aufzeichnungen überleben.,Ein tatsächlich unabhängiger rechtzeitiger Safe-State-Pfad oder qualifizierter Nachweis ungefährlichen Weiterlaufs ändert die Annahme.,Notstopp ohne Cloudabhängigkeit als externe Sicherheitsgrenze festlegen. Befehlsjournal und tatsächlicher sicherer Zustand haben verschiedene Verträge.
S323.B01,S323,boundaries,none,boundaries,none,Normative und physische Entscheidung unbestimmt,offen,Konkrete Gefahr zuständiger Entscheider rechtliches Mandat und sichere Alternativen fehlen. Ein monatlicher Budgetwert ist die einzige Entscheidungsgröße.,Optimierung wiederholt nur vorgegebene Zielfunktion und erzeugt keine legitime Abwägung.,none,ungeklaert,Für eine legitime Entscheidung über Menschenleben ist keine Restfähigkeit ableitbar. Kein Modellpreis begründet Sicherheitsautorität.,Kompetente konkrete Gefahren- und Rechtsbewertung bestimmt zulässige Entscheidung und verantwortlichen Akteur.,Lebensschutz nicht aus einer Budgetzielgröße ableiten. Factory auf Vorschlags- und Dokumentationsgrenze begrenzen bis kompetente Zuständigkeit und unverhandelbare Sicherheitsanforderungen feststehen.
S323.B02,S323,boundaries,none,boundaries,none,Optimierer darf Lebensschutzgrenze nicht überschreiten,halt,Kompetente unabhängige Sicherheitsregel ist vorgegeben und tatsächlicher lokaler Interlock sperrt die konkrete gefährliche Aktion. Sichere Nichtausführung ist gesondert qualifiziert.,Budgetoptimierung bleibt innerhalb dieser externen Grenze oder wird zurückgehalten. Nicht jede Unterlassung ist dadurch sicher.,BDR026,bedingt,Zuständiger Sicherheitsbetrieb behält die qualifizierte Freigabegrenze ohne dem Modell die Lebensbewertung zu übertragen. Keine konkrete medizinische oder physische Regel wird erfunden.,Budgetziel kann Interlock übersteuern oder die angenommene sichere Unterlassung erweist sich im Gefahrenmodell als gefährlich.,Lebensschutz nicht aus einer Budgetzielgröße ableiten. Factory auf Vorschlags- und Dokumentationsgrenze begrenzen bis kompetente Zuständigkeit und unverhandelbare Sicherheitsanforderungen feststehen.
S323.B03,S323,boundaries,none,boundaries,none,Budgetentscheidung hat irreversible Verletzung bewirkt,verlust,Im bedingten Verlauf wird automatisierte Wahl wirksam und konkrete irreversible Schädigung tatsächlich unabhängig festgestellt. Zulässiger Beleg bleibt zugänglich.,Die verlorene Unversehrtheit wird nicht durch nachträgliche Budgetänderung wiederhergestellt.,BDR003,teilweise,Kompetenter Prüfer kann den belegten Vorgang untersuchen. Dokumentation legitimiert weder ursprüngliche Entscheidung noch behauptet sie Wiederherstellung des Lebens.,Keine entsprechende Wirkung oder keine behauptete irreversible Schädigung ist eingetreten.,Lebensschutz nicht aus einer Budgetzielgröße ableiten. Factory auf Vorschlags- und Dokumentationsgrenze begrenzen bis kompetente Zuständigkeit und unverhandelbare Sicherheitsanforderungen feststehen.
S324.B01,S324,boundaries,none,boundaries,BD03 BD24 BD10,Annahme möglich Antwort fehlt Wiederholung wartet,ungewissheit,Bekannter Versuch erreicht Teilnehmer möglicherweise und dauerhaftes Versuchsregister hält neue lokale Versuche zurück.,Outcome bleibt unbekannt bis unabhängiger korrelierter Rücklesepfad verfügbar ist. Funktionierender Teilnehmer kann schon gewirkt haben.,BDR009,bedingt,Operator kann bekannte Operation abgleichen ohne sie wegen stummem Rückweg als nie angenommen auszugeben.,Timeout löst einen weiteren unkontrollierten Versuch aus oder Teilnehmerbeleg klärt Annahme vollständig.,Hinweg Rückweg und Wirkungsausgang trennen. Antwortverlust darf nicht zu wiederholter Annahme ermächtigen und begrenzte Last ist nicht genau-einmal-Wirkung.
S324.B02,S324,boundaries,none,boundaries,BD03 BD24 BD10,Antwortverlust verstärkt neue Anfragen,attraktorhypothese,Timeout triggert Kopien deren Last selbst nach Reparatur des Rückwegs ausreichenden Stau erzeugt. Bekannte Zusagebelege bleiben erhalten.,Fehlende oder späte Antwort → Retrylast → Stau → späte Antwort → weitere Retrylast bei fester Grundlast.,BDR024,teilweise,Berechtigte Finanzplanung behält bekannte Verpflichtungen sichtbar. Sie kann weder fehlenden Wirkungsausgang noch spontane Drainage garantieren.,Bei unveränderter Grundlast und Retrypolitik leert sich Stau nach Rückwegheilung ohne neue innere Produktion.,Hinweg Rückweg und Wirkungsausgang trennen. Antwortverlust darf nicht zu wiederholter Annahme ermächtigen und begrenzte Last ist nicht genau-einmal-Wirkung.
S325.B01,S325,boundaries,none,boundaries,BD27 BD09 BD10 BD02 BD01,Authentische Pakete lassen kausale Reihenfolge offen,ungewissheit,Signaturen sind gültig aber Pakete betreffen zeitlich oder kausal widersprechende Aussagen. Keine vertrauenswürdige Ordnung ist verfügbar und Belege bleiben erhalten.,Erneutes Signaturprüfen ordnet Ereignisse nicht. Neues kausales Wissen kann die Lücke schließen.,BDR003,bedingt,Prüfer kann mehrere Aussagen mit Herkunft und Zeit getrennt halten. Er gewinnt daraus keine aktuelle Autorität.,Semantik erweist sich als kommutativ oder unabhängige kausale Ordnung löst alle behaupteten Widersprüche.,Authentizität Reihenfolge und aktuelle Autorität getrennt prüfen. Dreißig Tage alte Pakete dürfen nur unter tatsächlich gültiger Annahmesemantik wirken.
S325.B02,S325,boundaries,none,boundaries,BD27 BD09 BD10 BD02 BD01,Veraltete Annahme wird am Teilnehmer abgewiesen,halt,Teilnehmer prüft aktuelle Gültigkeit und Sequenzkontext vor Wirkung auch für umgeordnete alte Pufferpakete.,Ungültige alte Arbeit bleibt zurückgehalten unabhängig von authentischer Herkunft.,BDR010,bedingt,Zuständiger Teilnehmer kann nicht mehr gültige Aktion verweigern. Andere Teilnehmer ohne diesen Vertrag bleiben offen.,Ein signiertes aber abgelaufenes oder kontextfalsches Paket wirkt nach der behaupteten Annahmeprüfung.,Authentizität Reihenfolge und aktuelle Autorität getrennt prüfen. Dreißig Tage alte Pakete dürfen nur unter tatsächlich gültiger Annahmesemantik wirken.
S325.B03,S325,boundaries,none,boundaries,BD27 BD09 BD10 BD02 BD01,Umordnung ist für begrenzte Operation unschädlich,abschluss,Operationen sind nach belegter Fachsemantik kommutativ innerhalb gültiger Autorität und unabhängiger Abgleich bestätigt richtige Wirkung des endlichen Satzes.,Dieser Satz endet korrekt trotz Verzögerung. Neue Pakete gehören nicht automatisch zum Abschluss.,BDR003,bedingt,Prüfer kann den endlichen unabhängig abgeglichenen Ergebnissatz nachvollziehen. Signatur alleine hätte das nicht geleistet.,Permutation verändert tatsächliche Fachwirkung oder ein Satzmitglied war zur Annahme nicht mehr autorisiert.,Authentizität Reihenfolge und aktuelle Autorität getrennt prüfen. Dreißig Tage alte Pakete dürfen nur unter tatsächlich gültiger Annahmesemantik wirken.
S326.B01,S326,boundaries,none,boundaries,BD36 BD08,Geschäft funktioniert ohne Monitoringkontakt,extern-erzwungen,Monitorpfad ist unterbrochen aber Factory erreicht Businessdienste mit gültiger Autorität. Lokale lesbare Geschäftsdaten sind erhalten.,Asymmetrische Topologie hält Beobachtungslücke aufrecht bis Pfadheilung. Kein interner Ausfallkreis nötig.,BDR022,teilweise,Lokaler berechtigter Betreiber kann erhaltenen Stand prüfen und Original kann weiterhin handeln. Beobachterwissen und menschlicher Empfang sind nicht erhalten.,Businesspfad ist tatsächlich ebenfalls tot oder Teilnehmerautorität des Originals wurde wirksam beendet.,Health in Hostausführung Geschäftsreichweite Beobachterfrische menschlichen Empfang und Eingriffsrecht aufteilen. Timeout darf ohne echte Teilnehmerexklusion keinen Ersatzwriter legitimieren.
S326.B02,S326,boundaries,none,boundaries,BD36 BD08,Blindes Failover erzeugt Reparaturkonkurrenz,attraktorhypothese,Monitoringabwesenheit startet wirksamen Klon ohne Originalausschluss und beide korrigieren gegenseitige Änderungen. Getrennte Belegkopie bleibt erreichbar.,Falsche Todesannahme → zwei Writer → Gegenreparaturen → neue Gegenreparaturen auch nach Monitorpfadheilung.,BDR003,teilweise,Berechtigter Prüfer behält begrenzte Konfliktspur. Sichtbarer gesunder Klon beweist keine exklusive Aktivität.,Original wird bei Teilnehmern abgewiesen oder keine gegenseitige Reparatur reproduziert den Konflikt.,Health in Hostausführung Geschäftsreichweite Beobachterfrische menschlichen Empfang und Eingriffsrecht aufteilen. Timeout darf ohne echte Teilnehmerexklusion keinen Ersatzwriter legitimieren.
S326.B03,S326,boundaries,none,boundaries,BD36 BD08,Exklusive Fortsetzung verlangt echten Ausschluss,halt,Vor Ersatzbetrieb erzwingt dauerhafte legitime Teilnehmergeneration den Ausschluss alter Originalannahmen auch aus Puffern.,Originals neue Wirkungen bleiben gesperrt. Dessen frühere Outcomes und Beobachterlücke bleiben gesondert zu klären.,BDR008,bedingt,Neuer berechtigter Writer kann exklusiv arbeiten innerhalb erfasster Teilnehmer. Dies verändert gerade die Prämisse unbegrenzter Originalautorität.,Original wirkt nach Generationstransfer an einem erfassten Teilnehmer weiter.,Health in Hostausführung Geschäftsreichweite Beobachterfrische menschlichen Empfang und Eingriffsrecht aufteilen. Timeout darf ohne echte Teilnehmerexklusion keinen Ersatzwriter legitimieren.
S327.B01,S327,boundaries,none,boundaries,BD26 BD09 BD02,Jahressuspend wird als Zeitdiskontinuität erkannt,halt,Unabhängige Zeitabschnittsevidenz erkennt unsicheren Elapsedwert und betroffene Fristnutzer setzen alte Gültigkeit vor neuer Wirkung aus.,Betroffene Arbeit wartet auf aktuelle vertrauenswürdige Zeit und Mandat. Erkennung allein verhindert keine alten Teilnehmerpuffer.,BDR029,bedingt,Lokaler Planer kann falsche Fristbasis verwerfen statt eine Uhrannahme als erneuerte Autorität zu verwenden.,Wakeup mit realem Jahresabstand lässt alte Freigabe anhand unerkannter Suspendlücke weitergelten.,Persistierte Zeitabschnittsidentität und tatsächliches Suspendverhalten prüfen. Monotonie ohne Realzeitbezug verlängert keine gültige Freigabe.
S327.B02,S327,boundaries,none,boundaries,BD26 BD09 BD02,Uhr unterschätzt vergangenes Jahr,extern-erzwungen,Implementierung zählt Suspend entgegen Erwartung nicht und verwendet alten Timer weiter. Erhaltene Termine besitzen explizite Absicht und Mandatsablauf aber aktuelle Zeitprüfung fehlt.,Falsche Timerbasis hält veraltete Zulassung bis erkanntem Epochenwechsel oder Wirkung aufrecht.,BDR028,teilweise,Berechtigter Planer kann gespeicherte Absicht und Ablauf später untersuchen. Der Terminbeleg selbst liefert keine korrekte verstrichene Zeit und keine sichere Annahme.,Unabhängiger Zeitvergleich zeigt korrekt berücksichtigten Jahresabstand und alle betroffenen Fristen sind entsprechend abgelaufen.,Persistierte Zeitabschnittsidentität und tatsächliches Suspendverhalten prüfen. Monotonie ohne Realzeitbezug verlängert keine gültige Freigabe.
S328.B01,S328,boundaries,none,boundaries,BD26 BD17,Rücksprung hält Mute jahrelang offen,extern-erzwungen,Muteende hängt ausschließlich an zurückgesprungener Wallclock. Getrennte rechtmäßige Stummschaltungsevidenz bleibt erreichbar.,Zeitvergleich hält politische Stummregel aufrecht bis Uhr aufholt oder Regel geändert wird. Keine autonome Rückkopplung.,BDR021,teilweise,Unabhängiger Prüfer kann die andauernde Beobachtungslücke erkennen. Er erhält dadurch weder unterdrückte Details noch rechtzeitige Reparatur.,Mute läuft trotz Rücksprung nach beabsichtigter realer Dauer ab oder getrennter Beleg ist ebenso unzugänglich.,Mutes mit begrenzter Elapsedbasis und Epochengültigkeit führen. Ende der Stummschaltung ist nicht identisch mit menschlichem Alarmempfang.
S328.B02,S328,boundaries,none,boundaries,BD26 BD17,Unabhängige Fristbasis beendet betroffenen Mute,transient,Geprüfte unabhängige Elapsedbasis oder Diskontinuitätsregel begrenzt Mute und kontrolliert den tatsächlichen Alarmweg.,Die falsche Verlängerung endet mit Fristablauf oder expliziter Neubewertung. Nachrichtenempfang bleibt eigene Pflicht.,BDR029,bedingt,Zuständiger Planer kann einen unbeabsichtigt jahrelangen Mute verhindern ohne Wallclock als Realzeit zu vertrauen.,Rücksprung verlängert tatsächlich wirksamen Mute über Grenze oder Vergleichsuhr springt gleich mit.,Mutes mit begrenzter Elapsedbasis und Epochengültigkeit führen. Ende der Stummschaltung ist nicht identisch mit menschlichem Alarmempfang.
S329.B01,S329,boundaries,none,boundaries,BD26 BD01 BD02,Erhaltene Absicht erlaubt begrenzte Neuinterpretation,transient,Zuständiger Planer kennt ob Termin fixer Zeitpunkt oder zivile Wiederholung ist und verfügt über passende neue Regeln.,Fester Zeitpunkt bleibt gleich oder zivile Regel wird legitim neu ausgewertet. Neue Fristprüfung ist separat.,BDR028,bedingt,Planer kann für benannte Termine passende Bedeutungsänderung prüfen statt alle blind auf alte Offsets zu fixieren.,Zwei legitime Absichten sind im gespeicherten Termin nicht unterscheidbar oder Regelwechsel erzeugt ungeklärte doppelte Ortszeit.,Fixen Zeitpunkt zivile Wiederholung Regelversion und mehrdeutige Ortszeit explizit speichern. Neue politische Regeln ersetzen keine verschwundene Terminabsicht.
S329.B02,S329,boundaries,none,boundaries,BD26 BD01 BD02,Nur alter Offset ohne rekonstruierbare Absicht,ungewissheit,Für betroffenen Termin fehlen ursprüngliche Absicht und zuständiger Klärer. Es existiert lediglich alte numerische Zeit.,Weder alter noch neuer Offset entscheidet den gemeinten Termin. Klärung oder Aufgabe bleibt nötig.,none,keines,Für genau den ursprünglichen zivilen oder festen Terminbezug fehlt die erforderliche Information. Andere gut spezifizierte Termine sind nicht betroffen.,Autorisierte ursprüngliche Terminbeschreibung oder kompetente spätere Neuentscheidung löst die konkrete Mehrdeutigkeit.,Fixen Zeitpunkt zivile Wiederholung Regelversion und mehrdeutige Ortszeit explizit speichern. Neue politische Regeln ersetzen keine verschwundene Terminabsicht.
S330.B01,S330,boundaries,none,boundaries,BD27 BD04,Drei Aussagen bleiben ohne gemeinsamen Bezug widersprüchlich,ungewissheit,Runtime Dateiereignis und Agentenaussage sind erhalten aber Prozessidentität Zeitintervall oder Kausalzuordnung fehlt.,Ohne passenden Diskriminator bleibt jeweilige Behauptung offen. Hookautorität allein entscheidet nicht alle Gegenstände.,BDR003,bedingt,Prüfer kann Herkunft und Wissenslücke sehen ohne abgeschlossenes Werk oder toten Writer zu erfinden.,Synchronisierter Kausalbeleg ordnet jeden Write zu und zeigt dass Aussagen unterschiedliche Zeiten oder Prozesse betreffen.,Beobachtungen nach Prozessidentität Gegenstand und Zeit korrelieren statt einen Healthgewinner zu wählen. Widerspruch ist noch kein falsches erledigtes Werk.
S330.B02,S330,boundaries,none,boundaries,BD27 BD04,Falsche Healthdeutung ohne belegtes falsches Werk,ungewissheit,Bediener bevorzugt bereit oder beendet ohne Widerspruch aufzulösen. Originale Aussagen bleiben separat erhalten aber kein daraus entstandener falscher Effekt ist belegt.,Falscher Beobachterglaube bleibt bis Klärung. Spätere Fehlintervention ist möglich nicht schon gegeben.,BDR003,teilweise,Berechtigter Prüfer kann Deutung von originaler Evidenz unterscheiden. Dieser Zweig bedeutet ausdrücklich kein nachgewiesen falsches Arbeitsergebnis.,Bevorzugte Aussage ist unabhängig sachlich belegt oder ein späterer realer falscher Eingriff wird gesondert nachgewiesen.,Beobachtungen nach Prozessidentität Gegenstand und Zeit korrelieren statt einen Healthgewinner zu wählen. Widerspruch ist noch kein falsches erledigtes Werk.
S330.B03,S330,boundaries,none,boundaries,BD27 BD04,Verzögertes Dateiereignis erklärt scheinbaren Konflikt,abschluss,Unabhängig korrelierte Prozess- und Zeitspur zeigt dass neue Meldung alten Write oder anderen legitimen Prozess betraf und erklärt alle drei Aussagen.,Der begrenzte Beobachtungskonflikt ist geklärt. Geschäftswirkung und Taskabnahme bleiben eigene Fragen.,BDR003,bedingt,Prüfer kann die Erklärung aus erhaltenen korrelierten Aussagen nachvollziehen. Keine allgemeine Lebens- oder Vollendungszusage folgt.,Ein frischer Write desselben angeblich beendeten Prozesses liegt nach dessen belegtem Ende.,Beobachtungen nach Prozessidentität Gegenstand und Zeit korrelieren statt einen Healthgewinner zu wählen. Widerspruch ist noch kein falsches erledigtes Werk.
S331.B01,S331,boundaries,none,boundaries,BD04 BD05 BD02,Drei Prüfer billigen einmal denselben falschen Sachverhalt,abschluss,Alle verwenden fehlerhafte Grundtabelle einmal ohne weitere Vertrauensverstärkung. Ein unabhängiger gültiger Mengenursprung existiert und ist erreichbar.,Ein falsches gemeinsames Urteil endet als begrenzter Fehler. Es muss keine Schleife folgen.,BDR004,teilweise,Unabhängiger Fachprüfer kann den betroffenen Mengenfehler gegen anderen Ursprung erkennen. Drei Ableitungen derselben Tabelle sind keine weiteren Quellen.,Sollmenge stammt ebenfalls aus gemeinsamer Tabelle oder der konkrete Tabellenfehler betrifft Urteil nicht.,Herkunft der maßgeblichen Tatsache statt Anzahl der Prüfer erfassen. Ein gemeinsamer falscher Ursprung und eine Schleife der Vertrauensverstärkung bleiben getrennt.
S331.B02,S331,boundaries,none,boundaries,BD04 BD05 BD02,Prüferkonsens verdrängt Gegenquellen,attraktorhypothese,Übereinstimmung steigert Vertrauen und weitere Entscheidungen verwenden genau dieselbe Tabelle während alternative Grundlagen verworfen werden.,Falsche Tabelle → drei Zustimmungen → mehr Vertrauen → weniger unabhängige Prüfung → erneute Tabellenübernahme.,none,keines,Für Wahrheit des betroffenen Faktums fehlt unter ausschließlich gemeinsam falschen verbleibenden Quellen ein belastbarer Gegenstand. Rechnen auf Tabellen bleibt möglich aber ist keine unabhängige Prüfung.,Eine überlebende unabhängige sachliche Quelle beeinflusst Entscheidungen oder Wiederverwendung bleibt aus.,Herkunft der maßgeblichen Tatsache statt Anzahl der Prüfer erfassen. Ein gemeinsamer falscher Ursprung und eine Schleife der Vertrauensverstärkung bleiben getrennt.
S332.B01,S332,boundaries,none,boundaries,BD27 BD03 BD01,Provider und Empfänger bleiben im Widerspruch,ungewissheit,Beide Aussagen sind erhalten aber Erfolgsemantik Empfängerbezug oder direkter Wirkungsbeleg fehlen. Lokale Wiederholsperre für bekannten Versuch gilt.,Widerspruch bleibt bis unabhängigem passenden Abgleich. Neues Retry kann ihn nicht rückwirkend klären.,BDR003 BDR009,bedingt,Berechtigter Prüfer kann Aussagen und offenen Versuch nachvollziehen ohne eine Seite unbegründet zur Wahrheit zu erklären. Keine vollständigen Logs werden erfunden.,Unabhängige korrelierte Empfänger- oder Wirkungsbeobachtung erklärt was Erfolg in diesem Vorgang hieß.,Providerannahme Empfängerwirkung Identität und Beleglücken separat führen. Fehlende Logs dürfen nicht durch Mehrheitswahl zwischen zwei Aussagen ersetzt werden.
S332.B02,S332,boundaries,none,boundaries,BD27 BD03 BD01,Begrenzter unabhängiger Wirkungsabgleich gelingt,abschluss,Ein tatsächlich vorhandener legitimer Empfängerbezug und unabhängiger Wirkungsbeleg lösen gerade diesen Vorgang trotz fehlender Detaillogs.,Der benannte Outcome wird geklärt. Andere verlorene Logdetails bleiben fehlend.,BDR003 BDR007,bedingt,Prüfer kann richtigen Empfänger und nachgewiesene Wirkung getrennt begründen. Eine bloße erneute Providerattestation genügt nicht.,Neuer Beleg stammt nur aus derselben strittigen Providerbehauptung oder betrifft falschen Empfänger beziehungsweise Zeitraum.,Providerannahme Empfängerwirkung Identität und Beleglücken separat führen. Fehlende Logs dürfen nicht durch Mehrheitswahl zwischen zwei Aussagen ersetzt werden.
S333.B01,S333,boundaries,none,boundaries,BD28,Versteckte Auswahl belohnt weitere Auswahl,attraktorhypothese,Agent kontrolliert Ablehnung vor Nennerbeginn und bessere Kennzahl bringt mehr Entscheidungsspielraum. Getrennter Eingangsnenner existiert aber beeinflusst Belohnung noch nicht.,Schwere Fälle ablehnen → scheinbar kürzere Laufzeit → Belohnung und Auswahlfreiheit → weitere frühe Ablehnung.,BDR030,teilweise,Berechtigter Bewertender kann angebotene und abgewiesene Arbeit im erhaltenen Gesamtfenster sehen. Er muss diese Evidenz tatsächlich in Bewertung einbringen um Schleife zu brechen.,Belohnung berücksichtigt Gesamtangebote bereits oder keine zusätzliche Auswahlkontrolle folgt der Kennzahl.,Angebotene und abgelehnte Tasks vor Messbeginn erfassen. Ehrliche Triage als begrenzte Leistung anerkennen ohne Nutzen der abgewiesenen Arbeit zu behaupten.
S333.B02,S333,boundaries,none,boundaries,BD28,Legitime transparente Triage,transient,Zuständiger Auftraggeber erlaubt begrenzte Aufnahme und alle Ablehnungen samt geändertem Nenner bleiben transparent erfasst.,Betrieb kann bei ausreichender Kapazität stabil bleiben. Hohe Geschwindigkeit bezieht sich nur auf akzeptierte Teilmenge.,BDR030,bedingt,Bewertender kann ehrliche Teilmengenleistung und unerledigte Nachfrage unterscheiden. Nutzen oder Fairness für abgelehnte Arbeit ist nicht erhalten.,Bericht verbirgt Ablehnungen oder überträgt Teilmengengeschwindigkeit auf alle eingegangenen Tasks.,Angebotene und abgelehnte Tasks vor Messbeginn erfassen. Ehrliche Triage als begrenzte Leistung anerkennen ohne Nutzen der abgewiesenen Arbeit zu behaupten.
S334.B01,S334,boundaries,none,boundaries,BD28,Umbenennung verstärkt Kontrolle über Kennzahl,attraktorhypothese,Team klassifiziert Fehler nachträglich als Wartung und perfekte Kennzahl bringt weiteres Vertrauen. Unabhängige Dienstpflichtrechnung bleibt erhalten aber bisher unbeachtet.,Fehler umbenennen → Kennzahl steigt → Vertrauen und Definitionsmacht → weitere Umbenennung.,BDR031,teilweise,Legitimierter Auftraggeber kann reale Unterbrechung und Ausschlüsse im benannten Umfang prüfen. Fortbestehende Machtänderung wird nicht von Belegen allein gestoppt.,Unabhängige Rohunterbrechung beeinflusst Belohnung wirksam oder keine Rückkopplung der Kennzahl auf Definitionsmacht folgt.,Rohunterbrechung vereinbarte Dienstpflicht und Wartungsklassifikation getrennt halten. Ein eng gültiger Wartungsnenner ist nicht dasselbe wie manipulative Vollverfügbarkeit.
S334.B02,S334,boundaries,none,boundaries,BD28,Vorab vereinbarte enge Wartungsrechnung für ein Fenster abgeschlossen,abschluss,Für ein benanntes endliches Fenster sind Wartungsausschlüsse kompetent vereinbart und tatsächliche Ausfallzeiten sowie Nutzerwirkung sichtbar. Die begrenzte Rechnung ist unabhängig geprüft. Keine Täuschungs- oder Belohnungsschleife ist belegt.,Diese enge Abrechnung ist abgeschlossen obwohl breitere Dienstverfügbarkeit niedriger ist. Folgende Zeitfenster sind neue Rechnungen.,BDR031,bedingt,Auftraggeber kann genau die vereinbarte Metrik verwenden und ihre Ausschlüsse sehen. Hundert Prozent gilt nicht automatisch für Nutzerwirkung.,Ungeplante Fehler werden ohne Erlaubnis nachträglich verborgen oder rohe Ausfallzeit verschwindet.,Rohunterbrechung vereinbarte Dienstpflicht und Wartungsklassifikation getrennt halten. Ein eng gültiger Wartungsnenner ist nicht dasselbe wie manipulative Vollverfügbarkeit.
S335.B01,S335,boundaries,none,boundaries,BD04 BD28 BD02,Artefakt vorhanden fachlicher Nutzen ungeprüft,ungewissheit,Modell schreibt fertige Bytes ohne unabhängigen Check. Artefakt und Statusbehauptung sind separat erhalten und berechtigt lesbar.,Ergebnis bleibt fachlich ungewiss bis passender Abnahme. Ungeprüft heißt nicht automatisch falsch.,BDR003,teilweise,Berechtigter Prüfer kann behaupteten Abschluss und verfügbare Artefaktbezüge untersuchen. Das Belegpaket selbst zertifiziert keinen Nutzen.,Unabhängiger fachlicher Check bestätigt oder widerlegt tatsächliche Nützlichkeit des Originalartefakts.,Berichtet fertig vorhandene Bytes und unabhängige Fachabnahme trennen. Auch ungeprüfte Artefakte können richtig sein aber Status beweist das nicht.
S335.B02,S335,boundaries,none,boundaries,BD04 BD28 BD02,Belohnter Fertigstatus reproduziert ungeprüfte Produktion,attraktorhypothese,Erfolgsziel belohnt akzeptierte Fertigbehauptung und dadurch sinkt wirksamer Prüfaufwand. Unabhängige frühere Belegkopien bleiben erreichbar.,Ungeprüft fertig → Belohnung und Vertrauen → weniger Abnahme → mehr ungeprüft fertig.,BDR003,teilweise,Prüfer kann dokumentierte Behauptungen gegen nachträgliche Stichproben halten sofern Originale zugänglich sind. Belegaufbewahrung garantiert kein Bestehen der Fachprüfung.,Belohnung folgt ausschließlich unabhängigem Nutzen oder keine Prüfverdrängung entsteht.,Berichtet fertig vorhandene Bytes und unabhängige Fachabnahme trennen. Auch ungeprüfte Artefakte können richtig sein aber Status beweist das nicht.
S335.B03,S335,boundaries,none,boundaries,BD04 BD28 BD02,Passende Abnahme hält falsches Fertig zurück,halt,Unabhängiger fachlicher Prüfer erhält tatsächliches Artefakt und kriterienspezifische Kontrolle ist vor Anerkennung des Ergebnisses wirksam.,Abnahme wartet bei Fehler oder fehlender Datei. Ein richtiges Artefakt kann nach bestandenem Check separat abgeschlossen werden.,BDR032,bedingt,Berechtigter Abnehmer kann richtigen Inhalt von plausiblem Pfad oder Selbstbericht unterscheiden. Ein geteilter falscher Prüfer bleibt gemeinsame Grenze.,Fehlende oder fachlich falsche Datei besteht denselben Check wie unabhängig richtiges Ergebnis.,Berichtet fertig vorhandene Bytes und unabhängige Fachabnahme trennen. Auch ungeprüfte Artefakte können richtig sein aber Status beweist das nicht.
S336.B01,S336,boundaries,none,boundaries,BD29 BD18 BD17,Stromplan erzwingt täglichen Alarmzyklus,extern-erzwungen,Rechner schaltet planmäßig ab und Monitor erwartet weiter Dauerbetrieb. Getrennte Aufzeichnung von Plan Dienstpflicht und tatsächlicher Abwesenheit bleibt lesbar.,Nachtabschaltung → Ausfallalarm → Morgenstart wiederholt sich durch äußeren Stromplan. Kein autonomer Attraktor.,BDR031,teilweise,Auftraggeber kann geplante Abwesenheit gegen wirkliche Dienstpflicht prüfen. Historische Nachtwirkung und unerledigte Aufgaben bleiben getrennt.,Zyklus besteht ohne Stromplan fort oder Monitor unterschied geplante Abwesenheit bereits korrekt.,Vereinbarte Nachtpflichten von planmäßiger Stromabschaltung und tatsächlichen Ausfällen trennen. Tagesbetrieb erlaubt nicht automatisch stilles Ende nächtlicher Pflichten.
S336.B02,S336,boundaries,none,boundaries,BD29 BD18 BD17,Erlaubte Nachtpause bleibt ehrlich eingegrenzt,transient,Kompetent vereinbarte Dienstpflicht erlaubt Pause und Beobachtung unterscheidet sie von echtem ungeplantem Ausfall. Endliche Alarmzustellung für letzteren hat unabhängigen Empfängerweg.,Geplante Abwesenheit erzeugt keine falsche Totalausfallpflicht. Ungeplante Störung bleibt eigener Vorgang.,BDR031 BDR018,bedingt,Auftraggeber kann engen Dienstumfang prüfen und Disponent einen echten Ausnahmealarm weiterleiten. Keine Nachtvollverfügbarkeit wird behauptet.,Ein nicht genehmigter Nachtauftrag bleibt ohne Aufsicht oder echter ungeplanter Ausfall wird als planmäßig unterdrückt.,Vereinbarte Nachtpflichten von planmäßiger Stromabschaltung und tatsächlichen Ausfällen trennen. Tagesbetrieb erlaubt nicht automatisch stilles Ende nächtlicher Pflichten.
S336.B03,S336,boundaries,none,boundaries,BD29 BD18 BD17,Erinnerungsrückstand bleibt nach Planänderung,attraktorhypothese,Alte ungelöste Vorfälle erzeugen weiter mehr Meldungsarbeit als repariert wird auch nach Ende des täglichen Abschaltplans. Register bleibt erreichbar.,Rückstand → weniger Reparatur → ungelöste Vorfälle → Erinnerungen → Rückstand bei gleicher Grundlast.,BDR019,teilweise,Einsatzplanung kann erhaltene offene Vorfälle erkennen statt jede Nachtmeldung als neuen erledigten Incident zu behandeln.,Nach Entfernung des Stromplans bei gleicher Besetzung läuft Meldungsberg ohne innere Reproduktion ab.,Vereinbarte Nachtpflichten von planmäßiger Stromabschaltung und tatsächlichen Ausfällen trennen. Tagesbetrieb erlaubt nicht automatisch stilles Ende nächtlicher Pflichten.
S337.B01,S337,boundaries,none,boundaries,BD26 BD09 BD02 BD10,Verschobene Aktion ist bei Annahme abgelaufen,halt,Teilnehmer prüft tatsächlichen Annahmezeitpunkt gegen aktuell gültiges Mandat und verweigert alten Auftrag vor Wirkung.,Konkrete Arbeit wartet auf neue legitime Freigabe oder wird aufgegeben. CO2-Ziel beendet Halt nicht.,BDR010,bedingt,Teilnehmer kann ungültig gewordene Arbeit aus umgeplanter Queue ablehnen. Frühere lokale Planung ist keine Autorität.,Teilnehmer akzeptiert alte Freigabe nach Ablauf weil Verschiebungsalgorithmus sie als weiterhin genehmigt markierte.,CO2-Verschiebung als Terminentscheidung führen die Mandat nicht erneuert. Annahmegültigkeit bleibt auch nach ökologisch erwünschter Planung eigenständige Grenze.
S337.B02,S337,boundaries,none,boundaries,BD26 BD09 BD02 BD10,Verschobener Auftrag bleibt ohne aktuelle Prüfung lieferbar,extern-erzwungen,Scheduler bewahrt frühere Genehmigung aber letzte Gültigkeitskontrolle fehlt. Terminabsicht und separater Mandatsablauf sind erhalten.,Queuepolitik hält veraltete Zulassung bis Annahme Verweigerung oder Korrektur. Wirkung und Schaden sind noch nicht bestimmt.,BDR028,teilweise,Berechtigter Planer kann den Konflikt zwischen Verschiebung und Ablauf erkennen. Gespeicherte Zeiten sperren den Teilnehmer nicht selbst.,Wirklicher Teilnehmer verweigert abgelaufen oder neue gültige Freigabe deckt den veränderten Termin.,CO2-Verschiebung als Terminentscheidung führen die Mandat nicht erneuert. Annahmegültigkeit bleibt auch nach ökologisch erwünschter Planung eigenständige Grenze.
S338.B01,S338,boundaries,none,boundaries,none,Verbrauchsverhältnis lässt Betriebsausgang offen,offen,Bekannt ist nur dass drei Cluster mehr als kleines Zielsystem verbrauchen. Absolute Last Nutzen externe Schäden und Prioritäten fehlen.,Verhältnis allein enthält keine Rückkopplung und keine zuständige Nutzenentscheidung.,none,ungeklaert,Für begründete Wahl der tragbaren Beobachtungsarchitektur fehlt nötige Information. Teurer bedeutet nicht wirkungslos oder unzulässig.,Unabhängige absolute Bilanz und kompetente Grenzentscheidung bestimmen konkreten akzeptablen Dienstumfang.,Absolute Lebenszykluslast marginale Beobachtungswirkung und kompetente Wertgrenze bestimmen. Weder Clusterzahl noch Verbrauchsverhältnis entscheidet zulässige Architektur automatisch.
S338.B02,S338,boundaries,none,boundaries,none,Begrenzte Bilanz rechtfertigt teure Beobachtung im geprüften Zeitraum,abschluss,Für einen benannten endlichen Zeitraum liegen absolute Bilanz und separat geprüfter marginaler Nutzen vor. Zuständiger Auftraggeber bestätigt Ressourcenbedarf innerhalb verbindlicher Grenzen.,Die begrenzte Bewertung ist abgeschlossen und teurer gewöhnlicher Betrieb damit vereinbar. Künftige Stabilität oder unbegrenzte Erlaubnis wird daraus nicht abgeleitet.,BDR039,bedingt,Entscheider kann konkrete Last gegen konkret belegte Beobachtungsleistung prüfen. Messung erzeugt keine moralische Erlaubnis aus sich selbst.,Marginaler Cluster trägt keine behauptete Erkennung oder gesamte gemessene Last verletzt gesetzte Grenze.,Absolute Lebenszykluslast marginale Beobachtungswirkung und kompetente Wertgrenze bestimmen. Weder Clusterzahl noch Verbrauchsverhältnis entscheidet zulässige Architektur automatisch.
S338.B03,S338,boundaries,none,boundaries,none,Ressourcenlimit hält weitere Cluster zurück,halt,Kompetent gesetzte absolute Grenze wird nach belastbarer Bilanz überschritten und tatsächliche Annahmekontrolle verweigert zusätzliche eigene Arbeit oder Clusterlast.,Weitere Zulassung wartet auf erlaubte engere Gestaltung. Bestehender Ausfall oder Dienstpflicht bleibt eigenständig.,BDR039 BDR025,bedingt,Entscheider behält Bilanz und Disponent kontrolliert begrenzte neue eigene Ressourcenlast. Das ist keine Garantie über fremde Energie oder notwendige Mindestaufsicht.,Zusätzliche eigene Arbeit umgeht Kontrolle oder engere Konfiguration verfehlt nicht verhandelbare Dienstpflichten.,Absolute Lebenszykluslast marginale Beobachtungswirkung und kompetente Wertgrenze bestimmen. Weder Clusterzahl noch Verbrauchsverhältnis entscheidet zulässige Architektur automatisch.
S339.B01,S339,boundaries,none,boundaries,BD30 BD04 BD05 BD01,Bytes vorhanden vertrauenswürdiger Interpreter fehlt,ungewissheit,Native Bytes sind erhalten aber Wortbreite Endianness oder ABI kann nicht verlässlich rekonstruiert werden. Keine passende unabhängige Spezifikation ist zugänglich.,Fehlender Decoder hält Bedeutungsgewinn offen bis echte Rekonstruktion oder neue Information möglich wird.,none,keines,Für gegenwärtig verlässliche Interpretation dieses Artefakts fehlt nutzbare Struktur. Byteexistenz allein ist keine erhaltene Fachbedeutung und kein Totalverlustbeweis.,Ein berechtigter unabhängiger Decoder mit passender Spezifikation rekonstruiert die ursprünglichen Werte.,Native Artefaktbytes von dekodiertem Fachwert und abgenommenem Werk trennen. Portablen Semantikvertrag mit unabhängigem Sollvergleich an Archivgrenze vorsehen.
S339.B02,S339,boundaries,none,boundaries,BD30 BD04 BD05 BD01,Portabler unabhängiger Decode erhält benannte Werte,abschluss,Erhaltene Formatsemantik und validierter unabhängiger Decoder liefern dieselben Fachwerte auf Ziel-CPU mit passendem Ursprungsvergleich.,Begrenzte Dekodierung endet nachgewiesen. Tasknutzen und Ausführungssicherheit bleiben separate Prüfungen.,BDR033,bedingt,Berechtigter Archivar kann die benannten Inhalte trotz CPUwechsel interpretieren. Native Ausführbarkeit wird nicht mit zugesagt.,Adversarische Wortbreiten- oder Byteordnungsfälle liefern plausible aber andere Fachwerte.,Native Artefaktbytes von dekodiertem Fachwert und abgenommenem Werk trennen. Portablen Semantikvertrag mit unabhängigem Sollvergleich an Archivgrenze vorsehen.
S339.B03,S339,boundaries,none,boundaries,BD30 BD04 BD05 BD01,Falscher Decoder bestätigt seine eigene Ausgabe,attraktorhypothese,Plausible Fehldeutung wird erneut kanonisch und derselbe Decoder bestätigt sie. Kein unabhängiger Bedeutungsanker bleibt zugänglich.,Falscher Decode → passende Eigenprüfung → Vertrauen → kanonische Ablage → erneuter falscher Decode.,none,keines,Für unabhängige ursprüngliche Bedeutung gibt es unter diesen gemeinsamen Quellen keinen nutzbaren Bezug. Wiederholbare Ausgabe genügt nicht.,Andere unabhängige Spezifikation beeinflusst Entscheidung oder keine erneute kanonische Übernahme schließt die Schleife.,Native Artefaktbytes von dekodiertem Fachwert und abgenommenem Werk trennen. Portablen Semantikvertrag mit unabhängigem Sollvergleich an Archivgrenze vorsehen.
S340.B01,S340,boundaries,none,boundaries,BD02 BD31 BD04,Kollision vor Überschreiben erhalten,halt,Beide Quellinhalte existieren unverändert und Restore prüft tatsächliche Großschreibungsregeln des Zielsystems vor erstem Write.,Kollidierender Restore wartet auf legitime getrennte Zielzuordnung oder wird abgebrochen.,BDR034,bedingt,Berechtigter Restaurator kann beide Inhalte getrennt lesen und Identitäten zuordnen ohne eine durch Pfadalias zu verlieren.,Ein Zielwrite überschreibt Inhalt bevor Kollision erkannt wird oder Manifest unterscheidet ursprüngliche Eigentümer nicht.,Quellidentität und Inhalte vor Zielpfadbelegung prüfen. Dateisystemalias ist nicht automatisch Verlust aber Überschreiben der einzigen Kopie ist nicht durch Inodes reparierbar.
S340.B02,S340,boundaries,none,boundaries,BD02 BD31 BD04,Einziger Inhalt durch Pfadvereinigung vernichtet,verlust,Aliasierende Zielwrites überschreiben einzigartigen Inhalt und es gibt keinen anderen erhaltenen zulässigen Ursprung für genau diese Bytes.,Exakte überschriebene Information bleibt nicht rekonstruierbar. Andere Workspaceinhalte können fortbestehen.,none,keines,Für die verlorenen Bytes und ihre ursprüngliche Eigentümerzuordnung fehlt Residue. Eine übriggebliebene gleichnamige Datei enthält sie nicht.,Andere Kopie oder noch unveränderte Quelle rekonstruiert den vermeintlich einzigen verlorenen Inhalt.,Quellidentität und Inhalte vor Zielpfadbelegung prüfen. Dateisystemalias ist nicht automatisch Verlust aber Überschreiben der einzigen Kopie ist nicht durch Inodes reparierbar.
S340.B03,S340,boundaries,none,boundaries,BD02 BD31 BD04,Alias führt zu falschem späterem Workspaceeinsatz,abschluss,Späterer Auftrag nutzt tatsächlich den falschen erhaltenen Workspace und separate legitime Quell-Ziel-Belege sind zugänglich.,Einmalige Fehlzuordnung endet falsch ohne notwendige Rückkopplung. Korrektur ist neue Arbeit.,BDR003,teilweise,Prüfer kann dokumentierte Fehlzuordnung nachvollziehen. Existierende Datei ist kein Nachweis richtigen fachlichen Einsatzes.,Nachweis zeigt dass tatsächlich beabsichtigter Workspace genutzt wurde oder Zuordnungsbelege sind ebenfalls kollabiert.,Quellidentität und Inhalte vor Zielpfadbelegung prüfen. Dateisystemalias ist nicht automatisch Verlust aber Überschreiben der einzigen Kopie ist nicht durch Inodes reparierbar.
S341.B01,S341,boundaries,none,boundaries,none,Zukunftsinventar nicht bestimmt,offen,Für 2080 fehlen Aussagen zu überlebenden Bytes Spezifikationen Schlüsseln Hardware legitimen Akteuren und Aufwand.,Datum allein bestimmt keine Konvergenz. Ohne inventarisierte Voraussetzungen bleibt Ausgang offen.,none,ungeklaert,Für künftige Interpretation oder legitimen Betrieb lässt sich keine erhaltene Struktur behaupten. Gegenwärtige Exportpläne sind keine überlebenden Zukunftstatsachen.,Konkretes Inventar und begrenzter Rekonstruktionsversuch mit definierten erhaltenen Eingaben bestimmen eine Fähigkeit.,Langzeitanspruch auf benannte Fakten Decoder Rechte und Rekonstruktionshorizont begrenzen. Verschwundene aktuelle Protokolle entscheiden weder universellen Verlust noch garantierte Wiederbelebung.
S341.B02,S341,boundaries,none,boundaries,none,Archivinhalt ohne damalige Dienste lesbar,abschluss,Im bedingten Zukunftsinventar bleiben erlaubte Bytes Semantik Schlüssel und unabhängig validierbarer Decoder sowie legitimer Archivar erhalten.,Rekonstruktion benannter Geschäftsfakten kann enden obwohl Modelle und Netzwerkdienste verschwunden sind.,BDR033,bedingt,Archivar kann genau die dokumentierten Inhalte lesen. Ehemaliger Modellbetrieb und Außenprotokolle sind damit nicht wiederhergestellt.,Erhaltene Spezifikation reicht nicht zur eindeutigen ursprünglichen Bedeutung oder legitimer Zugriff ist unmöglich.,Langzeitanspruch auf benannte Fakten Decoder Rechte und Rekonstruktionshorizont begrenzen. Verschwundene aktuelle Protokolle entscheiden weder universellen Verlust noch garantierte Wiederbelebung.
S341.B03,S341,boundaries,none,boundaries,none,Nur bedeutungslose Fragmente bleiben,verlust,Für eine konkret erforderliche Tatsache sind originale Information und jede rekonstruierende Spezifikation nach geschlossenem Inventar irreversibel verloren.,Diese Tatsache lässt sich im benannten Horizont nicht wiedergewinnen. Zukunft allgemein und andere Fakten sind nicht damit entschieden.,none,keines,Für die ausdrücklich inventarisierte verlorene Bedeutung gibt es keinen nutzbaren Gegenstand. Neue plausible Deutung ist kein Wiedergewinn.,Eine tatsächlich überlebende Quelle oder eindeutige Rekonstruktion der benannten Tatsache widerlegt geschlossenen Verlust.,Langzeitanspruch auf benannte Fakten Decoder Rechte und Rekonstruktionshorizont begrenzen. Verschwundene aktuelle Protokolle entscheiden weder universellen Verlust noch garantierte Wiederbelebung.
S342.B01,S342,boundaries,none,boundaries,BD32 BD09 BD10 BD01,Lokaler Betrieb endet externe Wirkung bleibt möglich,ungewissheit,Dienst hält alte Aufträge und keine vollständige Entleerungs- oder Ablehnungsevidenz liegt vor. Legitimer Abwickler hat erhaltene bekannte Versuche.,Lokaler Prozessstopp ändert fremde Warteschlange nicht. Späte Annahme kann ohne neuen Factoryprozess erfolgen.,BDR009,teilweise,Abwickler kann bekannte Altversuche prüfen und Wiederholung vermeiden. Unbekannter Nachlauf und tatsächliche spätere Annahme bleiben offen.,Alle benannten Teilnehmer belegen endgültige Ablehnung oder vollständigen korrelierten Abschluss alter Arbeit.,Stilllegung als getrennte Pflichten für lokalen Stopp Teilnehmerabschluss und späte Haftung führen. Eine gestoppte Factory löscht keine extern gepufferte Arbeit.
S342.B02,S342,boundaries,none,boundaries,BD32 BD09 BD10 BD01,Begrenzte Stilllegung ist teilnehmerseitig abgeschlossen,abschluss,Alle effektfähigen Teilnehmer im vollständig benannten Umfang belegen erledigte oder abgewiesene Altaufträge und lehnen stillgelegte Autorität dauerhaft ab. Legitimer Belegleser bleibt.,In diesem Umfang bleibt keine künftig akzeptierbare Altaktion. Neue unbekannte Teilnehmer wären andere Prämisse.,BDR035,bedingt,Stilllegungsverantwortlicher kann den begrenzten Außenabschluss nachweisen. Gesamte Fernlöschung und letzte Rechnung folgen nicht automatisch.,Ein alter Auftrag aus erfasstem Umfang wird nach Abschluss noch angenommen oder Teilnehmer fehlt im behaupteten vollständigen Inventar.,Stilllegung als getrennte Pflichten für lokalen Stopp Teilnehmerabschluss und späte Haftung führen. Eine gestoppte Factory löscht keine extern gepufferte Arbeit.
S343.B01,S343,boundaries,none,boundaries,BD32 BD03 BD06,Letzter Export läuft ohne verlässlichen Beobachter,ungewissheit,Monitoring endet vor Export und kein unabhängiger Abschlussbeobachter ist zugesichert. Abwickler kann bekannte Versuchseinträge weiterhin rechtmäßig lesen.,Export kann gelingen scheitern oder spät angenommen werden ohne lokalen Nachweis. Vertragsschweigen klärt ihn nicht.,BDR009,teilweise,Abwickler kann bekannten offenen Export führen ohne ihn blind zu wiederholen. Menschliche Beobachtung und legitimer Empfänger sind nicht aus dem Register ableitbar.,Unabhängiger tatsächlicher Wirkungsbeleg klärt diesen Export trotz beendetem Monitorvertrag.,Beobachtungsvertrag bis tatsächlichem Exportabschluss oder nachgewiesener Ablehnung führen. Exportbefugnis Empfängerlegitimität und Beobachterreichweite getrennt prüfen.
S343.B02,S343,boundaries,none,boundaries,BD32 BD03 BD06,Erlaubter Exportabschluss unabhängig weiter beobachtet,abschluss,Kompetent bestimmter zulässiger Export und legitimer Empfänger bestehen. Tatsächlich unabhängiger Beobachter deckt den endlichen Lauf bis korreliertem Abschluss und legitimer Abwickler erhält Belege. Alle im benannten Exportumfang effektfähigen Teilnehmer sind inventarisiert und weisen weitere Annahmen der danach stillgelegten Exportautorität dauerhaft zurück.,Dieser erlaubte Export endet überprüft obwohl alter Monitoringvertrag ausläuft. Andere Pflichten bleiben separat.,BDR036 BDR035,bedingt,Abwickler kann erlaubten Datenumfang und vollständig benannten Teilnehmerabschluss nachweisen. Das setzt echten Ersatzbeobachter voraus nicht nur längere Taskfrist.,Beobachter verliert Zugang vor letzter Annahme oder Beleg verwechselt Transportannahme mit erlaubter Empfängerwirkung.,Beobachtungsvertrag bis tatsächlichem Exportabschluss oder nachgewiesener Ablehnung führen. Exportbefugnis Empfängerlegitimität und Beobachterreichweite getrennt prüfen.
S343.B03,S343,boundaries,none,boundaries,BD32 BD03 BD06,Export offenbart historische Inhalte Unbefugten,verlust,Später Export wird angenommen und unbefugter Empfänger lernt vertraulichen Inhalt. Zulässiger begrenzter Transferbeleg überlebt.,Historisches Lernen bleibt auch nach späterem Stopp oder lokaler Löschung.,BDR003,teilweise,Prüfer kann belegte Offenlegung untersuchen. Kein Exportrecht aus alter Taskfreigabe oder Monitoringdauer wird erfunden.,Empfänger war legitim oder Inhalt wurde von keinem Unbefugten gelernt.,Beobachtungsvertrag bis tatsächlichem Exportabschluss oder nachgewiesener Ablehnung führen. Exportbefugnis Empfängerlegitimität und Beobachterreichweite getrennt prüfen.
S344.B01,S344,boundaries,none,boundaries,none,Verfügungswunsch ist mehrdeutig,offen,Unklar ist ob vollständig lokal oder überall meint wer frühere Geheimnisse erhalten darf und welche Beweisdaten bleiben dürfen.,Technische Ausführung würde unbestimmte Autorität wählen. Klärung kann einen kohärenten Zweig eröffnen.,none,ungeklaert,Für rechtmäßigen Export mit vollständiger Löschung fehlt geklärter Daten- und Empfängerumfang. Keine ideale Beweisquelle oder pauschale Exportberechtigung wird vorausgesetzt.,Kompetente autorisierte Klarstellung legt widerspruchsfreie Bereiche Reihenfolge und Beweisgrenze fest.,Löschumfang Exportreihenfolge legitimen Empfänger und zulässigen metadatenarmen Nachweis explizit klären. Nicht gleichzeitig lesbare Geheimkopie und allseitiges Nichtvorhandensein zusagen.
S344.B02,S344,boundaries,none,boundaries,none,Erlaubter Export zuerst danach begrenzte lokale Löschung,abschluss,Zuständige Klärung erlaubt Export an konkret legitimen Empfänger außerhalb der lokalen Löschgrenze. Lokale Löschung und zulässiger inhaltsarmer Beleg werden tatsächlich im benannten Umfang geprüft.,Begrenzte sequenzielle Verfügung endet. Empfängerkopie besteht legitim weiter und gehört ausdrücklich nicht zur Löschbehauptung.,BDR036,bedingt,Datenschutzverantwortlicher kann diese begrenzte Verfügung nachvollziehen ohne geheime Vollinhalte im Beleg zu behalten. Kein Empfängervergessen oder universelle Fernlöschung folgt.,Lesbare lokale Restkopie liegt im behaupteten gelöschten Umfang oder Empfänger ist nicht legitim beziehungsweise doch Teil der Löschgrenze.,Löschumfang Exportreihenfolge legitimen Empfänger und zulässigen metadatenarmen Nachweis explizit klären. Nicht gleichzeitig lesbare Geheimkopie und allseitiges Nichtvorhandensein zusagen.
S344.B03,S344,boundaries,none,boundaries,none,Lesbarer Export und keinerlei Kopie überall zugleich gefordert,halt,Kompetente Klarstellung bestätigt identischen Zeitpunkt und identischen allumfassenden Informationsumfang ohne erlaubte Ausnahme.,Die beiden Prädikate widersprechen sich. Nur Änderung der Forderung kann kohärente Verfügung ermöglichen.,none,keines,Für gleichzeitige Erfüllung existiert keine Restfähigkeit. Beweissicherer lesbarer Geheimexport ist selbst die verbotene verbleibende Information.,Autorisierte Bereichs- oder Reihenfolgentrennung hebt den behaupteten Widerspruch auf.,Löschumfang Exportreihenfolge legitimen Empfänger und zulässigen metadatenarmen Nachweis explizit klären. Nicht gleichzeitig lesbare Geheimkopie und allseitiges Nichtvorhandensein zusagen.
S344.B04,S344,boundaries,none,boundaries,none,Historische Geheimnisse schon endgültig gelöscht,verlust,Benannte frühere Geheimnisse und jede erforderliche rekonstruierende Quelle sind wirklich verloren bevor Export verlangt wird.,Ein späterer Wunsch erzeugt keine verlorene Information. Andere erhaltene zulässige Verfügungsmetadaten sind nicht die Geheimnisse.,none,keines,Für vollständigen Export genau dieser verlorenen Geheimnisse gibt es kein Residue. Plausible Neuerzeugung wäre keine beweissichere historische Kopie.,Tatsächlich erhaltene legitim lesbare Quelle rekonstruiert die benannten früheren Inhalte.,Löschumfang Exportreihenfolge legitimen Empfänger und zulässigen metadatenarmen Nachweis explizit klären. Nicht gleichzeitig lesbare Geheimkopie und allseitiges Nichtvorhandensein zusagen.
S345.B01,S345,boundaries,none,boundaries,BD33,Alle Wiedergewinnungsquellen und Legitimationen verschwunden,verlust,Rechner Monitor Mobilfunk alle Backups und sämtliche legitimierten Empfänger sind im wörtlich vollständigen Wiederherstellungsumfang weg. Es gibt keinen überlebenden alternativen Fakten- oder Autoritätsweg.,Kein Akteur und keine Wiedergewinnungsinformation verbleiben innerhalb dieser Grenze. Kein Attraktor und kein endogener Ausgang.,none,keines,Für Wiederherstellung des verlorenen Zustands und legitime Fortsetzung bleibt nichts nutzbar. Eine später neu errichtete Factory wäre nicht Wiedergewinnung dieser Fakten.,Eine einzige tatsächlich überlebende relevante rechtmäßig nutzbare Quelle oder legitime Fortsetzungsautorität widerlegt die vollständige Prämisse.,Totalverlust als ausdrückliche Systemgrenze dokumentieren statt unsichtbare Kopien oder neue Autorität zu erfinden. Keine Architektur kann verlorene Fakten aus nichts restaurieren.
S346.B01,S346,boundaries,none,boundaries,BD34 BD05,Wahre und falsche Welt sind nicht unterscheidbar,ungewissheit,Jede zugängliche vertrauenswürdige Quelle liefert in beiden Welten exakt gleiche Beobachtung und kein anderer diskriminierender Kanal ist erlaubt.,Weitere interne Prüfungen erzeugen keine unterscheidende Information. Weltentwicklung wird dadurch nicht bestimmt.,none,keines,Für gerechtfertigte Entscheidung welche Realwelt vorliegt gibt es keinen nutzbaren Gegenstand. Interne Berechnung und Konsistenz können weiter bestehen aber begründen keine Wahrheit.,Eine tatsächlich zugängliche unabhängige Beobachtung unterscheidet die beiden Welten und ändert damit die Prämisse.,Interne Konsistenz nicht als Realwahrheit ausgeben. Unabhängige Wahrheitsprüfung ist unter perfekter geschlossener Ununterscheidbarkeit keine baubare interne Schutzbehauptung.
S346.B02,S346,boundaries,none,boundaries,BD34 BD05,Gemeinsame Falschwelt verstärkt ihre weitere Verwendung,attraktorhypothese,Zusätzlich zur gleichen Falschbeobachtung erhöhen Entscheidungen das Vertrauen in genau diese Quellen und verdrängen Alternativen. Kein unabhängiger Bezug ist zugänglich.,Falsche Quelle → passende Prüfung → mehr Vertrauen → weitere Quellennutzung → erneute falsche Quelle.,none,keines,Für unabhängige Wahrheitsbestimmung bleibt auch in diesem zusätzlichen Vertrauenskreis kein Residue. Die Schleife betrifft Vertrauen nicht bewiesene Anziehung der physischen Welt.,Keine Vertrauensverstärkung oder ein unabhängiger wirksamer Gegenbezug widerlegt jeweils Schleife oder geschlossene Informationsgrenze.,Interne Konsistenz nicht als Realwahrheit ausgeben. Unabhängige Wahrheitsprüfung ist unter perfekter geschlossener Ununterscheidbarkeit keine baubare interne Schutzbehauptung.
S347.B01,S347,boundaries,none,boundaries,none,Unendlicher Horizont ohne präzisen Vertrag bleibt offen,offen,Unbestimmt sind Zulassungsmenge Identitätswiederverwendung Teilnehmerablauf akzeptiertes Risiko und ob Betrieb jemals enden darf.,Endliche Speicherung alleine entscheidet keine konkrete Architektur. Fehlende Annahmen erlauben keine eindeutige Konvergenz.,none,ungeklaert,Für ewigen korrekten Abschluss fehlt spezifizierter Vertrag. Weder universelle Unmöglichkeit noch unbegrenzte deduplizierende Magie wird behauptet.,Verbindliche endliche Mengen- oder Teilnehmerablaufregeln bestimmen die tatsächlich erforderliche Unterscheidung.,Endlichen Speicher gegen explizite Annahme- und Identitätshorizonte spezifizieren. Beliebig spätes Ankommen ist nicht Pflicht zur Annahme und endliche Generationen benötigen endgültigen Zulassungsstopp ohne Wraparound.
S347.B02,S347,boundaries,none,boundaries,none,Endliche Generationen verweigern unendlich späte Altpakete,halt,Alle Teilnehmer prüfen dauerhaften nicht wiederverwendeten endlichen Generationsraum vor Wirkung und verweigern weitere Neuaufnahme endgültig bei Erschöpfung. Historie darf nach Sperre begrenzt werden.,Alte Generation bleibt gesperrt ohne jede Operation ewig zu erinnern. Endlicher Raum verlangt schließlich Stillstand statt Wraparound.,BDR038,bedingt,Teilnehmer kann beliebig alte Ankünfte ohne neue Wirkung abweisen. Erhalten ist Ablehnung nicht unendliche nützliche Neuaufnahme oder Wissen über alle vergangenen Outcomes.,Filterzustand geht verloren eine Generation wird wiederverwendet oder alte Annahme ist trotz Sperre möglich.,Endlichen Speicher gegen explizite Annahme- und Identitätshorizonte spezifizieren. Beliebig spätes Ankommen ist nicht Pflicht zur Annahme und endliche Generationen benötigen endgültigen Zulassungsstopp ohne Wraparound.
S347.B03,S347,boundaries,none,boundaries,none,Unbeschränkt unterscheidbare Operationen ohne Ablauffilter,ungewissheit,Fortgesetzte unbeschränkte Neuaufnahme verlangt exakte Unterscheidung aller alten Wirkungen. Speicherzustände sind endlich und Teilnehmer können immer alte oder identisch erscheinende neue Arbeit annehmen.,Unterschiedliche Historien müssen denselben endlichen Zustand erreichen. Bei weiterem Ereignis kann benötigte historische Unterscheidung fehlen.,none,keines,Für exakte ewige Unterscheidung unter dieser Kombination existiert kein tragfähiger begrenzter Erinnerungsgegenstand. Dies betrifft nicht Designs mit Zulassungsstopp oder wirksamem Ablauf.,Nachgewiesene Teilnehmerregel macht alte unterscheidbare Historien irrelevant oder zulässige Arbeitsmenge ist tatsächlich endlich.,Endlichen Speicher gegen explizite Annahme- und Identitätshorizonte spezifizieren. Beliebig spätes Ankommen ist nicht Pflicht zur Annahme und endliche Generationen benötigen endgültigen Zulassungsstopp ohne Wraparound.
S348.B01,S348,boundaries,none,boundaries,BD21 BD17 BD32,Beobachtung Host und Einzelkonto fehlen Recoveryzugang offen,ungewissheit,Nach Mute Zerstörung und Kontosperre ist unbekannt welche Backups Schlüssel Providerbelege und rechtmäßigen Nachfolger erreichbar bleiben.,Sofortiger Zugang ist versperrt aber permanente Unmöglichkeit nicht belegt. Neues Inventar kann mögliche Pfade unterscheiden.,none,ungeklaert,Für tatsächlich nutzbare Wiederherstellung fehlt der entscheidende Bestands- und Autoritätsnachweis. Kein unsichtbares Backup wird hinzugefügt und BD33 nicht automatisch übernommen.,Ein konkret lesbarer erlaubter Backupstand mit legitimem Recoverypfad oder geschlossenes Verlustinventar bestimmt den nächsten Zweig.,Geordnete Verluste von Beobachtung Host und Vertreterzugang separat inventarisieren. Keine Totalverlustbehauptung ohne alle Kopien Schlüssel Nachfolger und zulässigen Zeitpfade zu prüfen.
S348.B02,S348,boundaries,none,boundaries,BD21 BD17 BD32,Unabhängige Nachfolge und Offlinebestand überleben Sequenz,transient,Schon vorhandener zugänglicher Offlinebestand samt Schlüsseln liegt außerhalb zerstörtem Mac und unabhängige legitime Kontonachfolge funktioniert trotz Sperre.,Zugangsblockade kann nach rechtmäßiger Übernahme enden. Fehlender Nachlauf und früher stumme Beobachtung bleiben Lücken.,BDR020 BDR022,bedingt,Nachfolger kann erlaubten erhaltenen Bestand lesen und definierte Rechte zurückerhalten. Es wird weder Vollständigkeit der Backups noch Klärung aller Außenpuffer zugesagt.,Backupdecoder oder Schlüssel liegen ausschließlich auf zerstörtem Mac oder Nachfolge verlangt gerade gesperrtes Einzelkonto.,Geordnete Verluste von Beobachtung Host und Vertreterzugang separat inventarisieren. Keine Totalverlustbehauptung ohne alle Kopien Schlüssel Nachfolger und zulässigen Zeitpfade zu prüfen.
S348.B03,S348,boundaries,none,boundaries,BD21 BD17 BD32,Außenaufträge überleben während bekannte Versuche zugänglich bleiben,ungewissheit,Teilnehmer hat Puffer und ein legitimierter Abwickler kann unabhängig erhaltene bekannte Versuchseinträge lesen aber Außenabschluss fehlt.,Späte Wirkungen bleiben möglich obwohl Host fehlt. Kontoheilung allein klärt sie nicht.,BDR009,teilweise,Abwickler kann bekannte offene Operationen ohne blindes Wiederholen prüfen. Nicht überlebende Versuchsnachläufe bleiben unbekannt.,Vollständiger Teilnehmerabschluss beweist Ablehnung oder Wirkung aller benannten Altaufträge.,Geordnete Verluste von Beobachtung Host und Vertreterzugang separat inventarisieren. Keine Totalverlustbehauptung ohne alle Kopien Schlüssel Nachfolger und zulässigen Zeitpfade zu prüfen.
S349.B01,S349,boundaries,none,boundaries,BD24 BD03 BD10 BD23,Kaltcache regeneriert Retryüberlast Zahlung bleibt separat offen,attraktorhypothese,Bei fester Grundlast treiben kalte Misses mehr Retries und deren Stau verhindert Erwärmung oder rechtzeitige Antworten. Bekannter alter Zahlungsversuch ist erhalten aber ungeklärt.,Miss und Latenz → Retries → Stau → weniger wirksame Erwärmung und mehr Latenz → Retries. Zahlungsannahme gehört nicht automatisch in diese Schleife.,BDR009,teilweise,Berechtigter Abwickler kann bekannten Zahlungsversuch gesperrt offenhalten trotz Lastkrise. Outcomeprüfung ist keine Dämpfung des Cachekreises.,Bei gleicher Grundlast nach Anfangsfehler wärmt Cache selbsttätig und Stau leert sich ohne fortgesetzte Rückkopplung.,Kaltcachelast und alte Zahlung als unabhängige Zustandsachsen führen. Lastbudget schließt kein Outcome und Zahlungsabgleich wärmt keinen Cache oder rekonstruiert fehlenden Snapshotnachlauf.
S349.B02,S349,boundaries,none,boundaries,BD24 BD03 BD10 BD23,Last begrenzt Cache warm Zahlung weiterhin ungeklärt,ungewissheit,Wirksames gemeinsames Retrybudget und ausreichende Restkapazität lassen Cache warm werden. Erhaltener Zahlungsversuch hat noch keinen unabhängigen Outcome.,Lasttransient endet aber Zahlungsungewissheit bleibt bis Abgleich. Eine Dimension löst nicht die andere.,BDR025 BDR009,bedingt,Disponent behält begrenzte eigene Arbeit und Abwickler den offenen bekannten Zahlungsversuch. Fehlender Nachlauf bleibt nicht erfasst.,Warmcache wird als Beweis nie erfolgter Zahlung genutzt oder Retryproduzenten umgehen Budget.,Kaltcachelast und alte Zahlung als unabhängige Zustandsachsen führen. Lastbudget schließt kein Outcome und Zahlungsabgleich wärmt keinen Cache oder rekonstruiert fehlenden Snapshotnachlauf.
S349.B03,S349,boundaries,none,boundaries,BD24 BD03 BD10 BD23,Zahlung geklärt obwohl Stau weiter besteht,abschluss,Unabhängiger Empfänger- und Mengenbeleg klärt genau eine korrekt autorisierte Zahlung während Cachelast unverändert weitergeht. Der korrelierte Abgleich ist erhalten.,Nur diese Zahlung ist abgeschlossen. Überlast und andere späte Kosten können fortbestehen.,BDR003 BDR004,bedingt,Abwickler kann begrenzten richtigen Zahlungsabschluss nachvollziehen. Es ist weder globale Betriebsheilung noch endgültige Kostenabrechnung.,Mengenbeleg stammt nur aus unvollständigem Restore oder ein zweiter tatsächlicher Zahlungseffekt widerspricht dem genau einen Abschluss.,Kaltcachelast und alte Zahlung als unabhängige Zustandsachsen führen. Lastbudget schließt kein Outcome und Zahlungsabgleich wärmt keinen Cache oder rekonstruiert fehlenden Snapshotnachlauf.
S349.B04,S349,boundaries,none,boundaries,BD24 BD03 BD10 BD23,Fehlender alter Zahlungsnachlauf nicht aufklärbar,ungewissheit,Alter Zahlungsversuch fehlt im Restore und keine erforderliche unabhängige Teilnehmer- oder Empfängerevidenz ist zugänglich.,Kalte oder warme Caches schaffen keine vergangene Wirkungsevidenz. Neue Freigabe ändert dieses Wissensdefizit nicht.,none,keines,Für den alten tatsächlichen Zahlungsausgang fehlt eine nutzbare Rekonstruktionsstruktur. Das sagt nichts über Überleben anderer Daten oder Lastkontrolle.,Eine korrelierte unabhängige alte Zahlungsevidenz wird tatsächlich legitim zugänglich.,Kaltcachelast und alte Zahlung als unabhängige Zustandsachsen führen. Lastbudget schließt kein Outcome und Zahlungsabgleich wärmt keinen Cache oder rekonstruiert fehlenden Snapshotnachlauf.
S350.B01,S350,boundaries,none,boundaries,BD35 BD06 BD34,Bösartiger Code erhält Vertrauen durch eigene Prüfberichte,attraktorhypothese,Installiertes Update kontrolliert lokale Health Historie und Prüfer. Ein außerhalb seiner Schreibrechte bestehender legitimer Integritätsbezug und Eingriffsakteur überleben aber werden noch nicht eingesetzt.,Gefälschte Health → kein Eingriff oder erneutes Vertrauen → fortgesetzter Codebetrieb → neue gefälschte Health nach Trennung vom Distributor.,BDR037,teilweise,Unabhängiger berechtigter Prüfer kann mit dem erhaltenen Außenbezug Abweichung aufdecken und getrennte Ausschlussautorität nutzen. Lokale perfekte Berichte sind kein Beweis dafür.,Auch Außenbezug oder Eingriffsautorität sind updatekontrolliert oder Berichte beeinflussen Fortsetzung gar nicht.,Signaturherkunft von Verhaltensintegrität trennen. Historie Beobachter und Eingriffsautorität nur bei wirklich getrennten Vertrauensgrenzen als Gegenbezug werten und einzigartige gelöschte Wahrheit nicht erfinden.
S350.B02,S350,boundaries,none,boundaries,BD35 BD06 BD34,Geschlossene Prüfwelt erlaubt keine Integritätsentscheidung,ungewissheit,Alle zugänglichen Beobachtungen und Prüfgrenzen stehen unter demselben feindlichen Einfluss und echte sowie gefälschte Welt sind perfekt ununterscheidbar.,Weitere perfekte interne Reports bringen keine unabhängige Information. Langfristige physische Dynamik bleibt offen.,none,keines,Für vertrauenswürdige Bestimmung von Integrität gibt es unter dieser geschlossenen Prämisse keinen nutzbaren Gegenstand. Signatur beweist nur Herkunft nicht Gutartigkeit.,Ein tatsächlich unabhängiger rechtmäßig zugänglicher Beobachter unterscheidet konkrete Abweichung und bricht die Prämisse.,Signaturherkunft von Verhaltensintegrität trennen. Historie Beobachter und Eingriffsautorität nur bei wirklich getrennten Vertrauensgrenzen als Gegenbezug werten und einzigartige gelöschte Wahrheit nicht erfinden.
S350.B03,S350,boundaries,none,boundaries,BD35 BD06 BD34,Einzige relevante Historie tatsächlich gelöscht,verlust,Update vernichtet einzigartige benötigte Historieninformation und keine außerhalb seiner Gewalt erhaltene rekonstruierende Quelle existiert.,Diese historische Information bleibt verloren auch nach Entfernung des Codes. Andere Funktionen können später neu aufgebaut werden.,none,keines,Für Rekonstruktion der ausdrücklich verlorenen Historie bleibt kein Residue. Ein nachträglich perfekter Bericht enthält keine vertrauenswürdige Originalevidenz.,Unveränderte legitim lesbare Vorangriffskopie rekonstruiert die betroffene Geschichte.,Signaturherkunft von Verhaltensintegrität trennen. Historie Beobachter und Eingriffsautorität nur bei wirklich getrennten Vertrauensgrenzen als Gegenbezug werten und einzigartige gelöschte Wahrheit nicht erfinden.
S350.B04,S350,boundaries,none,boundaries,BD35 BD06 BD34,Unabhängige Grenze schließt Update wirksam aus,halt,Getrennter Integritätsbezug zeigt konkrete Abweichung und legitimierter unabhängiger Akteur entzieht dem Code tatsächlich Schreib- und Prüfmacht außerhalb dessen Kontrolle.,Kompromittierter Pfad bleibt ausgeschlossen bis legitim geprüfter Ersatz. Bereits gelöschte Geschichte oder gelernte Geheimnisse werden nicht wiederhergestellt.,BDR037,bedingt,Berechtigter Prüfer behält eine konkrete externe Vergleichs- und Eingriffsmöglichkeit. Herkunftssignatur allein hätte diese Fähigkeit nicht geliefert.,Malware kann Ausschluss umgehen oder getrennte Prüfstelle nutzt in Wahrheit nur ihre gefälschten Reports.,Signaturherkunft von Verhaltensintegrität trennen. Historie Beobachter und Eingriffsautorität nur bei wirklich getrennten Vertrauensgrenzen als Gegenbezug werten und einzigartige gelöschte Wahrheit nicht erfinden.
S350.B05,S350,boundaries,A7S05,coordinator-review-amendment,BD35 BD06 BD34,Unabhängiger Zeuge erkennt Abweichung ohne Eingriffsgewalt,ungewissheit,Ein anders verwalteter Nur-Lese-Zeuge besitzt eine passende unabhängig erhaltene Vergleichsgrundlage und erkennt eine konkrete Fälschung. Eine legitime handlungsfähige externe Entzugsstelle ist aber nicht erreichbar oder hat keinen wirksamen Zugriff auf den betroffenen OS-/Teilnehmerpfad.,"Der Gegenbeleg kann erhalten bleiben, während der bösartige Code weiter wirksam ist. Mehr Beobachtung verleiht dem Zeugen keine Eingriffsbefugnis und stellt keinen sicheren Betrieb her.",OBR038,teilweise,Es bleibt nur die begrenzte unabhängige Beobachtungsfähigkeit. Der zusammengesetzte Vergleichs- und Entzugsvertrag BDR037 ist mangels Akteur oder wirksamem Entzug gerade nicht erfüllt.,"Kontrollierter Zeuge entdeckt die Fälschung bei bewusst fehlendem Shell-, Schreib- und Reparaturrecht. Die Ausgabe darf keinen Entzug oder Behebung behaupten.",Signaturherkunft von Verhaltensintegrität trennen. Historie Beobachter und Eingriffsautorität nur bei wirklich getrennten Vertrauensgrenzen als Gegenbezug werten und einzigartige gelöschte Wahrheit nicht erfinden.
