stressor_id,scenario,reviewer,branch_ids,residue_ids,dispositions,architectural_consequence
S001,Netzstrom fällt während Commit und Prompt-Übergabe aus,operations,S001.B01 S001.B02 S001.B03,OPR001 OPR002,bedingt keines,Commit-Schnittpunkte und Promptempfang getrennt journalisieren. Ein Wiederanlauf darf weder aus fehlendem Resultat Nichtzustellung noch aus FULL-WAL physische Unzerstörbarkeit folgern.
S002,Akku bläht sich auf und Gerät muss sofort außer Betrieb,operations,S002.B01 S002.B02 S002.B03,OPR001 OPR002,bedingt ungeklaert,Hardwareverfügbarkeit von Datenerhalt und Zustellfreigabe trennen; Factory kann keine sichere Batterienutzung oder Ersatzhardware garantieren.
S003,Thermal Throttling macht alle Deadline-Schätzungen falsch,operations,S003.B01 S003.B02 S003.B03,OPR001 OPR010,bedingt teilweise,Deadline-Schätzung von Aufnahmebudget und Retry-Erzeugung trennen; Überlastschutz ersetzt keine verfügbare Rechenkapazität.
S004,RAM-Fehler korrumpiert ein Ergebnis ohne Prozesscrash,operations,S004.B01 S004.B02,OPR001 OPR034,bedingt teilweise,Fachliche Resultatprüfung braucht einen unabhängigen Prüfbezug; Checksummen und Completion-Formprüfung erkennen keine beliebige RAM-verursachte Bedeutungsänderung.
S005,Einbruch entwendet den entsperrten einzigen Mac,operations,S005.B01 S005.B02 S005.B03,OPR008 OPR033,keines teilweise ungeklaert,Diebstahl als getrennten Verlust von Besitzerzugang und Autoritätsvertrauen behandeln; Widerruf und Export nur bei tatsächlich unabhängigen Zugangswegen einplanen.
S006,Brand vernichtet Gerät und daneben gelagerte Backupplatte,operations,S006.B01 S006.B02 S006.B03,OPR003 OPR008,bedingt keines teilweise,Sicherungskopien nach gemeinsamem Schadensbereich bewerten. Kein Restoreverfahren kann aus zwei verbrannten einzigen Kopien fehlende Inhalte erzeugen.
S007,Externe SSD trennt sich bei Scope-Kanonisierung,operations,S007.B01 S007.B02 S007.B03,OPR001 OPR016,bedingt teilweise,"FileId-Reservierung nicht mit späterem sicheren Dateizugriff gleichsetzen. Factory-Schreiben muss am geprüften Objekt unter .factory bleiben, Datenträgerverlust darf weiter Fehler liefern."
S008,macOS startet mitten in einer Freigabe ungefragt neu,operations,S008.B01 S008.B02 S008.B03,OPR001 OPR002 OPR020,bedingt,"Freigabe-Commit, Promptversuch und Teilnehmerannahme sind drei unterschiedliche Restart-Schnittpunkte; ihre Freigaben dürfen nicht gemeinsam durch Neustart erneuert werden."
S009,Hardware ersetzt Apple Silicon durch inkompatible Plattform,operations,S009.B01 S009.B02 S009.B03,OPR001 OPR008,bedingt ungeklaert,Portables Datenformat und portable Runtime separat qualifizieren. Exportlesbarkeit ist keine Zusage dass Herdr oder ein Harness auf Ersatzhardware läuft.
S010,Wohnort verliert eine Woche Strom und Internet,operations,S010.B01 S010.B02 S010.B03,OPR001 OPR010 OPR020 OPR027,bedingt,Gemeinsame Strom-/Netzabhängigkeit offen ausweisen. Lokaler IPC ersetzt bei fehlendem Strom keinen Bedienpfad; Wiederanlauf braucht separate Altwirkungsprüfung.
S011,SSD ist vor dem Intent-Commit voll,operations,S011.B01 S011.B02,OPR001,bedingt,"C1 Commitfehler-vor-Writer als enge Zustellgrenze erhalten. Lesefähigkeit und Reservekapazität gesondert prüfen, nicht aus disk-full ableiten dass alle Daten verloren seien."
S012,Bitrot beschädigt einen alten kanonischen Event,operations,S012.B01 S012.B02 S012.B03,OPR004,keines teilweise,Integritätsstopp und unveränderte Eingaben vor Replay-Erfolg priorisieren; valid aussehendes Bitrot verlangt unabhängigen Integritätsbezug und kann nicht rein aus neuer Prüfsumme entdeckt werden.
S013,Projektionsmigration endet nach halber Tabellenänderung,operations,S013.B01 S013.B02 S013.B03,OPR001 OPR004,bedingt ungeklaert,"Transaktionalen Schemawechsel von späterer Projektionsrekonstruktion unterscheiden. Eine Projektion darf nur aus erhaltenen kanonischen Fakten neu entstehen, nie Plugins beim Replay ausführen."
S014,WAL-Datei wird beim Dateikopieren vergessen,operations,S014.B01 S014.B02 S014.B03,OPR003,bedingt teilweise ungeklaert,Snapshot-Konsistenz und Nachlaufvollständigkeit getrennt belegen; VACUUM-INTO-Helfer C7 ist kein Beleg für Vollständigkeit einer manuellen Dateikopie.
S015,Restore stellt eine Woche alte Tasks ohne spätere Versuche her,operations,S015.B01 S015.B02 S015.B03,OPR003 OPR027,bedingt teilweise,Alten Snapshot zunächst nicht sendefähig machen und fehlenden Nachlauf ausweisen. C2 kann nur enthaltene Versuche sperren; Restore darf Abwesenheit einer Row nicht zur Außenwirkungserlaubnis machen.
S016,Referenziertes Artefakt wurde manuell gelöscht,operations,S016.B01 S016.B02,OPR001 OPR005,bedingt teilweise,Artefaktpfad und tatsächlich übernommenes Objekt separat speichern; ein Pfadrest repariert keine manuell gelöschten einzigen Bytes.
S017,Backup-Key ist verloren obwohl alle Backups intakt sind,operations,S017.B01 S017.B02 S017.B03,OPR007 OPR033,bedingt keines teilweise,Ciphertextinventar getrennt von nutzbaren Schlüsseln und realistischen Recoveryfristen darstellen. Keine Secrets oder geheimen Recoveryanteile in Taskprotokolle aufnehmen.
S018,Reduktor liest heutige Registry beim historischen Replay,operations,S018.B01 S018.B02 S018.B03,OPR004 OPR026,bedingt keines teilweise,Registrywerte die historische Bedeutung steuern in kanonischen Fakten festhalten; reines Replay darf nicht von heutiger Registry abhängen.
S019,Schema enthält neueren Payload-Typ als installiertes Binary,operations,S019.B01 S019.B02 S019.B03,OPR004,bedingt teilweise,Payloaddecoder-Version vom relationalen Schema trennen. Nicht verstandene Events müssen als erhaltene Eingaben stoppbar bleiben statt als ignorierte Änderungen zu verschwinden.
S020,Backup-Retention löscht die einzige Kopie benötigter Inhalte,operations,S020.B01 S020.B02 S020.B03,OPR001 OPR005,bedingt keines,Retention muss Referenzbedarf und wirklich aufbewahrte Objekte kennen. Der vorhandene Backuphelper löscht nicht selbst Retentioninhalte und ist kein Beleg für deren Erhaltung.
S021,Sommerzeit wiederholt dieselbe lokale Cron-Minute,operations,S021.B01 S021.B02 S021.B03,OPR011 OPR012,bedingt ungeklaert,Fold-Vertrag zuerst festlegen: entweder ein zivil beschrifteter Termin oder zwei verschiedene physische Termine. Occurrence-Key muss genau diesen Vertrag ausdrücken und vor Triggerbestätigung dauerhaft dem Run zugeordnet sein.
S022,Sommerzeit überspringt geplanten Zeitpunkt,operations,S022.B01 S022.B02 S022.B03,OPR011 OPR012,bedingt ungeklaert,"Gap-Disposition mit beabsichtigter Geschäftsbedeutung speichern: auslassen ist nicht erfüllen, Nachholen verlangt Gültigkeitsprüfung und gibt keine externe Sendefreigabe."
S023,NTP setzt Uhr zwölf Stunden zurück,operations,S023.B01 S023.B02 S023.B03,OPR001 OPR011 OPR012,bedingt teilweise,Clock-Domänen je Frist und Schedule benennen. Monotone lokale Reihenfolge ersetzt keine vertrauenswürdige Wandzeit für externe Freigabeexpiry.
S024,Laptop erwacht nach sechs Wochen mit tausenden fälligen Runs,operations,S024.B01 S024.B02 S024.B03,OPR001 OPR010 OPR011,bedingt teilweise,Nachholinventar mit bounded admission und Einzelgültigkeit verbinden. Eine sechs Wochen alte Terminliste darf weder pauschal gelöscht noch pauschal zur Sendefreigabe werden.
S025,Zeitzonenregeln ändern sich nach Schedule-Erstellung,operations,S025.B01 S025.B02 S025.B03,OPR011 OPR012,bedingt ungeklaert,"Regelversion und Änderungsentscheidung speichern, materialisierte Occurrences nicht still neu identifizieren. Zivilrechtlich aktuelle Regeln und gepinnte Regeln sind unterschiedliche erlaubte Aufträge."
S026,Zwei Teilnehmer bestätigen Wirkungen mit widersprüchlichen Uhrzeiten,operations,S026.B01 S026.B02 S026.B03,OPR021,bedingt keines,Quittungskausalität nur für tatsächlich belegte Abhängigkeiten nutzen. Lokaler Cursor und fremde Wandzeiten dürfen kein fehlendes verteiltes Vorher-Nachher erfinden.
S027,Freigabe läuft während langem Plugin-Start ab,operations,S027.B01 S027.B02 S027.B03 S027.B04,OPR020 OPR021 OPR022,bedingt teilweise,Freigabevertrag muss Annahmemoment oder wirksame Teilnehmerprecondition benennen. Prüfung vor langem Pluginstart allein garantiert keine Zustimmung bei späterer Annahme.
S028,Ein Task verarbeitet einen inzwischen abgelaufenen Preis,operations,S028.B01 S028.B02 S028.B03,OPR001 OPR022 OPR034,bedingt teilweise,"Preisverwendung als historische Aussage oder aktuelle Transaktion unterscheiden. Frischeprüfung benötigt echte Preisquelle beziehungsweise garantierte Terms, nicht Resultatformvalidierung."
S029,Maschine geht während monotonic-basierter Frist in Sleep,operations,S029.B01 S029.B02 S029.B03,OPR012,bedingt teilweise,Tatsächliches Timerprimitive und Sleep-Semantik spezifizieren. Aktive Laufzeit und reale verstrichene Dauer sind verschiedene Aufträge; monotonic allein ist keine davon.
S030,Cron-Plugin feuert denselben Trigger nach jedem Neustart erneut,operations,S030.B01 S030.B02 S030.B03,OPR001 OPR011 OPR020,bedingt teilweise,Pluginneustart muss dieselbe dauerhaft materialisierte Occurrence wiederverwenden; mehrfacher Trigger ist nicht automatisch mehrfacher Geschäftseffekt.
S031,Herdr ist unerreichbar während der Harness weiter Dateien schreibt,operations,S031.B01 S031.B02,OPR001 OPR015,bedingt teilweise,Beobachterausfall nicht als Writer-Tod behandeln. Restore-Lease und Reconnect-Presumption getrennt führen; produktweite Ausschlussgarantie verlangt alle Startpfade und Schreiber.
S032,Pane-ID wird nach Neustart einer anderen Session gegeben,operations,S032.B01 S032.B02,OPR001 OPR014 OPR015,bedingt teilweise,Pane-ID nur als Laufzeitadresse behandeln und fehlende UUID nicht als positive Gleichheit. Generation und Identität müssen vor Lifecycle-Mutation verbindlich geprüft werden.
S033,Transcript-Dateiname verliert die erwartete UUID,operations,S033.B01 S033.B02,OPR014 OPR015,bedingt teilweise,"Transcript-Dateiname darf nicht einzige Herkunftsbindung sein. Alternative Identität muss unabhängig authentisch sein, nicht aus dem gleichen kaputten Namen geraten werden."
S034,Hook fehlt aber Screen-Parser meldet idle,operations,S034.B01 S034.B02,OPR001 OPR029,bedingt teilweise,Adapter-NoChange auch an Caller und UI-Frischegrenze erhalten. Screen-idle ist weder Taskabschluss noch Freigabe des Workers.
S035,Harness meldet done nach einem Zwischenturn,operations,S035.B01 S035.B02,OPR001 OPR029,bedingt teilweise,"Turnabschluss strikt von Resultatannahme trennen. Verwaiste Bytes sind nur bei echter Dauerhaftigkeit und Zuordnung zu prüfen, nicht bei jedem done zu erfinden."
S036,Alte autoritative Beobachtung trifft nach neuer Session ein,operations,S036.B01 S036.B02 S036.B03,OPR001 OPR014,bedingt teilweise ungeklaert,Verbindliche Observation-Generation und Sequenz am mutierenden Caller festlegen. Quellenautorität ohne Frische darf neue Sessions nicht verändern.
S037,Zwei Case-Varianten desselben Workspace werden parallel reserviert,operations,S037.B01,OPR015,bedingt,Ein-Store-FileId-Exklusivität als begrenzten Vertrag bewahren. Keine Ausdehnung auf wechselnde Verzeichnisobjekte oder unabhängige Clones.
S038,Ein untergeordneter Prozess überlebt den gestoppten Harness,operations,S038.B01 S038.B02 S038.B03,OPR001 OPR006 OPR015,bedingt teilweise,Prozessende und Erlöschen sämtlicher Schreibrechte getrennt nachweisen. Keine OS-Fencinggarantie aus einer Sessionrow ableiten.
S039,Temporärer Worker wartet tagelang auf Permission,operations,S039.B01 S039.B02,OPR001 OPR029 OPR032,bedingt,Temporäre Lebensdauer nicht als automatischen Permission-Timeout auslegen. Belegung und benötigter menschlicher Entscheidungsstand sind getrennte Strukturen.
S040,Herdr-Restart wird fälschlich als kompletter Maschinenneustart klassifiziert,operations,S040.B01 S040.B02 S040.B03,OPR001 OPR014 OPR015,bedingt teilweise,Herdr-Restart nicht mit Maschinenneustart gleichsetzen. C4-Replacement ist nur ein Datensatz; Konfliktschaden braucht nachfolgenden Launch und lebenden alten Schreiber.
S041,Plugin schreibt Debugtext auf stdout zwischen Protokollframes,operations,S041.B01 S041.B02,OPR017 OPR020,bedingt,"Stdout strikt als Framingkanal behandeln, Diagnose auf stderr. Aktivierungsfehler und möglicher Teilnehmererfolg sind getrennte Journale mit getrennten Ausgängen."
S042,Plugin meldet einen Frame von mehreren Terabytes an,operations,S042.B01 S042.B02,OPR017 OPR018,bedingt ungeklaert,Deklarierte Länge inklusive Integergrenzen vor Allokation prüfen. Framebudget muss mit Gesamtressourcen zusammenpassen; Pluginprozess allein ist kein Speicherschutz.
S043,Plugin beantwortet Healthchecks aber blockiert jede Geschäftsoperation,operations,S043.B01 S043.B02 S043.B03,OPR001 OPR009 OPR010 OPR020,bedingt teilweise,Businessfortschritt als operationsbezogene Evidenz erfassen statt aus Health ableiten. Bounded timeouts sind keine Nichtannahmebelege.
S044,Plugin crasht sofort nach jedem automatischen Restart,operations,S044.B01 S044.B02,OPR009 OPR017,bedingt teilweise,"Restartbudget an Aktivierungsidentität dauerhaft binden. Ein Operatorreset ist externer Eingang, kein Beweis selbstheilender Pluginaufsicht."
S045,Optionales Pluginmanifest ist syntaktisch kaputt,operations,S045.B01 S045.B02,OPR001 OPR009 OPR017,bedingt teilweise,Optionales Manifest erst in isolierter Aktivierung auswerten und lokalen Safe-Mode nicht von dessen erfolgreichem Parse abhängig machen.
S046,Plugin liefert Erfolg vor dauerhaftem Commit beim Teilnehmer,operations,S046.B01 S046.B02 S046.B03,OPR001 OPR020 OPR021,bedingt teilweise,"Teilnehmer-Erfolg nur nach konkret zugesicherter Commitsemantik werten. Lokales Journal bewahrt eine Behauptung, kann ihre entfernte Wahrheit nicht herstellen."
S047,Plugin-Unterprozess verbraucht alle File Descriptors,operations,S047.B01 S047.B02,OPR017 OPR018,bedingt ungeklaert,FD-Aufnahme pro Prozess und gemeinsame OS-Reserve prüfen. Getrennte Prozesse teilen Systemlimits und begründen allein keinen unabhängigen lokalen Betrieb.
S048,Kompatibles Major-Protokoll ändert die Bedeutung eines optionalen Felds,operations,S048.B01 S048.B02 S048.B03 S048.B04,OPR019 OPR020,bedingt teilweise ungeklaert,"Konkrete Semantik optionaler Felder neben Major und Schema vertraglich prüfen. Beispielhafte Preis-/Dry-run-Alternativen sind neue bedingte Entwürfe, keine Aussage über ein tatsächlich vorhandenes Feld."
S049,Ein Scope deaktiviert Plugin während dessen Effekt in flight ist,operations,S049.B01 S049.B02,OPR020 OPR021,bedingt,"Deaktivierung als Ende neuer Dispatchrechte modellieren, nicht als Rücknahme bereits angenommener Wirkungen. Rekonziliationsrecht und Aufbewahrungshorizont separat erhalten."
S050,Plugin behauptet reversibel aber inverse Operation verliert Daten,operations,S050.B01 S050.B02 S050.B03,OPR023 OPR034,bedingt keines teilweise,Reversibilität mit konkreten Vor-/Nachbedingungen und Versionsbindung prüfen. Deklaration ersetzt keine verlustfreie Inverse und Journal ist keine Rücknahme.
S051,Netz partitioniert nach externer Annahme vor Response,operations,S051.B01 S051.B02 S051.B03,OPR020 OPR021,bedingt teilweise,Netztimeout als unbekannten Ausgang führen und durch verbindliche Operation-ID rekonzilieren. Ein lokaler Retrykey erzwingt keine entfernte Einmaligkeit.
S052,Provider DNS zeigt auf falschen Endpunkt,operations,S052.B01 S052.B02,OPR009 OPR020,bedingt teilweise,Provideridentität unabhängig von DNS prüfen und konkreten Zielbezug vor Bodyübertragung sichern. Lokale Aufruferauthentifizierung ersetzt keine Provider-TLS-Grenze.
S053,TLS-Zertifikat läuft ab während langer Offlinephase,operations,S053.B01 S053.B02,OPR001 OPR009,bedingt teilweise,"Zertifikatsablauf unter vertrauenswürdiger Zeit als spezifischen Transporthalt behandeln. Manuelle Authentifizierungsumgehung ist eine neue riskante Handlung, keine Recoverygarantie."
S054,WebSocket-Client liest nie seine Events,operations,S054.B01 S054.B02 S054.B03,OBR029 OPR004 OPR018,bedingt ungeklaert,"Subscriptionbudgets vom Daemonpuffer bis Socket durchsetzen. Ein letzter Cursor erlaubt nur Replay noch vorhandener Events, nicht pauschale Erhaltung aller offenen Vorfälle."
S055,HTTP-Transport fällt aus während lokaler Betrieb intakt ist,operations,S055.B01 S055.B02,OPR001 OPR009,bedingt teilweise,HTTP-Capability getrennt vom transportneutralen Kernel und lokalen Zugang halten. Bei Remote-Only-Operator kann trotzdem menschliche Entscheidung fehlen.
S056,Remote-Client zeigt tagelang gecachten Status running,operations,S056.B01 S056.B02 S056.B03,OPR001 OPR014 OPR020,bedingt teilweise,"Cached running als datierte Beobachtung ausgeben, nicht als aktuellen Taskzustand. Ersatzarbeit braucht frische Kern- und Wirkungsprüfung statt UI-Status."
S057,Netzwerk-Antworten kommen doppelt und vertauscht,operations,S057.B01 S057.B02 S057.B03,OPR020 OPR021,bedingt teilweise,Antwortkorrelation mit Operation und Revision vor Zustandsfortschreibung durchsetzen. Doppelte Antworten dürfen keine neuen fachlichen Befehle implizieren.
S058,Ein nicht-lokaler Listener wird versehentlich öffentlich gebunden,operations,S058.B01 S058.B02,OPR025,bedingt keines,"Nichtlokale Listeneraktivierung explizit und Principalbindung unabhängig von Netzwerkreichweite prüfen. Öffentlicher Bind ist vergrößerte Angriffsfläche, nicht automatisch Offenlegung."
S059,Tailscale und SSH fallen gemeinsam aus während Operator fern ist,operations,S059.B01 S059.B02 S059.B03,OPR001 OPR009 OPR010 OPR032,bedingt teilweise,Fernzugang und lokale Ausführung getrennt darstellen. Bundled IPC hilft nur einer tatsächlich am Gerät berechtigten erreichbaren Person.
S060,Teilnehmer drosselt alle Anfragen über Tage mit Rate Limit,operations,S060.B01 S060.B02 S060.B03,OPR001 OPR010,bedingt teilweise,"Rate-Limit-Vertrag und Retryrückwirkung messen. Dauernde 429 unter fester Quote sind äußere Begrenzung, nicht allein ein selbsttragender Attraktor."
S061,Registry benennt Zielagent um nachdem Task queued wurde,operations,S061.B01 S061.B02 S061.B03,OPR001 OPR026,bedingt teilweise,"Dauerhafte Zielidentität von späterer agent-name-Auswahl trennen. Rename darf keinen stillen Ersatzempfänger autorisieren, historische Registryrevision bleibt Teil der erklärbaren Absicht."
S062,Scope-Verzeichnis wird gelöscht und am selben Pfad ersetzt,operations,S062.B01 S062.B02 S062.B03,OPR001 OPR016 OPR026,bedingt keines teilweise,Scope-ID und ursprüngliches Verzeichnisobjekt getrennt vom Pfad speichern. Existenzprüfung und heutiger FileId genügen nicht zum Beweis historischer Kontinuität.
S063,Symlink ändert Ziel zwischen Validierung und Dateischreibzugriff,operations,S063.B01 S063.B02,OPR001 OPR016,bedingt teilweise,Factory-Dateischreiben über objektgebundene Zugriffe nur innerhalb geprüfter .factory-Wurzeln konkretisieren; vorherige canonicalize-Prüfung allein ist keine TOCTOU-Garantie.
S064,Parent-Scope verschiebt sich und ändert Delegationsrechte,operations,S064.B01 S064.B02,OPR004 OPR026 OPR030,bedingt teilweise,Historische Annahmerechte und Rechte zukünftiger Delegation getrennt an Registryrevisionen binden. Ein Move darf alte Auditfakten nicht nach heutiger Verwandtschaft neu bewerten.
S065,Zwei Klone derselben Installation starten auf getrennten Macs,operations,S065.B01 S065.B02 S065.B03,OPR001 OPR003 OPR027,bedingt teilweise,Cross-Clone-Dispatchautorität außerhalb kopierter SQLite-Leases prüfen oder Clone technisch ohne Sendefähigkeit halten. Kein zweiter lokaler aktiv-Schalter als globales Fence.
S066,Client zeigt legitime Session-ID eines anderen Agents vor,operations,S066.B01 S066.B02,OPR025,bedingt keines,Sender-Kontext vor Delegations-/Taskprüfung authentifizieren. Ein existierender Session-Identifier ist öffentliche Identität und keine Besitzberechtigung.
S067,Task delegiert A nach B nach C nach A,operations,S067.B01,OPR001 OPR030,bedingt,"Erhaltene Delegationskette als Aufnahmegrenze testen. Sie begrenzt Rückkehr in derselben Kette, nicht frische eigenständige Taskproduzenten."
S068,Agent erzeugt statt Weiterdelegation immer neue identische Tasks,operations,S068.B01 S068.B02 S068.B03,OPR001 OPR010,teilweise ungeklaert,Fresh-root-Erzeugungsrechte und Aufnahmebudget getrennt von endlicher Delegationskette begrenzen. Inhaltsgleichheit allein definiert keine fachliche Duplikation.
S069,Scope wird stillgelegt während alte Tasks und Memory existieren,operations,S069.B01 S069.B02 S069.B03 S069.B04,OPR001 OPR020 OPR026,bedingt keines ungeklaert,"Stilllegungsvertrag muss neue Aufnahme, alte Tasks, erlaubte Memory-/Historienzugriffe und externe Restpflichten getrennt entscheiden. Tombstone ist keine Teilnehmerlöschung."
S070,Case-sensitive Export wird auf case-insensitive Dateisystem restauriert,operations,S070.B01 S070.B02 S070.B03,OPR005 OPR008,bedingt keines,Case-Kollision vor Restore-Schreiben erkennen und Originalexport unverändert halten. Laufzeit-FileId-Aliasprüfung ersetzt keine verlustfreie portable Namensabbildung.
S071,CLI wiederholt create nach verlorener Antwort,operations,S071.B01 S071.B02 S071.B03,OPR001 OPR028,bedingt teilweise,"Logische API-Idempotenz mit dauerhaftem gebundenem Ergebnis anbieten; aktueller create-Helper mit UUID-Insertkollision ist nur eine engere Ablehnung, keine Retry-Ergebnisgarantie."
S072,Cancel trifft nach Zustellcommit aber vor Writer-Aufruf ein,operations,S072.B01 S072.B02 S072.B03,OPR001 OPR002 OPR021,bedingt teilweise,Cancel- und Writer-Schnittpunkt im Caller serialisieren oder expliziten Ausgangskonflikt führen. Keine atomare Fernstornierung oder externe Annahme aus manuellem Writer ableiten.
S073,Zwei Assignments sehen denselben idle Worker,operations,S073.B01,OPR029,bedingt,"Idle-Prädikat und Assignment in einer Storetransaktion bewahren. Queued und blocked zählen belegt, nicht erst running."
S074,Blocked Task wird requeued ohne neue Zustellautorisierung,operations,S074.B01 S074.B02 S074.B03,KOR001 OPR001 OPR002,bedingt,Requeue nicht mit erneuter Zustellautorisierung gleichsetzen und verbrauchte Versuche nicht durch Fehleroutcome oder Statuswechsel entfernen.
S075,Worker liefert Artefaktpfad der auf später überschreibbare Datei zeigt,operations,S075.B01 S075.B02 S075.B03,OPR001 OPR005,bedingt teilweise,Immutable Artefaktobjekt bei Abnahme übernehmen statt mutable Path als Originalgarantie behandeln. Aufnahme von Agentoutput und Factory-Schreiben unter .factory getrennt handhaben.
S076,Taskergebnis enthält mehrere Gigabytes Text,operations,S076.B01 S076.B02 S076.B03,OPR001 OPR005 OPR018,bedingt,Resultatgröße vor persistenter Mutation prüfen und zusätzlich Ingressallokation begrenzen. Große Inhalte nur als wirklich übernommene Artefaktobjekte mit kurzer überprüfter Zusammenfassung verwenden.
S077,Permanent Agent bearbeitet neue Aufgabe während alte auf Permission wartet,operations,S077.B01 S077.B02,OPR001 OPR029,bedingt teilweise,"Permanente Kommunikationslebensdauer nicht als konkurrierende Taskbelegung behandeln. Normale Assignmentgrenze schützt nur kontrollierte Aufträge, nicht direkte Harnessprompts."
S078,Process-Executor Exitcode null obwohl Output leer ist,operations,S078.B01 S078.B02 S078.B03,OPR001 OPR034,bedingt teilweise,"Exitcode, Resultatform und fachliche Erfolgseigenschaft separat erfassen. Empty-output darf nur dann korrekt sein wenn der konkrete Auftrag es zulässt."
S079,Taskprompts enthalten Shell-Metazeichen für Process-Executor,operations,S079.B01 S079.B02,OPR001 OPR031,bedingt teilweise,"Executable und einzelne argv-Werte unveränderlich erfassen und literal ausführen. Das verbietet nicht jede gefährliche Programmbedeutung, verhindert aber ungewollte Shell-Neuinterpretation dieses Pfads."
S080,Worker stirbt nach fertigem Artefakt vor Result-Commit,operations,S080.B01 S080.B02 S080.B03,OPR001 OPR002 OPR006 OPR034,bedingt teilweise,"Orphan-Artefakt, Zustellungewissheit und akzeptierte Completion separat rekonzilieren. Worker-Tod weder als Neuauftrag noch automatisch als fertiges korrektes Ergebnis werten."
S081,Zahlungsprovider ignoriert Idempotency-Key,operations,S081.B01 S081.B02 S081.B03,OPR020 OPR021,bedingt teilweise,"Provider-Idempotenz als externen überprüfbaren Vertrag behandeln, nicht durch lokale Keypersistenz ersetzen. Ohne definitive Annahmeevidenz darf Lookup-loses Retry keine Einmaligkeitszusage erhalten."
S082,Email wurde gesendet aber Versandplugin crasht,operations,S082.B01 S082.B02 S082.B03,OPR020 OPR021,bedingt teilweise,Versand als irreversible Annahme mit eigenem Quittungsvertrag führen. Plugincrash ist keine Nichtsendung und lokales Rollback kann Empfängerkenntnis nicht löschen.
S083,Mensch genehmigt Rechnung A während Payload auf Rechnung B wechselt,operations,S083.B01 S083.B02 S083.B03,OPR021 OPR022,bedingt teilweise,Die tatsächlich gezeigte Rechnung als unveränderliches Freigabeobjekt binden und Akzeptanz von B unter A verhindern. Vergleich erst nach Annahme liefert nur Diagnose.
S084,Freigabe wird nach Annahme beim Teilnehmer widerrufen,operations,S084.B01 S084.B02 S084.B03,OPR020 OPR021 OPR023,bedingt,Widerruf nach Annahme als Zukunftsgrenze und gegebenenfalls neue Mitigationsentscheidung führen. Keine retroaktive Tilgung einer verbindlich angenommenen Wirkung behaupten.
S085,Saga kompensiert Änderung die inzwischen ein Mensch weiterbearbeitet hat,operations,S085.B01 S085.B02 S085.B03,OPR005 OPR023,bedingt keines teilweise,Kompensation an extern durchgesetzte Version und konkrete Merge-/Nachbedingungen binden. Ein gespeicherter alter Vorwert schützt keine inzwischen geschaffene menschliche Arbeit.
S086,Kompensation schlägt wiederholt fehl,operations,S086.B01 S086.B02 S086.B03,OPR023,bedingt teilweise ungeklaert,"Kompensationsfehler samt benötigtem Vorzustand dauerhaft darstellen, begrenzte weitere Versuche und neue Entscheidung getrennt führen. Wiederholtes Scheitern ist noch kein Attraktor."
S087,Zwei verschiedene Tasks bestellen fachlich dasselbe Produkt,operations,S087.B01 S087.B02 S087.B03,OPR020 OPR021 OPR024,bedingt teilweise,"Fachliche Kaufabsicht und gewünschte Menge explizit verknüpfen, nicht beliebige gleiche Taskpayloads global deduplizieren. Per-Task-Idempotenz schützt keine absichtsübergreifende Einmaligkeit."
S088,Provider berechnet beim Retry einen neuen Preis,operations,S088.B01 S088.B02 S088.B03 S088.B04,OPR020 OPR021 OPR022,bedingt teilweise,Retry behält ursprüngliche Operationsidentität und prüft echte Preisgrenzen. Neue Terms brauchen passende Zustimmung und lösen ungeklärte erste Annahme nicht auf.
S089,Geplanter Reportversand enthält nach Refresh neue vertrauliche Zeilen,operations,S089.B01 S089.B02 S089.B03,OPR021 OPR022,bedingt keines,"Reportfreigabe an tatsächlich geprüfte Zeilen Empfänger und Übertragungszweck binden. Refresh eines Drafts ist noch kein Versand, Schedule ist keine Sendeautorisierung."
S090,Teilnehmer löscht Operationhistorie bevor Factory rekonziliert,operations,S090.B01 S090.B02 S090.B03,OPR020 OPR021,bedingt keines,Lookup-Retentionshorizont und Not-found-Bedeutung pro Teilnehmer führen. Nach Historienlöschung darf fehlender Eintrag nicht zu nie angenommen oder sicher kompensierbar werden.
S091,Einziger Operator ist drei Tage offline,operations,S091.B01 S091.B02 S091.B03,OPR001 OPR010,bedingt teilweise,"Autorisierte autonome Arbeit von neuen menschlichen Entscheidungen trennen. Drei Tage Abwesenheit sind endliche äußere Kapazitätslücke, keine automatische Fehler-/Alarmrückkopplung."
S092,Operator bestätigt hundert Dialoge im Alarmsturm reflexhaft,operations,S092.B01 S092.B02 S092.B03,OPR001 OPR022 OPR032,bedingt teilweise,Alarmquittung strikt von bindender Inhaltsentscheidung trennen und Entscheidungsdossiers an Fälle binden. Endliche Meldungen sind keine vollständige offene Vorfallmenge.
S093,Vertreter übernimmt ohne Wissen über laufende Außenwirkungen,operations,S093.B01 S093.B02 S093.B03,OPR020 OPR032,bedingt teilweise,Übergabe braucht verständliche Evidenz zu konkreten in-flight Operationen und ausdrücklichem Nichtwissen. Kontozugriff allein stellt keine Geschäftskenntnis her.
S094,Operator verwechselt Produktions- und Fixture-Instanz,operations,S094.B01 S094.B02 S094.B03,OPR001 OPR021 OPR022,bedingt teilweise,Beabsichtigte Instanz in Reviewobjekt und Akzeptanzkontext binden. Erfolgreiche Authentifizierung zu Produktion sagt nicht dass Mensch Produktion meinte.
S095,Operator kopiert Backup per Hand statt Restore-Prozess,operations,S095.B01 S095.B02 S095.B03,OPR002 OPR003 OPR015 OPR027,bedingt teilweise,Manuelle Kopie als möglicherweise alten Herkunftsstand erkennen und zunächst von Dispatch trennen. Explizites C2-Reconcile verändert nur vorhandene Rows und füllt keinen fehlenden Nachlauf.
S096,Mensch beendet pane manuell und schreibt später im selben Workspace,operations,S096.B01 S096.B02 S096.B03,OPR001 OPR005 OPR015,bedingt teilweise,"Pane-Schließung, Prozessbaum und menschliche Workspaceübergabe getrennt führen. Agenten dürfen Taskdateien schreiben, Factory-Lease kann legitime menschliche Änderungen nicht physisch verhindern."
S097,Nur zuständiger Owner versteht eine Blockerbeschreibung,operations,S097.B01 S097.B02,OPR001 OPR032,bedingt teilweise,Blocker als prüfbaren Entscheidungsfall strukturieren und Verständnis durch befugten Ersatz testen. Persistente Zeichenfolge allein ist kein nutzbares Übergaberesidue.
S098,Operator ist bei Abnahme seines eigenen fehlerhaften Ergebnisses befangen,operations,S098.B01 S098.B02,OPR001 OPR034,bedingt teilweise,"Fachliche Abnahme von Autorenschaft und formaler Completion trennen. Unabhängige Prüfung muss konkret betroffene Eigenschaft messen, zweite Zustimmung allein ist kein Orakel."
S099,Mensch fordert Sofortstart trotz unklarer alter Lease,operations,S099.B01 S099.B02 S099.B03,OPR001 OPR015,bedingt teilweise,Dringlichkeit darf Belegungsevidenz nicht ersetzen. Normaler Leaseguard und manuelle/Recovery-Bypässe getrennt auditiert halten statt pauschal sichere Starts behaupten.
S100,Operator verliert alle Zugänge und Recoveryanweisungen liegen nur auf dem Gerät,operations,S100.B01 S100.B02 S100.B03 S100.B04,OPR001 OPR010 OPR033,bedingt keines teilweise ungeklaert,Recoveryabhängigkeiten einschließlich rechtmäßig erreichbarer Anleitung Schlüssel und Autorität außerhalb derselben verlorenen Grenze prüfen. Lokaler Safe-Mode kann keine verlorenen Kontorechte oder physische Erreichbarkeit erzeugen.
S101,Modellanbieter schließt über Nacht,governance,S101.B01 S101.B02,GVR001 GVR002,bedingt teilweise,"Providerabhängigkeit vom lokalen Aktenlesen trennen; Ersatzmodell erst nach auftragsbezogener Abnahme verwenden, nicht als historische Identität des geschlossenen Providers ausgeben."
S102,Modellalias wird still auf andere Gewichte umgestellt,governance,S102.B01 S102.B02,GVR001 GVR004,teilweise,Pro Aufruf belegte Modellrevision von Alias und Eingaberevision trennen; unbekannte Gewichte nicht aus späteren Wiederholungen rekonstruieren.
S103,Modell folgt Prompt Injection in einer Quellseite,governance,S103.B01 S103.B02 S103.B03,GVR003 GVR005,bedingt keines teilweise,Quellinhalt darf keine Toolbefugnis liefern. Vollständige Effektvermittlung und OS-Datengrenze getrennt prüfen; Reaktion auf Injection ist keine Rücknahme bereits gelesener Geheimnisse.
S104,Zwei Prüfer nutzen denselben Modellfehler und bestätigen falsches Ergebnis,governance,S104.B01 S104.B02 S104.B03,GVR001 GVR005 GVR006,bedingt teilweise,BR01 übernehmen: zwei falsche Bestätigungen sind zunächst ein Einzelfehler. Unabhängige Abnahme muss die konkrete Fehlerfamilie treffen und Entscheidungen tatsächlich verändern können.
S105,Modell halluziniert nicht existierende Ergebnisdateien,governance,S105.B01 S105.B02,GVR001 GVR002 GVR037,bedingt teilweise,"Bibliotheksabschluss nicht mit Dateiabnahme gleichsetzen: Pfad, tatsächliche Bytes und fachlich akzeptierter Inhalt benötigen getrennte Nachweise."
S106,Lokales Modell belegt gesamten RAM und verdrängt Daemon,governance,S106.B01 S106.B02,GVR001 GVR005,bedingt teilweise,"Modell-RAM und Betriebsreserve begrenzen; Recoveryanzeige muss Datenträgerhaltbarkeit, Zustellunsicherheit und Leasebelegung unabhängig führen."
S107,Modell wechselt mitten im Run ohne Telemetriehinweis,governance,S107.B01 S107.B02,GVR001 GVR002 GVR004,teilweise,Per-Aufruf-Zuordnung als eigene Evidenzlücke markieren. Run-Metadatum oder Eingabehash dürfen einen unbeobachteten Modellwechsel nicht verdecken.
S108,Modell produziert unendlich viele korrekte Zwischenschritte,governance,S108.B01 S108.B02,GVR002 GVR028,bedingt teilweise,Terminales Abnahmekriterium und Checkpoint von lokaler Schrittgüte trennen; endlicher Ressourcenstop ist kein Beweis endloser Ausführung.
S109,Kontextfenster schrumpft nach Harnessupgrade,governance,S109.B01 S109.B02,GVR001 GVR003 GVR005,bedingt teilweise,Kompilierte Bytes und vom Harness verbrauchten Kontext getrennt belegen; vor Kürzung Regelvollständigkeit prüfen statt bloßer Bytezählung.
S110,Benchmarkfixture wird vom Modell erkannt und speziell ausgetrickst,governance,S110.B01 S110.B02,GVR004 GVR031,bedingt teilweise,Bekannte Fixtureleistung als engen Anspruch führen; Unabhängigkeit eines Tests nicht allein aus ausführbarem statt modellbasiertem Oracle ableiten.
S111,Root-AGENTS wird zwischen Queueing und Start geändert,governance,S111.B01 S111.B02,GVR001 GVR003 GVR005,bedingt teilweise,"Zeitpunkt von Queueing, Kompilierung und Nutzung erfassen und festlegen, welche Regelrevision die Freigabe bindet; compile liest nur den Aufrufzeitpunkt."
S112,Ein AGENTS-Quellfile ist plötzlich unlesbar,governance,S112.B01 S112.B02,GVR001 GVR003,bedingt teilweise,UnreadableSource am Compiler eng zuschreiben; Caller darf Fehler nicht durch unerklärten alten Kontext ersetzen. Auftragsakte bleibt getrennt vom fehlenden Quellinhalt.
S113,Human schreibt Geheimnis in Taskprompt,governance,S113.B01 S113.B02,GVR014,keines teilweise,"Secretannahme vor Persistenz und Weitergabe begrenzen; bei bereits gespeichertem Prompt konkrete Kopien/Empfänger erfassen, kein rückwirkendes Geheimhaltungsversprechen."
S114,Knowledge-Link führt zyklisch durch tausende Notizen,governance,S114.B01 S114.B02,GVR002 GVR013,bedingt,Explizite Compilerquellen nicht mit rekursivem Knowledge-Crawler verwechseln. Ein späterer Crawler braucht eigene begrenzte Besuchs-/Arbeitsmenge.
S115,Zwei Quellen widersprechen sich über aktuelle Freigaberegel,governance,S115.B01 S115.B02,GVR005 GVR032,bedingt,Freigabequellen nach Geltungsbereich und Wirksamkeitszeit ordnen; Mehrheit und letzte Ankunft sind ohne anerkannte Regel kein Vorrang.
S116,Quellwebsite ändert Inhalt ohne URLänderung,governance,S116.B01 S116.B02,GVR003,bedingt keines,"URL als Adresse, nicht Version führen. Rechtmäßig erfasste historische Quellbytes erlauben historische Aussagen, nicht automatische heutige Wahrheit."
S117,Repo enthält bösartige native Harnesskonfiguration,governance,S117.B01 S117.B02,GVR005 GVR008,bedingt teilweise,Native Harnesskonfiguration ist eigene Ausführungsquelle außerhalb compile. Vor Hooks prüfen und reale Dateirechte begrenzen; Schreibverbot für Factory schützt nicht vor Harness-Leseverhalten.
S118,Agent schreibt Shared Memory im Namen fremden Scopes,governance,S118.B01 S118.B02,GVR003 GVR005,bedingt teilweise,"Shared-Memory-Autorenschaft aus vertrauenswürdig gebundener Sitzung ableiten, nicht aus Parameter scope. Herkunft, tatsächlicher Leser und resultierende Wissensannahme separat prüfen."
S119,Artefaktnamen unterscheiden sich nur durch Unicode-Normalisierung,governance,S119.B01 S119.B02,GVR037,bedingt keines,"Artefakt-ID, Unicode-Anzeigename und Dateisystempfad trennen. Kollisionen vor Überschreiben prüfen; exakte Bytes sind noch keine fachliche Abnahme."
S120,Context wird zum Debuggen vollständig in Telemetrie kopiert,governance,S120.B01 S120.B02,GVR014,keines teilweise,"Telemetry nicht als Inhaltsbackup nutzen. Rohkontextkopien, Leserrechte und spätere Löschpflicht getrennt inventarisieren; die ADR-Regel allein beweist keine Filterung."
S121,Plugin läuft als gleicher User und liest Keychain außerhalb Kernel,governance,S121.B01 S121.B02,GVR008,keines teilweise,Keychainzugriff außerhalb Kernel als tatsächliche OS-Vertrauensgrenze behandeln. Erfolgreichen Lesezugriff nicht durch behauptete API-Autorisierung wegmodellieren.
S122,Angreifer ersetzt Pluginbinary nach Manifestprüfung,governance,S122.B01 S122.B02,GVR009,bedingt ungeklaert,Geprüfte Bytes und gestartete Bytes einschließlich dynamischer Abhängigkeiten binden; bloßer Pfad oder Manifeststatus kann das Check-use-Fenster nicht schließen.
S123,Transportplugin behauptet falschen authentifizierten Actor,governance,S123.B01 S123.B02,GVR005 GVR010,bedingt keines,Transport ist Authentisierungs-Vertrauenswurzel oder muss unabhängige Personenbindung nachweisen. Kernel-Scopeprüfung einer Lüge liefert keinen Menschenbeleg.
S124,Agent schreibt absichtlich direkt in SQLite,governance,S124.B01 S124.B02,GVR008 GVR033,teilweise,Domain-Alleinschreiber erfordert OS-Schreibgrenze; Mutable-SQL-Constraints und Ziel-Eventlog nicht als Rootschutz ausgeben. Bei Bypass nur konkret unabhängige Fakten vertrauen.
S125,SQL-/Pfadinjection steckt in neuem Pluginparameter,governance,S125.B01 S125.B02,GVR008,bedingt ungeklaert,"Offenen Sink zuerst bestimmen: gebundener SQL-Wert, aufgelöster erlaubter Pfad und effektive Rechte sind unterschiedliche Verträge. Kein pauschaler Injectionzustand."
S126,Log enthält Terminalescapes die Diagnoseanzeige fälschen,governance,S126.B01 S126.B02,GVR007,bedingt teilweise,"Terminaldarstellung und Ursprungsintegrität separat machen; neutrale Rohbyteansicht schützt nur vor Anzeige-Steuerung, nicht vor erfundenen Logfakten."
S127,Altes gestohlenes Capability-Token wird nach Restore erneut gültig,governance,S127.B01 S127.B02 S127.B03,GVR001 GVR005 GVR011,bedingt teilweise,Widerrufsevidenz außerhalb des restaurierten Vertrauensstands verankern; Ablaufzeit braucht verlässliche Zeitbasis und ist nicht Ersatz für aktuelle Rücknahme.
S128,Bekannte Integration wird per Dependency-Typosquatting ersetzt,governance,S128.B01 S128.B02,GVR008 GVR009,bedingt teilweise,Dependencyidentität und vorgezogene Installhooks in Aktivierungsvertrag aufnehmen. Vertrauter Integrationsname ist kein identisches Paket.
S129,Ransomware verschlüsselt DB Backups und Knowledge gleichzeitig,governance,S129.B01 S129.B02,GVR012,bedingt keines,"Ransomwaregrenze nach Daten, Schlüsseln und Tools schließen; Backupanzahl und vorhandenes Manifest beweisen keine außerhalb liegende Wiederherstellung."
S130,Task erzeugt riesige gültige Delegationsketten ohne Zyklus,governance,S130.B01 S130.B02,GVR001 GVR013,bedingt teilweise,"Endliche Scopekette und Gesamtmenge trennen; Wurzelerzeugung, Retryidentität und alle Produzenten gemeinsam begrenzen."
S131,Betroffene Person verlangt Löschung aus append-only History,governance,S131.B01 S131.B02,GVR014 GVR015,bedingt teilweise,Löschpflicht und zulässig notwendige Provenienz pro Datenobjekt bestimmen; append-only Ziel rechtfertigt weder unerlaubtes Behalten noch die Rekonstruktion gelöschter Inhalte.
S132,Gericht verlangt Legal Hold während Retention löschbereit ist,governance,S132.B01 S132.B02,GVR014,bedingt keines,Legal-Hold-Wirksamkeit und Löschcommit auf dieselben Datenpfade beziehen. Backupfunktion ohne Retention belegt keine vorhandene atomare Holdbehandlung.
S133,Kunde verlangt Datenresidenz die aktueller Modellprovider nicht erfüllt,governance,S133.B01 S133.B02,GVR005 GVR014,bedingt teilweise,Residenzverletzung ohne neuen unberechtigten Leser ausdrücklich von Offenlegung unterscheiden. Providerpfad vor Sendung prüfen; Vertragsort ist kein kryptographischer Begriff.
S134,Backup enthält Geheimnisse die im Original schon rotiert wurden,governance,S134.B01 S134.B02,GVR011 GVR014,bedingt teilweise,"Backupgeheimnisse, derzeitige Credentialgültigkeit und Restore-Autorität getrennt führen; Rotation ist weder Löschung noch Schutz gegen zurückgesetzten Widerruf."
S135,Lizenz einer notwendigen Library wird für neue Releases unbrauchbar,governance,S135.B01 S135.B02,GVR005 GVR016,bedingt,Lizenzrechte des erhaltenen Versionssatzes ausdrücklich vom neuen Release trennen; keine rückwirkende Ungültigkeit und keine Ersatzlibrary ohne Kompatibilitäts-/Rechtebeleg annehmen.
S136,Audit muss beweisen welcher Mensch konkret freigegeben hat,governance,S136.B01 S136.B02,GVR010,bedingt keines,"Freigabebeweis muss Person, damalige Befugnis, Wirkung und Zeitpunkt binden; spätere Rollenauflösung und Transportname reichen nicht."
S137,Behörde beschlagnahmt Originalgerät und fordert Einsicht,governance,S137.B01 S137.B02,GVR012 GVR014,bedingt teilweise,"Custody, erlaubte Einsicht und Weiterbetrieb separat erfassen; keine Umgehung einer Beschlagnahme und keine unabhängige Kopie ohne benannte erlaubte Existenz."
S138,Ein ursprünglich harmloses Feld wird später als sensibel eingestuft,governance,S138.B01 S138.B02,GVR014,bedingt ungeklaert,"Klassifikation nach Wirksamkeitszeit, Zweck und tatsächlicher Kopie führen. Sensibilität heute beweist keinen vergangenen Rechtsbruch oder bereits erfolgtes Lesen."
S139,Auskunftsanfrage verlangt Provenienz über gelöschte Scopes hinweg,governance,S139.B01 S139.B02,GVR015,bedingt keines,Aktive Scoperegistry und zulässig aufbewahrte Herkunft trennen. Auskunftumfang muss fehlende Kanten und Payload ausdrücklich benennen.
S140,Versicherer verlangt beweisbare Recovery statt vorhandener Backups,governance,S140.B01 S140.B02,GVR012 GVR025,bedingt teilweise,"Wiederherstellungsinventar und durchgeführten Nachweis als getrennte Objekte führen; Prüfziel einschließlich Inhalt, Schlüssel, Zeit und Außenwirkungsabgleich ausweisen."
S141,Tokenpreise steigen über Nacht um Faktor hundert,governance,S141.B01 S141.B02,GVR002 GVR017 GVR018,bedingt,Tarifwirksamkeit an Annahmezeit binden und zukünftiges Zulassen von bereits eingegangenen Kosten trennen. Faktor hundert bedeutet nicht automatisch Unwirtschaftlichkeit jedes Auftrags.
S142,Provider ersetzt Prepaid durch unbekannte nachträgliche Abrechnung,governance,S142.B01 S142.B02,GVR005 GVR017,teilweise,Unbekanntes Postpaid nicht als prepaidbegrenztes Risiko darstellen. Ohne bindende Preisgrenze keine GVR018-Obergrenze behaupten; neue Exposition separat sperren.
S143,Ein großer Scope monopolisiert alle Slots mit legalen Tasks,governance,S143.B01 S143.B02,GVR004 GVR019,bedingt teilweise,Faire Ressourcenanteile getrennt von per-agent max_sessions und Organisationsfeedback prüfen; endlichen Großauftrag nicht allein zum Attraktor erklären.
S144,Jeder kleine Task kostet mehr menschliche Freigabe als er spart,governance,S144.B01 S144.B02,GVR001 GVR017 GVR031,teilweise,Menschliche Freigabekosten als tatsächlichen Aufwand führen. Legitime Nichtnutzung und autorisierten kleineren Vertrag von verstecktem Genehmigungsbypass trennen.
S145,Nachfrage verzehnfacht sich ohne weitere Workspaces,governance,S145.B01 S145.B02,GVR013 GVR019,bedingt keines,"Zehnfache Nachfrage gegen reale Kapazität, Deadlines und Retryidentität prüfen. Begrenzte Zulassung hält Arbeit lesbar, nicht alle angefragten Termine ein."
S146,Budget wird während langer Agentarbeit auf null gesetzt,governance,S146.B01 S146.B02,GVR001 GVR017 GVR018,teilweise,"Budgetnull ist keine forcierte Prozessbeendigung. Neue Annahme, bestehende Providerverpflichtung, Runtimebeobachtung und Lease getrennt anzeigen."
S147,Geschäftskunde verlangt garantierte Echtzeitantwort bei lokalem Single-Host,governance,S147.B01 S147.B02,GVR031,keines teilweise,Harte Echtzeitanforderung erst mit Ausfallhülle und Worst-case-Latenz annehmen. Single-host-Funktion und bewiesene Garantie sind verschiedene Ansprüche.
S148,Ein Fachauftrag ist nach Queuewartezeit wirtschaftlich wertlos,governance,S148.B01 S148.B02,GVR002,keines teilweise,Wirtschaftliche Gültigkeit in Warteschlangenauftrag führen und nach Queuewartezeit neu bewerten; technische Fertigstellung darf verpassten Nutzen nicht umetikettieren.
S149,Unternehmen kann keinen externen Backupdienst mehr bezahlen,governance,S149.B01 S149.B02,GVR001 GVR002 GVR012,teilweise,"Bezahlbarkeit, Primärbetrieb und Recoverydiversität getrennt führen. Neue verbleibende Kopie muss tatsächlich unabhängig zugänglich sein, nicht als Wunschbackup zählen."
S150,Unbekannte Providerrechnung macht Metrikvergleich irreführend,governance,S150.B01 S150.B02,GVR004 GVR017,teilweise,Monetäre Rangfolge an abgerechneten bzw. bindend begrenzten Kosten ausrichten; unbekannter Rechnungsteil darf keinen Nullpreis und kein modellübergreifendes Siegersignal erzeugen.
S151,Rust-Update ändert Plattformverhalten trotz unverändertem Code,governance,S151.B01 S151.B02,GVR016 GVR020,bedingt,Buildidentität samt Rust/Plattform und konkrete Verhaltensverträge führen; gleiches Sourcecommit ist keine Laufzeitäquivalenz.
S152,Release enthält neue Eventversion aber keinen alten Upcaster,governance,S152.B01 S152.B02,GVR020,bedingt teilweise,Eventreplay als Zielvertrag kennzeichnen: unbekannte Version nicht überspringen. Abwärtsverträgliche neue Formate brauchen nicht zwangsläufig einen Upcaster.
S153,Python-Prototyp und Rust mutieren denselben Tabellennamen mit anderem Schema,governance,S153.B01 S153.B02,GVR020 GVR033,bedingt teilweise,"Prototyp/Rust-Cutover mit Semantik- und Writergrenze planen; SQL-Transaktion serialisiert konkurrierende Bytes, nicht zwei widersprechende Schemasichten."
S154,Rollback des Binaries trifft auf bereits migriertes Schema,governance,S154.B01 S154.B02,GVR011 GVR020 GVR021,bedingt,Rollbackfähigkeit pro exactem Binary und Datenversion prüfen; Datenrestore ist keine Rücknahme nach Snapshot ausgeführter Außenaktionen.
S155,Ein Versionspaket ist nach Maintainerwechsel nicht mehr herunterladbar,governance,S155.B01 S155.B02,GVR001 GVR016,bedingt teilweise,Versionssatz einschließlich Abhängigkeiten und Rechte lokal benennen. Unverfügbare Downloadadresse allein ist weder Laufzeitausfall noch vollständige Reproduzierbarkeit.
S156,Veröffentlichung exportiert versehentlich Company-root statt Projekt,governance,S156.B01 S156.B02 S156.B03,GVR005 GVR036,bedingt keines,"Publikation als vorab geprüften Projektobjektgraph binden, einschließlich Historie. Nach Sendung tatsächliche Leser und Kopien statt bloßer lokaler Löschung bewerten."
S157,Tests bestätigen absichtlich unsicheren Missing-ID-Fallback,governance,S157.B01 S157.B02,GVR005 GVR031,bedingt teilweise,Missing-ID-Vertrag muss unabhängig vom absichtlich falschen Testoracle überprüfbar sein; grüne Tests dürfen keine erfundene persönliche Identität schaffen.
S158,README und ADR widersprechen dem aktuellen Library-Schema,governance,S158.B01 S158.B02,GVR020 GVR031,bedingt teilweise,"Dokumentations-/ADR-Ziel und ausgelieferte Versionsfähigkeit getrennt versionieren; Widerspruch im gelesenen README ist enger Befund, kein vollständiger Betriebsnachweis."
S159,Automatischer Updater aktiviert Plugin vor Manifestverifikation,governance,S159.B01 S159.B02,GVR002,teilweise ungeklaert,Prüfreihenfolge vor jeder Codeaktivierung einschließlich Hooks erzwingen. Nachträgliches Manifestversagen kann bereits ausgeführte Wirkungen nicht zurückholen.
S160,Jedes Architekturproblem wird durch weiteren Kerndienst beantwortet,governance,S160.B01 S160.B02,GVR031,bedingt teilweise,Neue Verantwortung gegen vorhandenen Kernelvertrag und Gesamtintegration prüfen; module_hint verlangt keinen neuen Dienst. Begründete Vereinfachung und Wachstumsschleife trennen.
S161,Firmengründer fällt dauerhaft aus und niemand besitzt Freigabeautorität,governance,S161.B01 S161.B02,GVR001 GVR005 GVR032,bedingt teilweise,Legitime Nachfolge von Credentialbesitz unterscheiden; ohne befugte Person keine Selbstermächtigung. Gehaltene Aufgaben und rein lesende Akten sind begrenzte Restfähigkeiten.
S162,Zwei Geschäftsführer geben widersprüchliche Anweisungen zum selben Effekt,governance,S162.B01 S162.B02,GVR005 GVR010 GVR032,bedingt,"Widerspruch auf Effekt-ID, Zeitpunkt und Vorrang beziehen; letzte Ankunft und zwei legitime Titel sind keine Konfliktlösung. Akzeptierte historische Wirkungen bleiben separat."
S163,Unternehmen wird verkauft und bisherige Mitarbeiter verlieren Zugriffsrechte,governance,S163.B01 S163.B02,GVR001 GVR010 GVR011 GVR032,bedingt teilweise,"Verkauf in aktuelle Befugnis-/Widerrufsepochen und historische Autorenschaft trennen; Papierentzug muss jede Session, Delegation und Restorezulassung erreichen."
S164,Projekt wird ausgegliedert und darf Company-Kontext nicht mitnehmen,governance,S164.B01 S164.B02,GVR005 GVR022,bedingt teilweise,Spin-out-Kontext explizit nach erlaubten Abhängigkeiten bauen; Root-to-leaf-Kompilierung darf verbotenen Altroot nicht automatisch übertragen.
S165,Sicherheitsverantwortlicher und Produktowner streiten über riskanten Resume,governance,S165.B01 S165.B02,GVR005 GVR032,bedingt teilweise,Risikovorrang und Nachweis früherer Teilnehmerwirkung als unabhängige Sperrprädikate führen. Freigabeautorität kann unbekanntes Outcome nicht durch Behauptung erzeugen.
S166,Dienstleister ersetzt komplette Agentflotte mit anderen Instrumenten,governance,S166.B01 S166.B02,GVR002 GVR004 GVR023,bedingt teilweise,Alt-/Neuinstrumente versioniert und nur kalibrierte Schnitte vergleichen; Outputabnahme unabhängig von blocked-/turns-Messung halten.
S167,Teams optimieren auf möglichst wenige blocked Runs und umgehen Freigaben,governance,S167.B01 S167.B02,GVR001 GVR010 GVR031,bedingt teilweise,Blockedzahl nicht als alleinigen Sicherheitserfolg führen; genehmigte Vereinfachung und tatsächlichen Bypass anhand unabhängiger Effekt-/Zustimmungsbelege unterscheiden.
S168,Scope-Besitzer verweigert Budgetauskunft obwohl gemeinsame Maschine überlastet ist,governance,S168.B01 S168.B02,GVR001 GVR019,bedingt teilweise,"Ressourcenverbrauch und faire Zuteilung ohne Offenlegung fremder Geschäftsbudgets erfassen, sofern zulässig. Budgetgeheimhaltung allein ist weder Missbrauch noch Kapazitätsmessung."
S169,Organisation verlangt nachträgliches Umschreiben eines unbequemen Auditfakts,governance,S169.B01 S169.B02,GVR033,bedingt keines,Sichtbare Korrektur mit ursprünglichem Fakt und Autor von verdecktem Rewrite trennen. Append-only Ziel braucht tatsächliche Schreibgrenze; gegen Root ist unabhängige Verwahrung nötig.
S170,Ein Partner stellt Betrieb ein und niemand kann seine alten Operationen bestätigen,governance,S170.B01 S170.B02,GVR001 GVR005 GVR021,teilweise,"Partnerstilllegung lässt Outcome unbekannt statt fehlgeschlagen werden. Lokale Versuche, unabhängige tatsächliche Teilnehmerbelege und neue Effektautorität separat halten."
S171,Tausend neue Scopes erzeugen je einen Pluginprozess,governance,S171.B01 S171.B02,GVR001 GVR019 GVR027,bedingt teilweise,"Pro-Scope-Aktivierung bleibt explizit, benötigt aber aggregierte Prozess-/Speicherzulassung. Tausend Prozesse sind ohne Footprint kein Beweis notwendiger Instabilität."
S172,Zwei Kunden fordern gegenseitige Geheimhaltung auf derselben User-ID,governance,S172.B01 S172.B02,GVR008,bedingt ungeklaert,Kundengeheimhaltung nach effektivem Angreifer-/UID-Rechtevertrag bewerten. Gemeinsame User-ID allein beweist weder Isolation noch tatsächlichen Leak.
S173,Remote-Worker laufen über Tage offline auf fremder Hardware,governance,S173.B01 S173.B02,GVR011 GVR021 GVR024,bedingt,"Offlineentwurf von aktueller Mutationsbefugnis und Fremdhardwarevertrauen trennen. Reconnect braucht aktuelle Rechte und Objektversionen, nicht bloßen Uploadabschluss."
S174,Produkt muss auf Smartphone ohne Daemon-Dauerbetrieb laufen,governance,S174.B01 S174.B02 S174.B03,GVR001 GVR024 GVR028,bedingt keines teilweise,"Smartphonevertrag zuerst festlegen: Remoteclient, intermittente Entwurfsarbeit oder autonome Fristwirkung. Kein versteckter ständig verfügbarer Fremddaemon wird vorausgesetzt."
S175,Firma verlangt Active-active mit automatischem Failover zwischen Städten,governance,S175.B01 S175.B02 S175.B03,GVR001 GVR021 GVR038,bedingt teilweise ungeklaert,Active-active-Vertrag braucht Partitionspolitik und extern durchgesetzte Operations-/Writeridentität. Mehrere DBs allein liefern weder eine Wahrheit noch automatisches sicheres Failover.
S176,Robotikplugin steuert irreversible Bewegung mit Millisekundenfrist,governance,S176.B01 S176.B02,GVR035,bedingt keines,"Factory nicht in Millisekundenregelkreis verlegen. Separater validierter Controller kann eine präzise physische Grenze tragen, nicht universelle Unumkehrbarkeit beseitigen."
S177,Regulierter Betrieb verlangt manipulationssichere Beweise gegen Root-Admin,governance,S177.B01 S177.B02,GVR033,keines teilweise,Gegen Root benötigter Beweis braucht benannte unabhängige Verwahrung jenseits lokaler Dateien und Code. Lokales Append-only ist kein manipulationssicherer Menschenbeweis.
S178,Ereignisbestand wächst auf Jahrzehnte und Replay dauert länger als RTO,governance,S178.B01 S178.B02,GVR020 GVR025,bedingt teilweise,"RTO mit vollständig validiertem Reader, Inhalt, Snapshot und Tail messen. Langsamer korrekter Replay ist kein Informationsverlust; Snapshotexistenz beweist keine Beschleunigung."
S179,Kunde fordert vollständigen Export und Abschaltung aller Factorydienste,governance,S179.B01 S179.B02 S179.B03,GVR021 GVR026,bedingt keines teilweise,"Exportabnahme, lokale Dienstbeendigung, externe Teilnehmerpflichten und spätere Kopienlöschung getrennt abschließen. Exportcontainer nur unter .factory erzeugen; Empfängernutzung ist eigener Vorgang."
S180,Pluginlandschaft entwickelt wechselseitige Abhängigkeiten mit Startzyklus,governance,S180.B01 S180.B02,GVR027,bedingt,Bereitschaftsabhängigkeiten von optionalen Bindungen trennen; unabhängiger lokaler safe-mode Zugang darf nicht Mitglied des Pluginstartzyklus sein.
S181,Extremer Sonnensturm zerstört Elektronik in mehreren Backupregionen,governance,S181.B01 S181.B02,GVR012,keines teilweise,"Mehrere zerstörte Regionen nicht mit vollständigem Weltverlust gleichsetzen. Medien, Schlüssel, Decoder und Ersatzenergie im benannten Schadensinventar gemeinsam prüfen."
S182,Mac erwacht im Jahr 2046 und alle Termine Zertifikate und Anbieter sind historisch,governance,S182.B01 S182.B02,GVR001 GVR005 GVR013 GVR032,bedingt teilweise,"Langzeiterwachen als Neuabgleich von Zeit, Zuständigkeit, Abhängigkeiten und begrenztem Nachholen behandeln. Alte Termine/Credentials sind keine aktuelle Handlungsfreigabe."
S183,Nach zwanzig Jahren versteht niemand mehr Sprache und Geschäftskürzel der Taskprompts,governance,S183.B01 S183.B02,GVR001 GVR029,bedingt teilweise,"Mechanische Lesbarkeit, zeitgenössische Bedeutung und neue Modellinterpretation trennen. Fehlendes tacites Wissen nicht durch plausible Expansion als gerettet ausgeben."
S184,Alle verfügbaren Modelle und menschlichen Prüfer teilen denselben überzeugenden Irrtum,governance,S184.B01 S184.B02 S184.B03,GVR001 GVR006,bedingt keines teilweise,"Keine unfehlbare dritte Reviewerinstanz erfinden. Gemeinsamer Irrtum, Verstärkung und unabhängig messbares Gegenereignis sind verschiedene Voraussetzungen."
S185,Zwei technisch identische Instanzklone erhalten widersprüchliche legitime Weltzustände,governance,S185.B01 S185.B02 S185.B03,GVR001 GVR005 GVR032,bedingt ungeklaert,"Identität der Weltobjekte, Jurisdiktion und Wirksamkeitszeit vor Klonabgleich bestimmen. Gleiche Technik ist kein gemeinsamer legitimer Namensraum."
S186,Neue Rechtslage verlangt sofortige Löschung aller Geschäftsdaten und zugleich ewige Beweisbarkeit,governance,S186.B01 S186.B02 S186.B03,GVR014 GVR015,bedingt keines ungeklaert,Löschung und Beweis als genaue Informationsanforderungen mit bindender Rechtsauslegung bestimmen. Unvereinbare Pflichten nicht durch einen imaginären Hashbeweis oder illegale Kopie lösen.
S187,Energie steht künftig nur fünf Minuten pro Monat zur Verfügung,governance,S187.B01 S187.B02,GVR001 GVR028,bedingt teilweise,"Boot, Recovery und kleinsten Commit gegen tatsächliches Energiefenster messen. Keine Dauerkommunikation aus periodischem Checkpoint ableiten."
S188,Alle genutzten Kryptoprimitiven gelten plötzlich als praktisch gebrochen,governance,S188.B01 S188.B02 S188.B03,GVR033,keines teilweise,Gebrochene Kryptographie nach konkreter Beweis-/Secrecyeigenschaft führen; tatsächliche Entschlüsselung/Fälschung braucht eigenes Ereignis. Nur wirklich unabhängige physische Herkunft kann enger Rest sein.
S189,Firma spaltet sich rechtlich in zwei Nachfolger die beide alle Freigaberechte beanspruchen,governance,S189.B01 S189.B02,GVR005 GVR011 GVR032,bedingt,Rechtliche Nachfolgeransprüche vor technischen Grants adjudizieren oder anerkannt partitionieren. Credentials und Operationsfencing entscheiden keine Eigentumsfrage.
S190,Alle Geräte Backups Schlüssel und Erinnerungen an das System verschwinden,governance,S190.B01,none,keines,"Totalverlust ausdrücklich als Grenze ohne Recoverymodul ausweisen. Keine Erinnerung, externe Kopie oder neu erzeugte Identität darf dem wörtlichen Inventar nachträglich hinzugefügt werden."
S191,Alter Restore trifft auf widerrufene Freigabe und inzwischen ausgeführte queued-Aktion,governance,S191.B01 S191.B02 S191.B03,GVR001 GVR005 GVR011 GVR021,bedingt keines teilweise,"restore::reconcile kennt nur Snapshotsuffix. Widerruf, Teilnehmeroutcome und lokale Lease separat abgleichen; queued ohne Versuch ist kein globales nie gesendet."
S192,Pluginflood füllt SSD genau als dringender Widerruf eingeht,governance,S192.B01 S192.B02 S192.B03,GVR034,bedingt keines ungeklaert,Notfallstop bei voller SSD von dauerhafter Widerrufsbestätigung trennen. Vollständige letzte Zulassung und Crash-Neustartbarriere müssen konkret nachgewiesen werden.
S193,Herdrausfall hält Leases und einziger Operator stirbt während Rechenbudget ausläuft,governance,S193.B01 S193.B02,GVR001 GVR005 GVR017 GVR032,teilweise,"Runtimebeobachtung, Leasereservierung, Nachfolgeautorität und Budget als vier unabhängige Bedingungen führen. Kein automatisches Leasefreigeben aus Operatortod oder Kostenende."
S194,Restoremanifest ist vollständig aber einzige Contentkopie unterliegt gerichtlich angeordneter Löschung,governance,S194.B01 S194.B02 S194.B03,GVR014 GVR015 GVR020,bedingt keines teilweise,"Manifestkonsistenz, Payloadabhängigkeit eines Reducers und bindende Löschanordnung getrennt prüfen. Vollständigkeitsflag darf weder illegale Kopie erlauben noch fehlende Bytes ersetzen."
S195,Providerwechsel verändert Outputformat und derselbe Modelltyp verifiziert seinen Fehler,governance,S195.B01 S195.B02 S195.B03,GVR004 GVR005 GVR006 GVR037,bedingt teilweise,"Outputsyntax, konkrete Fachsemantik, Instrumentzuordnung und unabhängige Abnahme getrennt migrieren. Same-family-Review liefert keine zweite unabhängige Fehlerquelle."
S196,Zwei Scopeagenten vervielfachen Tasks während Cron eine monatelange Nachholwelle erzeugt,governance,S196.B01 S196.B02,GVR001 GVR013,bedingt teilweise,"Cronvorkommen, frische Wurzeln, Lineage und Retries gemeinsam zählen. Zwei Agents dürfen nicht still die vorhandene Same-chain-Zyklussperre umgehen; finite Nachholwelle ist kein Attraktor."
S197,Compensation läuft gegen vom Menschen veränderte Daten während ihr Plugin geupdatet wird,governance,S197.B01 S197.B02,GVR009 GVR030,bedingt keines,"Inverse an Originaloperationsvertrag, tatsächlich ausgeführte Pluginbytes und heutige Objektversion binden; abgewiesene Kompensation nicht als fertigen Rollback markieren."
S198,Migrationscutover wird unterbrochen und Backupklon startet parallel den Legacydispatcher,governance,S198.B01 S198.B02 S198.B03,GVR001 GVR020 GVR021 GVR038,bedingt keines teilweise,Cutover-Autorität außerhalb einzelner DBkopie erzwingen. Schemafallback und Teilnehmer-Fencing sind getrennte Grenzen; zwei konsistente lokale Stores verhindern kein Duplikat.
S199,Geräteverlust trifft auf verlorenen Backup-Key und insolventen Softwarelieferanten,governance,S199.B01 S199.B02 S199.B03,GVR012 GVR016,bedingt keines teilweise,"Gerät, Backupschlüssel und Toolanbieter als getrennte notwendige Pfade prüfen. Insolvenz ist nicht Beweis fehlender Open-/Altsoftware; vorhandene Software entschlüsselt ohne nötigen Schlüssel keine Daten."
S200,Incidentbericht behauptet volle Resilienz weil alle Matrixfelder markiert sind und stoppt reale Tests,governance,S200.B01 S200.B02,GVR031,bedingt teilweise,"Matrixcoverage, Testdurchführung, fachliche Abnahme und empirische Resilienz explizit auseinanderhalten. Auch diese A7-Abgabe darf Prüfstop nicht legitimieren."
S201,Der ganze Mac verliert Strom und kann keinen Ausfallalarm mehr senden,observability,S201.B01 S201.B02,OBR001 OBR002,bedingt teilweise,"Lokalen Bestand, laufende Ausführung und externe Ausfallfeststellung separat ausweisen. Ein unabhängiger Detektor ersetzt weder Strom noch erreichbaren Menschen."
S202,Der Rechner läuft aber der Factory-Daemon ist seit Stunden beendet,observability,S202.B01 S202.B02,OBR001 OBR005 OBR017,bedingt teilweise,Hostuptime nicht als Daemondienst führen. Neustart nur mit getrenntem Abgleich fortlaufender Teilnehmer und erhaltenem Versuchsstand.
S203,Der Rechner wacht nach drei Monaten mit alten wartenden Aufträgen auf,observability,S203.B01 S203.B02,OBR007 OBR017,bedingt teilweise,"Wake-up braucht Gültigkeitsentscheidung getrennt von explizitem restore::reconcile. Nie versucht heißt nicht noch erlaubt, Taskfreigabe und Lease bleiben eigene Prädikate."
S204,Factory und Monitoring-Mini-PC hängen an derselben ausgefallenen Steckdose,observability,S204.B01 S204.B02,OBR001 OBR002,bedingt teilweise,Fehlerdomäne Steckdose dokumentieren. Separate Box ist kein unabhängiger Zeuge und eine weitere Kopie wird nicht vorausgesetzt.
S205,Monitor Alarmemail und Backups werden durch dieselbe Accountsperre unzugänglich,observability,S205.B01 S205.B02,OBR002 OBR034,bedingt ungeklaert,Accountabhängigkeiten für Beobachtung Empfang und Backupzugang separat prüfen. Gesperrte Daten nicht als gelöscht oder als bereits verfügbare Kopie behandeln.
S206,Ein regionales Ereignis trennt Rechner Mobilfunk und den einzigen Operator,observability,S206.B01 S206.B02,OBR001 OBR002 OBR003,bedingt teilweise,"Region, Leser und Menschen als verschiedene Abhängigkeiten modellieren. Lokale autonome Erholung nicht als Alarmempfang darstellen."
S207,Der Monitor fällt eine Stunde vor Factory aus und bleibt stumm,observability,S207.B01 S207.B02,OBR002 OBR004,bedingt keines,"Auch Frische des Beobachters befristen. Ein zweiter Zeuge belegt Beobachterausfall, nicht automatisch Ursache oder Gesundheit Factorys."
S208,Der Alarmdienst bestätigt Versand aber die Nachricht landet im Spam,observability,S208.B01 S208.B02,OBR003,bedingt keines,"Versandannahme und menschlichen Empfang getrennt korrelieren, endliche Vorfallsquittung nicht zur Reparatur oder zur Erhaltung aller Vorfälle aufwerten."
S209,Ein Wartungsfenster von einer Stunde bleibt nach einem Fehler zehn Jahre stumm,observability,S209.B01 S209.B02,OBR001 OBR006,bedingt teilweise,"Mute braucht ursprünglichen dauerhaften Ablauf und sichere Behandlung unklarer Zeit. Ablauf macht Alarme berechtigt, nicht Wartung erfolgreich."
S210,Ein freier Health-Thread meldet grün während der Kernel im Deadlock steckt,observability,S210.B01 S210.B02,OBR001 OBR005,bedingt teilweise,"Kernelpfad und freien Health-Thread getrennt prüfen, Auswerter darf nicht am untersuchten Lock hängen. Ausbleibende Probe allein unterscheidet Deadlock nicht von extremer Langsamkeit."
S211,Reads funktionieren aber die SSD nimmt seit gestern keinen Commit mehr an,observability,S211.B01 S211.B02,OBR001 OBR005,bedingt teilweise,"Lesbarkeit und neue Dauerhaftigkeit getrennt bestätigen, Fehler vor Erfolg ausgeben. fsync-Frist nicht aus SQLite-busy-timeout ableiten."
S212,Alle Tasks sind legitim blockiert und ein Fortschrittsalarm erzeugt dauernd Lärm,observability,S212.B01 S212.B02 S212.B03,OBR001 OBR007 OBR008,bedingt teilweise,"Taskblocker und Vorfälle separat führen, Rohmeldungsreset darf keinen Vorfallsabschluss fingieren. Unendliche neue Vorfälle übersteigen jeden endlichen Bestand."
S213,Ein Proxy liefert nach dem Rechnerausfall noch eine Woche gecachte Lebenszeichen,observability,S213.B01 S213.B02,OBR004,bedingt keines,"Quellalter statt Proxyempfang als Frische benutzen. Eine Woche Cache ist endliche Täuschung, nicht selbsttragende Erneuerung."
S214,Nach Netzrückkehr treffen tausend alte Heartbeats schneller als echte ein,observability,S214.B01 S214.B02,OBR004 OBR016,bedingt ungeklaert,Frischeprüfung und begrenzte Verarbeitung des Rückstaus separat bauen. Ablehnen alter Pakete ohne Kapazitätsgrenze garantiert keine schnelle echte Probe.
S215,Ein restaurierter Klon sendet dieselbe alte Monitoridentität wie das Original,observability,S215.B01 S215.B02,OBR004,bedingt keines,Kloninkarnation unabhängig von kopiertem logischem Namen vergeben. Bei vollständig kopierter Autorität ehrliche Mehrdeutigkeit statt erfundener Unterscheidung.
S216,Ein Agent erzeugt pro Token ein neues Metriklabel bis das Monitoring abstürzt,observability,S216.B01 S216.B02,OBR001 OBR009,bedingt teilweise,Labelanzahl vor Allokation und aggregierten Monitoringbedarf begrenzen. Eigener Prozess ohne Ressourcenisolation schützt den Kernel nicht.
S217,Ein Tracingexport wartet bei jedem Commit auf einen ausgefallenen Cloudcollector,observability,S217.B01 S217.B02 S217.B03,OBR001 OBR010,bedingt teilweise,"Traceexport aus Commitbestätigung entfernen, Position des Exportfehlers vor oder nach Commit ausdrücklich festhalten."
S218,Ein Debugmodus verdoppelt die Latenz und beseitigt zugleich das untersuchte Rennen,observability,S218.B01 S218.B02,OBR011,bedingt ungeklaert,Instrumentierungsmodus Exposition und alternative Ordnungsbelege erhalten. Debug-Erfolg ist keine Reparaturgarantie; ursprüngliche Einordnung bleibt ohne historische IDs.
S219,Acht Schichten brauchen jeweils neun Sekunden bei einer Gesamtfrist von zehn,observability,S219.B01 S219.B02,OBR012,bedingt teilweise,"Eine Gesamtfrist mit deklariertem Ursprung über Hops tragen, reale kritische Pfade statt Layerzahl addieren. Ablaufverweigerung ist kein nützliches Geschäftsergebnis."
S220,Ein Auftrag wartet 48 Stunden in der Queue und bekommt danach eine frische Fünfsekundenfrist,observability,S220.B01 S220.B02,OBR012 OBR013,bedingt teilweise,"Queuezeit nicht mit frischem Servicetimer überschreiben. Vertragsursprung explizit, Service-SLO darf als enger Claim bestehen bleiben."
S221,Ein 200-Millisekunden-Task wartet zwölf Jahre auf menschliche Freigabe,observability,S221.B01 S221.B02,OBR007 OBR012,bedingt,"Freigabealter und Ressourcenbelegung von Rechenzeit trennen. Keine beliebige Frist unterstellen, Erlaubnisablauf und Geschäftstermin getrennt modellieren."
S222,Das Dashboard zeigt nur abgeschlossene Tasks und verschweigt den seit Wochen hängenden Rest,observability,S222.B01 S222.B02,OBR001 OBR013,bedingt teilweise,Aufnahmen und offene Alter neben abgeschlossenen Latenzen führen. Bessere Anzeige reclaimt keinen Slot und alle Status in task::list sind keine Dashboardgarantie.
S223,Der Lasttest sendet erst nach jeder Antwort und erzeugt während des Hängers keine neue Last,observability,S223.B01 S223.B02,OBR013 OBR014,bedingt ungeklaert,"Angebotene Aufnahmen Antworten und Nichtantworten getrennt messen. Closed-loop ist für passende reale Clientpopulation legitim, nicht universeller Lastbeweis."
S224,Aus tausend schnellen Samples wird ein p99.999-Verfügbarkeitsversprechen abgeleitet,observability,S224.B01 S224.B02,OBR014,teilweise ungeklaert,"Messgröße Population Stationarität und Konfidenz festhalten. Statistische Kritik ergänzt den offenen Zustand, erfindet keine operative Konvergenz."
S225,Ein Task wartet auf alle zehntausend Pluginantworten und eine kommt nie,observability,S225.B01 S225.B02,OBR015 OBR016,bedingt teilweise,Sollmenge und fehlende Prüfer explizit halten. Zeitlich begrenzte Ablehnung oder Teildiagnose dürfen nicht unbemerkt All-of-Semantik ersetzen.
S226,Ein Optimierer verdoppelt langsame Rechnungsaktionen spekulativ um das Tail zu verkürzen,observability,S226.B01 S226.B02,OBR017 OBR018,bedingt teilweise,Effektvolle Hedges nur mit bewiesenem Teilnehmervertrag und gültiger Aktionsfreigabe betrachten. Lokales Versuchsjournal ersetzt keine atomare Annahmededuplication.
S227,Ein Aggregator erklärt 999 von 1000 Prüfergebnissen für vollständig um schnell zu antworten,observability,S227.B01 S227.B02 S227.B03,OBR015,bedingt teilweise,"Pflichtmenge vor Beginn binden. Schwellenergebnis ist nur bei ursprünglichem Schwellvertrag vollständig, ein fehlendes Veto bleibt echte Lücke."
S228,Eine von hunderttausend Anfragen hängt unbegrenzt und belegt über Jahre alle Slots,observability,S228.B01 S228.B02,OBR001 OBR016,bedingt teilweise,"Slotresidenz und belegte Isolation messen, nicht aus seltenem Prozentwert eine Lebensdauer ableiten. Reclamation erfordert echte Beendigung oder Fence."
S229,Nur ein bestimmter Scope erlebt minutenlange fsync-Pausen während globale Mittelwerte grün sind,observability,S229.B01 S229.B02,OBR001 OBR012 OBR013 OBR016,teilweise,Scopebezogene Aufnahme- und Commitzeiten mit tatsächlicher I/O-Topologie verbinden. Faire Queues können einen ununterbrechbaren globalen fsync nicht isolieren.
S230,Eine zufällige Speicherbereinigung trifft immer dieselbe Geschäftsdeadline,observability,S230.B01 S230.B02,OBR011 OBR012,bedingt ungeklaert,Collectortrigger Deadlinephase Jitter Exposition und Auswahlmodus gemeinsam erfassen. Wiederholtes Zusammentreffen allein ist keine Lock-in-Dynamik.
S231,Die Antwort auf einen Versand kommt 90 Tage nach Ablauf der Idempotenzhistorie,observability,S231.B01 S231.B02 S231.B03,OBR018,bedingt keines ungeklaert,Lokale und externe Retention samt spätester Antwort gemeinsam festlegen. Späte Antwort allein dupliziert nichts; ohne lawful Korrelation keine rekonstruierte Gewissheit.
S232,Ein offline gepufferter Auftrag wird 2046 ausgeführt nachdem Empfänger und Firma gewechselt haben,observability,S232.B01 S232.B02,OBR007 OBR017 OBR035,bedingt teilweise,Offlinepuffer darf nicht neue Gegenwartserlaubnis aus alten Bytes ableiten. Empfängerbindung und Unternehmensnachfolge getrennt vom Erstellungsdatum prüfen.
S233,Ein Ergebnis trifft nach legaler Löschung seiner Zuordnung ein und enthält sensible Daten,observability,S233.B01 S233.B02 S233.B03,OBR042,bedingt keines,Nach legaler Löschung keine Zuordnung heimlich retten. Unassoziierte sensible Rückläufer müssen vor Log Routing und dauerhafter Aufnahme mit expliziter Rechtsgrenze behandelt werden.
S234,Cancel erreicht den Teilnehmer eine Mikrosekunde nach irreversibler Annahme,observability,S234.B01 S234.B02 S234.B03,OBR017 OBR018,bedingt teilweise,"Cancel-Anfrage Cancelannahme und externe irreversible Annahme getrennt belegen. Mikrosekundenordnung am Teilnehmer zählt, lokaler Timestamp ist kein Fence."
S235,Der Parent stirbt nach Timeout aber ein Enkelprozess schreibt zwei Tage weiter,observability,S235.B01 S235.B02 S235.B03,OBR001 OBR020 OBR021,bedingt teilweise,"Parentende nicht als gesamte Autoritätsbeendigung führen. Leasewiedervergabe nur bei geprüftem Eigentums- und Fencevertrag, vergangene Enkelwrites separat abgleichen."
S236,Ein Cancel steckt hinter Gigabytes stdout im selben Kanal fest,observability,S236.B01 S236.B02,OBR017 OBR019,bedingt teilweise,"Control braucht reservierte Verarbeitung durch alle geteilten Leser und Scheduler, nicht nur zwei Pipe-Richtungen. Annahmefrist ersetzt keine externe Wirkungsfrist."
S237,CLI Kernel Plugin und SDK wiederholen jeweils viermal denselben Fehler,observability,S237.B01 S237.B02 S237.B03,OBR017 OBR022,bedingt teilweise,"Gemeinsames endliches Versuchsbudget von Teilnehmerdedup trennen. Vier Gesamtversuche je Schicht ergeben höchstens 256 Blätter, vier Wiederholungen fünf Versuche und höchstens 625."
S238,Eine Million Clients versuchen nach identischer Pause exakt gleichzeitig erneut,observability,S238.B01 S238.B02,OBR001 OBR016 OBR022,bedingt teilweise,"Admission und Retrybudget vor Jitter priorisieren. Timerstreuung verteilt Last, schafft aber keine Kapazität oder zulässige unbegrenzte Retryautorität."
S239,Nach Quotenfehler retryt ein Plugin aggressiver und verbraucht das letzte Budget,observability,S239.B01 S239.B02,OBR023,bedingt keines,"Quotenantwort und tatsächlich belastbare Kosten unterscheiden. Hart erschöpftes Budget ist Halt, nicht unbegrenzt weiterlaufender Überlastattraktor."
S240,Nach Stromrückkehr laden alle Agenten gleichzeitig ihre riesigen Modelle,observability,S240.B01 S240.B02,OBR001 OBR024,bedingt teilweise,Kaltstart-Spitzenbedarf und Ladezulassung getrennt vom Warmdurchsatz behandeln. Endliche Kohorte oder harter Startfehler sind keine wiedererzeugte Überlast.
S241,Ein leerer Cache macht eine bisher optionale Suche zum Kapazitätsengpass,observability,S241.B01 S241.B02,OBR001 OBR025,bedingt teilweise,Optionalität fachlich und im tatsächlichen kritischen Pfad nachweisen. Keine richtige Grundantwort ohne Suche erfinden wenn Suche Pflichtinformation liefert.
S242,Kalte DNS- und TLS-Aufbauten verbrauchen die gesamte Erstaufruffrist,observability,S242.B01 S242.B02,OBR001 OBR012,teilweise,DNS TLS und Queue unter denselben ursprünglichen Zeitvertrag nehmen. Erwärmung und fachliche Ausführung nicht durch blindes Budgeterneuern verwechseln.
S243,Ein 8-Terabyte-Export steht vor allen kleinen Kontrollabfragen,observability,S243.B01 S243.B02,OBR001 OBR012 OBR019 OBR026,bedingt teilweise,Bulktransfer von kleinen Kontrollen über den realen Engpass trennen. Streaming ohne Unterbrechbarkeit garantiert keine Bedienung.
S244,Ständig eintreffende Notfalltasks verdrängen normale Aufgaben über Monate,observability,S244.B01 S244.B02,OBR001 OBR012 OBR026,bedingt teilweise,"Notfallvorrang als explizite begrenzte Ressourcenzusage behandeln. Politisch gewollte Dauerpriorität ist äußere Last, kein selbsttragender Attraktor."
S245,Unklare Agenten halten alle Workspace-Reservierungen und der Operator fordert TTL-Freigabe,observability,S245.B01 S245.B02 S245.B03,OBR001 OBR020 OBR021,bedingt teilweise,restore::reconcile und reconnect_after_herdr_or_machine_restart unterschiedlich ausweisen. Presumed-gone-Replacement ist weder positiver Todesbeweis noch schon gestarteter zweiter Writer.
S246,Zehn Millionen registrierte Namen passen in den Store aber nicht in jede Kontextnachricht,observability,S246.B01 S246.B02,OBR001 OBR027,bedingt teilweise,"Registryabfrage und Kontexttext getrennte Verträge. Historischer compile-Pfad erhält explizite Quellen, eine automatische Vollregistrysendung ist dort nicht belegt."
S247,Ein einziges Ergebnis enthält hundert Gigabytes in einem gültigen JSON-Feld,observability,S247.B01 S247.B02,OBR001 OBR019 OBR028,bedingt teilweise,Framegrenze vor Allokation und dekodierte Gesamtgröße prüfen. Inhaltsverweis ist keine automatische Erhaltung oder sichere unbegrenzte Downloadberechtigung.
S248,Hunderttausend langsame Subscriber halten je eine eigene Queue offen,observability,S248.B01 S248.B02,OBR001 OBR029,bedingt teilweise,"Gesamtzahl Leser Gesamtbytes und Retentionsfenster zusammen begrenzen. Per-Queue-Cap allein ist kein globales Limit, alte Cursor brauchen ehrliche Lücke."
S249,Zwanzig Jahre Ereignisse brauchen drei Wochen Replay bei vereinbartem RTO von einer Stunde,observability,S249.B01 S249.B02 S249.B03,OBR001 OBR030,bedingt teilweise,RTO separat von Replaykorrektheit und Datenerhaltung nachweisen. Checkpoint nur mit erhaltenem Suffix Decoder und gemessener Bereitschaft als Entwurf akzeptieren.
S250,Der Restore passt nur wenn Original Export temporäre Kopie und Index nie gleichzeitig existieren,observability,S250.B01 S250.B02 S250.B03,OBR001 OBR031,bedingt keines teilweise,Peak-Live-Set mit Rollback und letzter guter Quelle planen. Kein Platzgewinn durch Löschen der einzigen verifizierten Eingabe als sichere Recovery verkaufen.
S251,Um Platz zu sparen werden nur Operationstombstones gelöscht und der nächste Retry dupliziert Wirkung,observability,S251.B01 S251.B02,OBR018,bedingt keines,"Tombstonebedarf nach spätestem möglichen Retry statt nach geringem Bytevolumen bestimmen. Teilnehmerhorizont getrennt belegen, kein Wiederherstellen gelöschter Zuordnung behaupten."
S252,Nach zehn Jahren Pause sind eine Milliarde Schedule-Occurrences nachzuholen,observability,S252.B01 S252.B02,OBR001 OBR007 OBR012 OBR032,bedingt teilweise,Vergangenes Scheduleintervall von einer Milliarde ausführbaren Runs trennen. Skip/Coalesce braucht legitimen Vertrag und erteilt keine neue externe Freigabe.
S253,Eine Providerstörung endet und alle blockierten Scopes starten im selben Millisekundenfenster,observability,S253.B01 S253.B02,OBR001 OBR016 OBR022,bedingt teilweise,"Provider-Rückkehr ist gemeinsamer Aufnahmeimpuls, keine neue Kapazität. Scopeberechtigung liefert keine Ressourcenisolation und Fehlerende muss bei gleichem Grundbedarf geprüft werden."
S254,Ein viraler Auftrag erzeugt rekursiv Millionen Kinder bevor die Rechnung sichtbar wird,observability,S254.B01 S254.B02 S254.B03,OBR001 OBR033,bedingt teilweise ungeklaert,Vererbte Scopekette begrenzt Tiefe aber nicht Breite. Gesamtkontingent an Wurzel binden und frische Wurzeln nur unter separat begrenzter Autorität zulassen.
S255,Dauerlast drosselt die CPU auf ein Zehntel und verlängert alle Fristen gleichzeitig,observability,S255.B01 S255.B02 S255.B03,OBR001 OBR012 OBR016 OBR026,bedingt teilweise,"Thermisch nachhaltige Rate statt kurzer Warmbenchmark als Zulassungsbasis messen. CPU-Drossel ändert reale Dauer, nicht automatisch Vertragsablauf."
S256,Die USV reicht für den Commit aber nicht für den nachfolgenden externen Versand,observability,S256.B01 S256.B02,OBR017 OBR018,bedingt teilweise,"Commit-vor-Writer-Lücke funktionsgebunden halten: historische deliver-Quelle nutzt manuelle Übergabe, keinen bewiesenen Versand. UPS kann weder Fernannahme noch deren Nichtvorkommen aus lokalem Intent beweisen."
S257,Lastabwurf schaltet zuerst den als unwichtig eingestuften Monitoringrouter ab,observability,S257.B01 S257.B02,OBR001 OBR002,bedingt teilweise,"Lastabwurf muss Monitoringenergie/-netz als Abhängigkeit explizit machen. OB02 wird nur auf Beobachtung bezogen, Ausführung kann vollständig weiterlaufen."
S258,Stop wartet hinter sämtlichen überlasteten Pluginaufrufen,observability,S258.B01 S258.B02,OBR017 OBR019,bedingt teilweise,"Stopaufnahme und Timer aus gesättigten Pluginpools heraus bedienbar machen, danach tatsächliche Autoritätswirkung und dauerhafte Bestätigung getrennt prüfen."
S259,Der Notfallzugang verlangt einen Login beim gerade gesperrten einzigen Identitätsanbieter,observability,S259.B01 S259.B02,OBR034,bedingt keines,"Lokales IPC-Safe-mode ist kein Autorisierungsbypass. Offline-Notautorität muss vorher eng bereitstehen, sonst ehrlicher Halt statt offener Shell."
S260,Die SSD ist voll und Factory bestätigt einen Stopp den es nicht speichern konnte,observability,S260.B01 S260.B02 S260.B03,OBR001 OBR019,bedingt teilweise,Dauerhaften gewünschten Stop von physischem Prozessende und Antwortstufe trennen. Historische stop/cancel-Library propagiert Commitfehler; lügender Wrapper ist nur Gegenbedingung.
S261,Ein korrekt authentifizierter Pluginaufruf verwendet das Credential eines anderen Scopes,observability,S261.B01 S261.B02,OBR017 OBR036,bedingt teilweise,"Authentisierte Pipe an konkrete Secret-Capability von Scope und Zweck binden, nicht Pluginbehauptung. Falsche Nutzung und tatsächliche Offenlegung getrennte Wirkungen."
S262,Ein menschenlesbarer Empfängername wird kurz vor Dispatch auf eine andere Identität umgebogen,observability,S262.B01 S262.B02,OBR007 OBR017 OBR035,bedingt teilweise,Menschlichen Namen vor Freigabe an unveränderliche tatsächliche Zielidentität binden und am Dispatch prüfen. Erneute Freigabe bei semantischer Änderung statt Namegleichheit.
S263,Eine importierte Task-ID wird als Beleg einer fremden Freigabe akzeptiert,observability,S263.B01 S263.B02,OBR017 OBR035,bedingt teilweise,Importierte Task-ID nie selbst als Freigabeevidenz akzeptieren. Approvalprovenienz Principal Scope und unveränderliche Aktion am Dispatch überprüfen.
S264,Ein Dokument behauptet Systemregel zu sein und verlangt den Upload aller Secrets,observability,S264.B01 S264.B02 S264.B03,OBR035 OBR039,bedingt keines,Dokumenttext darf keine Capability oder Approvalquelle sein. Promptformatierung nicht als Secret- oder Egressgrenze behandeln.
S265,Ein Fehlerlog enthält gefälschte Bestätigungen die ein Recovery-Agent für Operatorfreigaben hält,observability,S265.B01 S265.B02,OBR035,bedingt keines,"Logs sind Diagnose, keine Operatorstimmen. Wiederanlauffreigaben müssen aus separater authentisierter Quelle stammen und genau die neue Aktion binden."
S266,Ein Ergebnisartefakt schmuggelt eine neue externe Aktion in seine Prüfanweisung,observability,S266.B01 S266.B02,OBR007 OBR035,bedingt keines,"Artefaktprüfung und neue externe Aktion trennen. Hash oder gültiger Inhaltsverweis bindet Bytes, nicht Erlaubnis zu darin geforderten Tools."
S267,Ein gültig signiertes Pluginupdate exfiltriert Daten,observability,S267.B01 S267.B02 S267.B03,OBR039,bedingt keines,"Signatur prüft Herkunft, nicht Verhalten. Schon offengelegte Daten nicht als durch nachträgliche Isolation erhalten verkaufen, Wiederinfektion braucht konkrete reproduzierende Rechte."
S268,Ein zurückgezogenes Paket wird zwanzig Jahre später für Restore aus einem übernommenen Namen geladen,observability,S268.B01 S268.B02 S268.B03,OBR037,bedingt keines,Archivierte Inhalte Prüfanker und ausführungstaugliche Laufzeit getrennt sichern. Digestablehnung kann korrekt sein während vollständiger Restore mangels Bytes unmöglich bleibt.
S269,Das unabhängige Monitoring erhält denselben kompromittierten Auto-Updater wie Factory,observability,S269.B01 S269.B02 S269.B03,OBR038,bedingt keines,"Monitoring braucht getrennte administrative Vertrauensdomäne, nicht nur Strom/Netz. Unabhängige Evidenz muss eine konkrete Abweichung unterscheiden können, kein perfektes Orakel annehmen."
S270,Heartbeat-Schlüsselrotation und Netzpartition überlappen sodass beide Seiten den jeweils anderen Key ablehnen,observability,S270.B01 S270.B02,OBR004 OBR040,bedingt keines,"Rotation als expliziten bestätigten Epochzustand mit befristeter Überlappung und Frische führen. Authfehler bedeutet unbekannt, nie grün oder unbegrenzte Altkeyannahme."
S271,Ein zwanzig Jahre alter Vault ist lesbar aber niemand besitzt den Entschlüsselungsweg,observability,S271.B01 S271.B02,none,keines ungeklaert,Key Decoder Hardware und rechtmäßig zugängliche Rekonstruktionswege samt Zeithorizont inventarisieren. Lesbarer Vault allein ist keine Klartextfähigkeit und heutige Unkenntnis kein permanenter Totalverlust.
S272,Ein späterer kryptografischer Durchbruch macht alte sensible Exporte lesbar,observability,S272.B01 S272.B02,none,keines ungeklaert,Vertraulichkeitshorizont externer Kopien getrennt vom operativen Restorehorizont festlegen. Gegenwärtige Rotation oder lokale Löschung schützt bereits kopiertes verwundbares Material nicht rückwirkend.
S273,Ein feindlicher Agent liest andere Scopes direkt über das Betriebssystem,observability,S273.B01 S273.B02,OBR039,bedingt keines,Logische Scopeautorisierung von OS-Datei Prozess- und Mountrechten trennen. Historische Subprozesse unter gleichem User sind ausdrücklich kein vollständiger Sandboxnachweis.
S274,Ein Mitnutzer rekonstruiert fremde Aktivität aus geteilten CPU- und Queuezeiten,observability,S274.B01 S274.B02 S274.B03,OBR041,bedingt keines ungeklaert,Timing als eigenen Beobachtungskanal mit Angreiferrechten Baseline und Fehlerkosten modellieren. OS-Leseverbot nicht als Nichtinterferenzbeweis wiederverwenden.
S275,Der externe Monitor erhält aus Bequemlichkeit Shellzugriff auf Factory,observability,S275.B01 S275.B02 S275.B03 S275.B04,OBR038 OBR039,bedingt keines ungeklaert,"Monitorcredential nicht still zum Aktuator machen. Nur-Lese-Zeuge Datenkompartiment und tatsächliche Shellmacht getrennt prüfen, bloße Rechtevergabe ist noch kein Vorfall."
S276,Heartbeat-Labels verraten Kundennamen und vertrauliche Geschäftszeiten,boundaries,S276.B01 S276.B02,BDR001 BDR003,bedingt teilweise,Heartbeatvertrag von Kundenidentität und Betriebszeit trennen. Erhaltene technische Erreichbarkeit darf nicht als wiederhergestellte Vertraulichkeit gelten.
S277,Ein Debugexport für Monitoring enthält die vollständige AGENTS-Konversation,boundaries,S277.B01 S277.B02,BDR002 BDR003,bedingt teilweise,Diagnoseauszug positiv spezifizieren und vor Export abnehmen. Bereits gelernte Konversation kann kein Löschknopf wieder geheim machen.
S278,Ein Angreifer löst gezielt Fehlalarme aus um Alarmempfänger und Bereitschaftsmuster zu lernen,boundaries,S278.B01 S278.B02 S278.B03,BDR001 BDR003 BDR019,bedingt teilweise,Proberückkanal und Alarmzustellung getrennt begrenzen. Weder Rate-Limit noch eine endliche Nachricht erhalten automatisch menschliche Aufmerksamkeit für alle Vorfälle.
S279,Ein fehlerhafter Exporter erzeugt identisch falsche Daten und passende Prüfsummen in allen Backups,boundaries,S279.B01 S279.B02 S279.B03,BDR004,bedingt keines teilweise,Exportprüfsumme von unabhängiger Fachwahrheit trennen. Ohne überlebenden Ursprung keine korrekte Rekonstruktion behaupten.
S280,Ein einzelner Bitfehler verwandelt einen Betrag in eine andere noch gültige Zahl,boundaries,S280.B01 S280.B02 S280.B03,BDR004,bedingt keines teilweise,Betragsherkunft vor fachlicher Wirkung prüfen. Eine gültige Zahl und eine spätere finanzielle Korrektur beweisen weder Originalbetrag noch ungeschehenen Vorgang.
S281,Zwei signierte Journale widersprechen sich nach einer Split-Brain-Phase,boundaries,S281.B01 S281.B02 S281.B03,BDR003 BDR008,bedingt teilweise,Signierte Aussagen mit kausaler Autorität und Wirkungsbelegen verbinden. Konfliktaufbewahrung und Teilnehmerausschluss sind getrennte Verträge.
S282,Ein altes Backup kennt weder gestern versandte Rechnungen noch heutige Widerrufe,boundaries,S282.B01 S282.B02 S282.B03,BDR009 BDR010,bedingt keines,Snapshotalter und fehlenden Nachlauf sichtbar halten. Restore-Sperre nur auf tatsächlich enthaltene Versuche beziehen und aktuelle Teilnehmerrechte gesondert prüfen.
S283,Original und restaurierter Klon senden gleichzeitig plausible Lebenszeichen,boundaries,S283.B01 S283.B02 S283.B03,BDR003 BDR008,bedingt teilweise,Heartbeatidentität nicht mit exklusiver Wirkmacht gleichsetzen. Generation muss bei allen Effektteilnehmern greifen einschließlich alter Puffer.
S284,Der Recoverylauf dauert so lange dass seine zu Beginn geprüften Rechte schon wieder verfallen,boundaries,S284.B01 S284.B02,BDR009 BDR010,bedingt teilweise,Recoveryfortschritt darf keine neue Autorität erzeugen. Gültigkeit beim letzten Effekt prüfen und fehlende Rückmeldung separat halten.
S285,Neuer Client und altes Plugin interpretieren dieselbe gültige Zahl mit verschiedener Einheit,boundaries,S285.B01 S285.B02,BDR004 BDR005,bedingt teilweise,Bedeutungsvertrag mit Einheit Skalierung und Version an die Wirkung binden statt nur JSON-Zahlen zu validieren.
S286,Ein optionales Plugin verlangt plötzlich eine globale Kernmigration für alle Scopes,boundaries,S286.B01 S286.B02 S286.B03,BDR011 BDR012 BDR022,bedingt keines teilweise,Kernmigration vom optionalen Pluginvertrag trennen. Scopeisolation nur für unabhängig startbare Pfade behaupten und Notreader gesondert sichern.
S287,Altes Binary öffnet einen neuen Store und ersetzt unverstandene Felder durch Defaults,boundaries,S287.B01 S287.B02 S287.B03,BDR013,bedingt keines,Vor erstem Schreibzugriff Writerkompatibilität prüfen. Unbekannte Felder dürfen nicht normalisiert werden und verlorene einzige Werte bleiben verloren.
S288,Rollback startet den alten Code nachdem der neue schon eine irreversible Außenaktion ausgelöst hat,boundaries,S288.B01 S288.B02,BDR003 BDR009,bedingt teilweise,Rollback mit vorwärts erhaltenem Wirkungsregister verbinden. Lokal alter Code darf weder Außenwelt rückdatieren noch fehlende neue Effekte als ungesendet behandeln.
S289,Eine Migration verliert die Verbindung genau zwischen Übergabe und Start des neuen Writers,boundaries,S289.B01 S289.B02 S289.B03,BDR003 BDR008,bedingt teilweise,Verteilte Writerübergabe von lokaler SQL-Migration unterscheiden. Dauerhafte Übergabeevidenz und echte Teilnehmerexklusion vor Start des Nachfolgers benötigen getrennte Nachweise.
S290,Eine Notfallkorrektur benötigt gerade das kaputte Plugin um dessen Konfiguration zu lesen,boundaries,S290.B01 S290.B02,BDR011,bedingt keines,Notfallkonfiguration ohne Start des kaputten Plugins interpretierbar machen. Schlüsselabhängigkeit und Außenfreigabe bleiben eigenständige Grenzen.
S291,Der einzige Maintainer verschwindet und ein Nachfolger kennt die verdeckten Betriebsannahmen nicht,boundaries,S291.B01 S291.B02 S291.B03,BDR003 BDR014,bedingt teilweise,Verdeckte Annahmen als begrenztes Übergabepaket explizit machen. Weggang allein begründet weder Wartungsattraktor noch erloschene Reparaturbefugnis.
S292,Eine winzige Reparatur braucht eine nicht mehr erhältliche Toolchain und einen gelöschten Cloudaccount,boundaries,S292.B01 S292.B02 S292.B03,BDR014 BDR022,bedingt teilweise,Lokale Baufähigkeit und Providerberechtigung getrennt inventarisieren. Laufendes Binary ist kein Beweis zukünftiger Reparierbarkeit.
S293,Nach tausend Sonderfällen versteht niemand mehr welche Ausnahme Außenwirkung erlaubt,boundaries,S293.B01 S293.B02,BDR003 BDR015,bedingt teilweise,Wirksame Ausnahmeentscheidungen mit expliziter Vorrangregel dokumentieren. Regelzahl allein ist keine Dynamik und ein Entscheidungsregister ist keine universelle Außenaktionssperre.
S294,Ein Update der gemeinsamen JSON-Bibliothek verändert gleichzeitig Plugins Replay und Monitoring,boundaries,S294.B01 S294.B02 S294.B03,BDR004 BDR022,teilweise,Gemeinsame JSON-Abhängigkeit nicht als unabhängigen Prüfer behandeln. Semantischen Gegenvergleich und unveränderte Ursprungsbytes vor Upgrade sichern.
S295,Ein Monitoringfeature macht einen Cloudaccount zur Startvoraussetzung aller Kindscopes,boundaries,S295.B01 S295.B02,BDR011 BDR012 BDR022,bedingt teilweise,Monitoringaktivierung scopeweise halten und lokalen Inspektionsstart ohne Cloudkonto ermöglichen. Cloudfreiheit dieses Pfads ist keine Dienstgarantie aller Plugins.
S296,Eine hilfreiche automatische Reparatur wächst zum zweiten schreibenden Kernel,boundaries,S296.B01 S296.B02 S296.B03,BDR003 BDR008,bedingt teilweise,Reparaturhelper dürfen nur Kommandos an dieselbe Schreibautorität liefern. Schreibkonfliktbeleg allein verhindert keinen unabhängigen zweiten Kernel.
S297,Alle Tests verwenden sofortige Antworten und verpassen jede verspätete Annahme,boundaries,S297.B01 S297.B02 S297.B03,BDR009 BDR016,bedingt ungeklaert,Testbeleg und reale Annahme separat führen. Versuchsregister schützt nur bekannte lokale Wiederholung und benötigt negative Spuren mit später Annahme.
S298,Die virtuelle Testuhr friert Timeout und externen Monitor gemeinsam ein,boundaries,S298.B01 S298.B02,BDR016,bedingt ungeklaert,Prüferuhr vom Tasktimer trennen und Testzeit nicht als Betriebsevidenz ausgeben. Ohne unabhängige Uhr bleiben reale Dauer und Erkennung offen.
S299,Ein Mock bestätigt Fencing obwohl der reale Provider alte Generationen akzeptiert,boundaries,S299.B01 S299.B02 S299.B03,BDR003 BDR008 BDR016,bedingt teilweise,Fencingrückmeldung an tatsächliche Annahme alter Generationen binden. Testspur und echter Ausschluss sind verschiedene Residues.
S300,Ein erfolgreicher Bericht vertauscht Euro Cent und Dezimalkomma,boundaries,S300.B01 S300.B02 S300.B03,BDR004 BDR005,bedingt teilweise,Berichtsformat und tatsächliche Menge gesondert abnehmen. Falsche Anzeige allein beweist keine falsche Zahlung und gleiche Formatter sind kein unabhängiger Check.
S301,Ein schneller Cache liefert eine alte aber plausibel richtige Preisliste für heutige Bestellung,boundaries,S301.B01 S301.B02 S301.B03,BDR003 BDR006,bedingt teilweise,Preisalter von rechtlicher Angebotsbindung trennen. Cachegültigkeit muss für diese Bestellung entschieden werden nicht über allgemeine Frischeetiketten.
S302,Ein Auftrag wird vollständig für die falsche reale Person mit gleichem Namen erledigt,boundaries,S302.B01 S302.B02 S302.B03,BDR003 BDR007,bedingt teilweise,Realen Empfänger von internen IDs und Anzeigenamen trennen. Empfängerbeleg erhält Zuordnung nicht rückwirkend Geheimhaltung nach Fehllieferung.
S303,Im Incident ist die rote Warnung für einen farbfehlsichtigen Operator nicht erkennbar,boundaries,S303.B01 S303.B02,BDR003 BDR017,bedingt teilweise,Alarme mehrkanalig in ihrer Bedeutung darstellen und operatorgerecht prüfen. Sichtbarer Alarm ist weder Verständnis noch rechtzeitige physische Intervention.
S304,Ein langer Scopepfad wird im Mobilalarm gekürzt und der Operator stoppt die falsche Instanz,boundaries,S304.B01 S304.B02,BDR003 BDR017,bedingt teilweise,Vollständige stabile Zielidentität vor Stoppausführung anzeigen und bestätigen. Mobilkürzung darf nicht zum Eingriffsschlüssel werden.
S305,Eine übersetzte Schaltfläche macht aus unklar scheinbar sicher fehlgeschlagen,boundaries,S305.B01 S305.B02,BDR003 BDR009 BDR017,bedingt teilweise,Unklar und abgelehnt als unvertauschbare Zustände durch Übersetzung und Aktionsangebot führen. Falscher Glaube ist noch kein falsches Werkprodukt.
S306,Der Alarm erreicht nachts ein ausgeschaltetes Telefon und niemand bemerkt ihn für Tage,boundaries,S306.B01 S306.B02,BDR003 BDR018,bedingt teilweise,Menschlichen Empfang und Ende der Zustellpflicht separat vom Providerack führen. Keine Ausweichbereitschaft erfinden wo nachts niemand erreichbar ist.
S307,Ein Flapping-Link erzeugt zehntausend Meldungen und verdeckt den späteren echten Totalausfall,boundaries,S307.B01 S307.B02,BDR019,bedingt teilweise,Meldungsdeduplikation vom offenen Vorfallsregister trennen. Echten Totalausfall trotz endlichem Burst erhalten und Schleifen nur nach Ende der Flaps behaupten.
S308,Der Operator bestätigt einen Alarm sofort aber die Reparatur liegt drei Monate in seiner Queue,boundaries,S308.B01 S308.B02 S308.B03,BDR019 BDR032,bedingt teilweise,Quittung Zuständigkeit Aufschub und geprüfte Behebung als getrennte Vorfallszustände führen. Reparaturfrist nicht mit Alarmack erfüllen.
S309,Zwei rechtmäßige Vertreter erteilen gleichzeitig gegensätzliche Freigaben,boundaries,S309.B01 S309.B02,BDR010 BDR015,bedingt,Legitime Vorrangentscheidung und aktuelle Annahmegrenze koppeln. Ankunftsreihenfolge darf fehlende rechtliche Rangordnung nicht erfinden.
S310,Der ausgeschiedene Betreiber kontrolliert noch den einzigen Monitoringaccount,boundaries,S310.B01 S310.B02,BDR020 BDR022,bedingt teilweise,Monitoringkontohoheit und legitime Nachfolge unabhängig vom ausgeschiedenen Betreiber gestalten. Sichtverlust ist nicht automatisch Dienststillstand.
S311,Ein befangenes Team schaltet Alarme stumm um eigene Fehlaktionen unsichtbar zu machen,boundaries,S311.B01 S311.B02,BDR021,teilweise,Stummschaltung außerhalb der alleinigen Kontrolle des bewerteten Teams sichtbar halten. Unabhängiger Regelbeleg und echtes Incidentwissen nicht verwechseln.
S312,Zwei Modellanbieter Monitor und Pager nutzen denselben gestörten Cloudunterbau,boundaries,S312.B01 S312.B02 S312.B03,BDR022 BDR025,bedingt teilweise,Gemeinsame Cloudabhängigkeit einschließlich Pager und Funding inventarisieren. Offlineinspektion und kontrollierte Lastannahme sind kein Ersatz für externen Modellbetrieb.
S313,Eine Zahlungssperre stoppt Modelle Backups und Alarme am selben Tag,boundaries,S313.B01 S313.B02,BDR022,teilweise,Finanzielle und technische Abhängigkeiten getrennt abbilden. Abonnementverlust löscht nicht zwingend Offlinekopien aber bekannte Verfügbarkeit ist keine Datenretentionszusage.
S314,Der einzige Provider stellt den Dienst mit 24 Stunden Frist endgültig ein,boundaries,S314.B01 S314.B02 S314.B03,BDR009 BDR022 BDR023 BDR024,bedingt teilweise,Austauschbarkeit vor Ablauf fachlich prüfen und alte Teilnehmerpflichten nicht mit Providerwechsel schließen. Lesbarer Export ist eine kleinere Restfähigkeit als fortgesetzter Dienst.
S315,Ein Provider meldet Tokenkosten erst eine Woche nach Überschreitung des Monatsbudgets,boundaries,S315.B01 S315.B02,BDR024 BDR025,bedingt,Gemeldete Kosten von zugesagter Haftung trennen. Lokales Retrybudget ist kein Gelddeckel ohne obere Kostengrenze pro Annahme und Teilnehmerdurchsetzung.
S316,Ein p99.999-Latenzziel führt zu hundert spekulativen Kopien pro Auftrag,boundaries,S316.B01 S316.B02,BDR024 BDR025,bedingt teilweise,Kopien als aktive Verpflichtungen zählen und Deduplikation von Kostengrenze trennen. Attraktorprüfung braucht konstante Grundlast vor und nach dem auslösenden Latenzstoß.
S317,Aufmerksamkeit für Fehlalarme kostet mehr als sämtliche Modellaufrufe,boundaries,S317.B01 S317.B02,BDR019,bedingt teilweise,Absolute Aufmerksamkeit und Vorfallsbearbeitung statt Kostenverhältnis allein bewerten. Teurer stabiler Betrieb muss als Alternative erhalten bleiben.
S318,Eine behördliche Untersagung trifft zwischen Freigabe und später Teilnehmerannahme ein,boundaries,S318.B01 S318.B02,BDR003 BDR010,bedingt teilweise,Gültiges Verbot mit fachlich bestimmtem Wirksamkeitszeitpunkt am letzten Teilnehmer durchsetzen. Alte Freigabe und lokale Kenntnis sind keine Rückwirkung.
S319,Zwei Rechtsräume verlangen gleichzeitig Löschung und unveränderte Beweisaufbewahrung,boundaries,S319.B01 S319.B02 S319.B03,BDR036,bedingt keines ungeklaert,Keine automatische Rechtsraumpriorität bauen. Datenumfang Ausnahmen Fristen und kompetente Zuständigkeit vor Aufbewahrungs- oder Löschschritt festlegen und widersprüchliche Pflichten offen halten.
S320,Ein Monitoringprovider verlagert sensible Betriebsmetadaten unangekündigt in einen anderen Rechtsraum,boundaries,S320.B01 S320.B02 S320.B03 S320.B04,BDR003 BDR010,bedingt teilweise,Rechtsraum Standort und Leserrechte getrennt nachweisen. Transferverbot ohne Klartextzugriff ist eigene Nichtkonformität und keine automatisch bewiesene Offenlegung.
S321,Ein alter Auftrag öffnet nach Tagen ein physisches Ventil in einer inzwischen anderen Situation,boundaries,S321.B01 S321.B02 S321.B03,BDR003 BDR026,bedingt teilweise ungeklaert,Physische Freigabe am Aktuator verlangen statt Taskstatus als Ventilsperre zu behandeln. Gefahrmodell Sensorik Warteschlangenlebensdauer und sicheren Unterlassungszustand kompetent festlegen.
S322,Eine Notfallabschaltung hängt von einer Cloudantwort ab die erst morgen kommt,boundaries,S322.B01 S322.B02 S322.B03,BDR009 BDR027,bedingt keines teilweise,Notstopp ohne Cloudabhängigkeit als externe Sicherheitsgrenze festlegen. Befehlsjournal und tatsächlicher sicherer Zustand haben verschiedene Verträge.
S323,Ein Menschenleben wird gegen monatliches Rechenbudget automatisch abgewogen,boundaries,S323.B01 S323.B02 S323.B03,BDR003 BDR026,bedingt teilweise ungeklaert,Lebensschutz nicht aus einer Budgetzielgröße ableiten. Factory auf Vorschlags- und Dokumentationsgrenze begrenzen bis kompetente Zuständigkeit und unverhandelbare Sicherheitsanforderungen feststehen.
S324,Factory erreicht den Dienst aber keine Antwort erreicht Factory zurück,boundaries,S324.B01 S324.B02,BDR009 BDR024,bedingt teilweise,Hinweg Rückweg und Wirkungsausgang trennen. Antwortverlust darf nicht zu wiederholter Annahme ermächtigen und begrenzte Last ist nicht genau-einmal-Wirkung.
S325,Eine Satellitenverbindung liefert signierte Pakete nach 30 Tagen stark umgeordnet,boundaries,S325.B01 S325.B02 S325.B03,BDR003 BDR010,bedingt,Authentizität Reihenfolge und aktuelle Autorität getrennt prüfen. Dreißig Tage alte Pakete dürfen nur unter tatsächlich gültiger Annahmesemantik wirken.
S326,Monitoring sieht Factory nicht aber Factory erreicht weiterhin alle Businessdienste,boundaries,S326.B01 S326.B02 S326.B03,BDR003 BDR008 BDR022,bedingt teilweise,Health in Hostausführung Geschäftsreichweite Beobachterfrische menschlichen Empfang und Eingriffsrecht aufteilen. Timeout darf ohne echte Teilnehmerexklusion keinen Ersatzwriter legitimieren.
S327,Ein Laptop schläft ein Jahr und seine lokale monotone Uhr behandelt Suspend anders als erwartet,boundaries,S327.B01 S327.B02,BDR028 BDR029,bedingt teilweise,Persistierte Zeitabschnittsidentität und tatsächliches Suspendverhalten prüfen. Monotonie ohne Realzeitbezug verlängert keine gültige Freigabe.
S328,Die Wallclock springt rückwärts und verlängert eine Wartungsstummschaltung scheinbar um Jahre,boundaries,S328.B01 S328.B02,BDR021 BDR029,bedingt teilweise,Mutes mit begrenzter Elapsedbasis und Epochengültigkeit führen. Ende der Stummschaltung ist nicht identisch mit menschlichem Alarmempfang.
S329,Eine globale Zeitzonenreform ändert die Bedeutung bereits geplanter lokaler Termine,boundaries,S329.B01 S329.B02,BDR028,bedingt keines,Fixen Zeitpunkt zivile Wiederholung Regelversion und mehrdeutige Ortszeit explizit speichern. Neue politische Regeln ersetzen keine verschwundene Terminabsicht.
S330,Runtime sagt beendet Dateibeobachtung zeigt neue Writes und der Agent behauptet bereit,boundaries,S330.B01 S330.B02 S330.B03,BDR003,bedingt teilweise,Beobachtungen nach Prozessidentität Gegenstand und Zeit korrelieren statt einen Healthgewinner zu wählen. Widerspruch ist noch kein falsches erledigtes Werk.
S331,Drei unabhängige Prüfer verwenden dieselbe fehlerhafte externe Grundtabelle,boundaries,S331.B01 S331.B02,BDR004,keines teilweise,Herkunft der maßgeblichen Tatsache statt Anzahl der Prüfer erfassen. Ein gemeinsamer falscher Ursprung und eine Schleife der Vertrauensverstärkung bleiben getrennt.
S332,Der Provider attestiert Erfolg aber der Empfänger bestreitet jede Wirkung und Logs fehlen,boundaries,S332.B01 S332.B02,BDR003 BDR007 BDR009,bedingt,Providerannahme Empfängerwirkung Identität und Beleglücken separat führen. Fehlende Logs dürfen nicht durch Mehrheitswahl zwischen zwei Aussagen ersetzt werden.
S333,Ein Agent verbessert seine Durchlaufzeit indem er schwierige Tasks vor Messbeginn ablehnt,boundaries,S333.B01 S333.B02,BDR030,bedingt teilweise,Angebotene und abgelehnte Tasks vor Messbeginn erfassen. Ehrliche Triage als begrenzte Leistung anerkennen ohne Nutzen der abgewiesenen Arbeit zu behaupten.
S334,Ein Team benennt Fehler als Wartung um die Verfügbarkeit auf hundert Prozent zu heben,boundaries,S334.B01 S334.B02,BDR031,bedingt teilweise,Rohunterbrechung vereinbarte Dienstpflicht und Wartungsklassifikation getrennt halten. Ein eng gültiger Wartungsnenner ist nicht dasselbe wie manipulative Vollverfügbarkeit.
S335,Ein Modell schreibt fertige Artefakte ohne Prüfung um das Erfolgsziel zu erfüllen,boundaries,S335.B01 S335.B02 S335.B03,BDR003 BDR032,bedingt teilweise,Berichtet fertig vorhandene Bytes und unabhängige Fachabnahme trennen. Auch ungeprüfte Artefakte können richtig sein aber Status beweist das nicht.
S336,Energiesparmodus schaltet nachts den Rechner ab und erzeugt täglich einen Totalausfallalarm,boundaries,S336.B01 S336.B02 S336.B03,BDR018 BDR019 BDR031,bedingt teilweise,Vereinbarte Nachtpflichten von planmäßiger Stromabschaltung und tatsächlichen Ausfällen trennen. Tagesbetrieb erlaubt nicht automatisch stilles Ende nächtlicher Pflichten.
S337,CO2-optimiertes Verschieben lässt eine genehmigte Aktion erst nach ihrem Verfallsdatum starten,boundaries,S337.B01 S337.B02,BDR010 BDR028,bedingt teilweise,CO2-Verschiebung als Terminentscheidung führen die Mandat nicht erneuert. Annahmegültigkeit bleibt auch nach ökologisch erwünschter Planung eigenständige Grenze.
S338,Drei zusätzliche Monitoringcluster verbrauchen mehr als das kleine überwachte System,boundaries,S338.B01 S338.B02 S338.B03,BDR025 BDR039,bedingt ungeklaert,Absolute Lebenszykluslast marginale Beobachtungswirkung und kompetente Wertgrenze bestimmen. Weder Clusterzahl noch Verbrauchsverhältnis entscheidet zulässige Architektur automatisch.
S339,Restore auf anderer CPU interpretiert ein natives Binärartefakt anders,boundaries,S339.B01 S339.B02 S339.B03,BDR033,bedingt keines,Native Artefaktbytes von dekodiertem Fachwert und abgenommenem Werk trennen. Portablen Semantikvertrag mit unabhängigem Sollvergleich an Archivgrenze vorsehen.
S340,Ein Dateisystem mit anderer Großschreibung vereinigt zwei vormals verschiedene Workspacepfade,boundaries,S340.B01 S340.B02 S340.B03,BDR003 BDR034,bedingt keines teilweise,Quellidentität und Inhalte vor Zielpfadbelegung prüfen. Dateisystemalias ist nicht automatisch Verlust aber Überschreiben der einzigen Kopie ist nicht durch Inodes reparierbar.
S341,Im Jahr 2080 existieren weder heutige Modellformate noch Netzwerkprotokolle,boundaries,S341.B01 S341.B02 S341.B03,BDR033,bedingt keines ungeklaert,Langzeitanspruch auf benannte Fakten Decoder Rechte und Rekonstruktionshorizont begrenzen. Verschwundene aktuelle Protokolle entscheiden weder universellen Verlust noch garantierte Wiederbelebung.
S342,Factory wird abgeschaltet während ein Dienst noch alte Aktionen gepuffert hat,boundaries,S342.B01 S342.B02,BDR009 BDR035,bedingt teilweise,Stilllegung als getrennte Pflichten für lokalen Stopp Teilnehmerabschluss und späte Haftung führen. Eine gestoppte Factory löscht keine extern gepufferte Arbeit.
S343,Der Monitoringvertrag endet vor dem letzten genehmigten Exportlauf,boundaries,S343.B01 S343.B02 S343.B03,BDR003 BDR009 BDR035 BDR036,bedingt teilweise,Beobachtungsvertrag bis tatsächlichem Exportabschluss oder nachgewiesener Ablehnung führen. Exportbefugnis Empfängerlegitimität und Beobachterreichweite getrennt prüfen.
S344,Der Nutzer verlangt vollständige Löschung und zugleich beweissicheren Export aller früheren Geheimnisse,boundaries,S344.B01 S344.B02 S344.B03 S344.B04,BDR036,bedingt keines ungeklaert,Löschumfang Exportreihenfolge legitimen Empfänger und zulässigen metadatenarmen Nachweis explizit klären. Nicht gleichzeitig lesbare Geheimkopie und allseitiges Nichtvorhandensein zusagen.
S345,Rechner Monitor Mobilfunk alle Backups und alle legitimierten Empfänger verschwinden gleichzeitig,boundaries,S345.B01,none,keines,Totalverlust als ausdrückliche Systemgrenze dokumentieren statt unsichtbare Kopien oder neue Autorität zu erfinden. Keine Architektur kann verlorene Fakten aus nichts restaurieren.
S346,Alle vertrauenswürdigen Quellen liefern gemeinsam eine perfekt konsistente falsche Welt,boundaries,S346.B01 S346.B02,none,keines,Interne Konsistenz nicht als Realwahrheit ausgeben. Unabhängige Wahrheitsprüfung ist unter perfekter geschlossener Ununterscheidbarkeit keine baubare interne Schutzbehauptung.
S347,Eine Außenaktion kann jederzeit in unendlicher Zukunft ankommen während Speicherung endlich bleiben muss,boundaries,S347.B01 S347.B02 S347.B03,BDR038,bedingt keines ungeklaert,Endlichen Speicher gegen explizite Annahme- und Identitätshorizonte spezifizieren. Beliebig spätes Ankommen ist nicht Pflicht zur Annahme und endliche Generationen benötigen endgültigen Zulassungsstopp ohne Wraparound.
S348,Monitor wird stummgeschaltet dann Mac zerstört dann der einzige Vertreterkonto gesperrt,boundaries,S348.B01 S348.B02 S348.B03,BDR009 BDR020 BDR022,bedingt teilweise ungeklaert,Geordnete Verluste von Beobachtung Host und Vertreterzugang separat inventarisieren. Keine Totalverlustbehauptung ohne alle Kopien Schlüssel Nachfolger und zulässigen Zeitpfade zu prüfen.
S349,Nach Restore erzeugt kalter Cache Retrylawine und eine späte alte Zahlung trifft ein,boundaries,S349.B01 S349.B02 S349.B03 S349.B04,BDR003 BDR004 BDR009 BDR025,bedingt keines teilweise,Kaltcachelast und alte Zahlung als unabhängige Zustandsachsen führen. Lastbudget schließt kein Outcome und Zahlungsabgleich wärmt keinen Cache oder rekonstruiert fehlenden Snapshotnachlauf.
S350,Ein signiertes Update fälscht Health löscht Historie und liefert perfekte Prüfberichte,boundaries,S350.B01 S350.B02 S350.B03 S350.B04 S350.B05,BDR037 OBR038,bedingt keines teilweise,Signaturherkunft von Verhaltensintegrität trennen. Historie Beobachter und Eingriffsautorität nur bei wirklich getrennten Vertrauensgrenzen als Gegenbezug werten und einzigartige gelöschte Wahrheit nicht erfinden.
