reviewer,state_id,name,kind,conditions,feedback,entry,exit,survives,lost,falsifier,evidence,source_refs
operations,OP001,Ordinary bounded processing or recovery,transient or ordinary completion,Readable authoritative records and available capacity with no unresolved effect or identity conflict,No self-sustaining failure loop stipulated. Finite work drains when service exceeds arrivals,Valid work is admitted or a finite interruption ends with sufficient evidence,Work finishes or a new perturbation moves it elsewhere,Committed task identity and readable inputs support remaining work. Verified outputs remain useful,Time during interruption and any uncommitted computation need not survive,Backlog grows after arrivals stop or completion requires evidence assumed available,SOURCE supports individual transactions only. QUALITATIVE bounded-drain assumption is not a measured attractor,C1 C2 C5
operations,OP002,Local execution physically unavailable,externally maintained outage,Required machine or compatible runtime is unavailable and no usable substitute is active,No internal restoring or reinforcing loop. Unavailable hardware or power continuously maintains outage,Shutdown for battery safety or power loss or platform incompatibility,Replacement compatible execution with readable state and access. Data loss may instead lead to OP006,Off-device readable records and external completed work if they exist. Local disk may survive shutdown but is not usable yet,Live computation and local service availability. Durable data loss is not implied by outage alone,Work continues on an independent available machine with no dependence on failed device,QUALITATIVE physical availability reasoning. No hardware observation or deployment inventory,scenarios.csv S001 S002 S009 S010
operations,OP003,Capacity-limited backlog,externally driven congestion,Continuing arrival rate exceeds effective service under throttling or provider limits. Queue retains work,Arrivals maintain backlog. Congestion alone is not an autonomous attractor and a finite wake-up burst should drain,Reduced service capacity or large accumulated backlog,Arrival reduction or restored service above arrivals. Dropping stale work also changes the workload rather than proving convergence,Queued durable requests and completed independent work if admission and storage remain bounded,Latency and deadline validity. Unbounded intake can additionally exhaust storage,Backlog fails to drain after input stops with healthy positive service and no retry generation,QUALITATIVE rate comparison. Scheduler and provider throughput not measured,scenarios.csv S003 S024 S060
operations,OP004,Work-amplification trap,attractor hypothesis,Retries or newly created tasks generate more effective load than useful completion removes and overload causes further timeouts or recreations,More backlog raises latency which causes retries or duplicate tasks which enlarge backlog. Requires endogenous regeneration beyond the initial disturbance. Without a bounded recurrent high-load regime this is runaway growth not an established attractor,A finite burst crosses a timeout or task-reproduction threshold under a permissive retry policy,Stop endogenous generation or reduce reproduction below completion while preserving original identities. A hard budget may move to OP018 or OP031,Original durable work and some completed artifacts if queue and storage remain usable,Predictable progress and bounded resource use. Eventually records may become inaccessible if storage fills,After external arrivals stop the backlog reliably drains without policy or capacity change. No latency-to-generation link is observed,QUALITATIVE nonlinear-loop hypothesis only. No workload trace or executable model. Not empirically established,scenarios.csv S003 S024 S068
operations,OP005,Accepted but invalid work product,persistent erroneous record,A semantically wrong result passes current validation and is stored or consumed without independent correction,No necessary dynamical attraction. Reuse may spread the error but persistence alone is a retained bad fact,Silent memory corruption or stale price or weak quality review enters accepted output,Independent validation supersedes the bad result and downstream uses are identified. Historical wrong decisions remain facts,Task records and unaffected artifacts. Their existence does not establish correctness of the compromised output,Confidence in result semantics and dependent decisions rather than necessarily all data,Independent comparison shows the output is correct or the validation rejects it before acceptance,SOURCE completion validates representation not task-specific correctness. QUALITATIVE propagation is conditional,C5 scenarios.csv S004 S028 S078 S098
operations,OP006,Only recoverable information destroyed,absorbing loss relative to stated inventory,All copies of particular required information including accessible keys are gone and no independent reconstruction source exists,No feedback needed. Information destruction is absorbing only relative to the explicit closed inventory,Co-located copies destroyed or last retained content deleted or all unique decryption information lost,No exact recovery within the stated inventory. Discovery of an independent copy refutes the inventory rather than reverses destruction,Only independently retained unrelated records and external evidence not destroyed,Exact lost content and any reconstruction that requires it. Not automatically every company capability,A readable independent copy or complete independent reconstruction is found,QUALITATIVE information argument. Backup inventory and actual destruction are not observed,scenarios.csv S006 S017 S020
operations,OP007,Authority and confidentiality compromised,persistent exposure with unresolved damage extent,Unlocked stolen device or untrusted caller has effective access beyond intended authority,Continuing access allows further actions while retained credentials remain accepted. Actual attacker behavior is not stipulated,Theft or authentication bypass or unintended reachable listener plus exploitable access,Authority is invalidated and trusted administration restored. Already disclosed information cannot be made secret again,Independent trusted copies and evidence held outside compromised authority if present,Trust in actions under exposed identity and potentially confidentiality. Extent cannot be inferred from reachability alone,Access was cryptographically unavailable or no unauthorized capability can be exercised in the stated configuration,QUALITATIVE conditional breach. DESIGN authentication boundary is not an implemented end-to-end proof,D1 section 9 D2 section 7 scenarios.csv S005 S058 S066
operations,OP008,Mutation cannot commit,resource-maintained wait,Durable write cannot succeed due to unavailable storage or exhausted required resources and writer invocation is ordered after successful intent commit,No internal positive feedback required. Persistent resource failure keeps repeated admission attempts failing,Disk-full or disconnected volume before a required transaction completes,Storage becomes writable and a fresh attempt is validated. If a writer already ran use OP014 or OP022 instead,Previously committed readable records and independent read-only work. No new intent is claimed durable,New mutation availability and uncommitted changes. Existing data need not be lost,Writer is invoked even though its prerequisite transaction failed on the inspected path,SOURCE deliver propagates commit errors before write_prompt. Storage survival is a hardware assumption,C1 deliver C8
operations,OP009,Canonical reconstruction unavailable,compatibility or integrity hold,Required historical facts cannot be read or decoded reliably and reconstruction stops rather than fabricating them,No attracting loop. Repeated deterministic attempts fail at the same incompatibility or damaged input until something changes,Corrupt canonical event or unsupported payload or genuinely inconsistent database,Readable validated original content or compatible decoder. Exact missing facts may instead imply OP006,Unaffected readable records and independent artifacts. Complete replay is not available,Ability to claim a complete reconstructed history past the failing point,The same verified inputs replay fully without unsupported guessing or changing semantics,DESIGN deterministic replay stop at cursor. Current relational migration library is not an implemented event reducer,D1 sections 6-7 C9
operations,OP010,History depends on current registry,persistent divergent interpretation,Replay uses mutable present-day registry rather than historical values and those values affect reduction,Different registry inputs reproduce different outputs from the same log. This is input dependence not proof of dynamical convergence,Historical replay reads today's renamed or moved scope,Historical values are recovered and a pure replay reproduces stable output. If those values were never retained exact history stays unknown,Raw retained events and unaffected source content if intact,Trust in reconstructed historical authorization or routing and comparisons across replays,Changing today's registry while replaying identical events never changes the result for the supposedly dependent transition,DESIGN forbids mutable reducer inputs. QUALITATIVE counterexample assumes a reducer violating that promise,D1 sections 6-7 scenarios.csv S018
operations,OP011,Restored history has an unseen tail,information-starved wait or latent divergence,Snapshot is older than real actions and later attempts or effects are absent from restored records,Repeated local inspection cannot recover omitted facts. Resending may create OP023 rather than supply knowledge,Old restore or missing WAL produces apparently queued tasks whose later delivery is not represented,Independent post-snapshot journal or participant evidence resolves the gap. Otherwise explicit uncertainty persists,The snapshot prefix and independently retained artifacts. Queued status in the prefix is not proof of never delivered in reality,Knowledge of later attempts and effects and safe inference from absent rows,Snapshot plus verified journal covers every later attempt or the participant proves none occurred,SOURCE restore acts only on rows present and leaves queued-without-attempt eligible. QUALITATIVE absent-tail hazard,C2 reconcile C7 scenarios.csv S014 S015 S095
operations,OP012,Recorded result outlives its bytes,partial information loss,Task or event retains an artifact path but referenced bytes are absent changed or collided on restore,No self-repair from a path string. Repeated reads return missing or different bytes until a separate source appears,Manual artifact deletion or later overwrite or lossy file export,Restore verified original bytes or explicitly supersede the result. If no copy exists the lost content is OP006,Task identifiers summaries paths and other surviving artifacts. A path is useful evidence of intention but not the old content,The exact referenced result and ability to verify conclusions depending on it,Content at the reference remains immutable and matches a retained original integrity value,SOURCE task completion stores path strings without inspecting bytes. DESIGN immutable references are stronger,C5 validate_result C6 Task D1 section 6
operations,OP013,Intact material inaccessible to owner,access-recovery wait,Readable storage or encrypted backups exist but all currently usable owner access or decryption paths are absent,No endogenous loop required. Recovery instructions behind the same inaccessible boundary reproduce the dependency,Lost key or credentials with intact ciphertext or instructions trapped on the sole device,Independent key escrow or account recovery or an independently readable instruction path. Proven absence of all key material may mean OP006,Intact ciphertext and external records retain potential value but cannot currently serve the owner,Operational access not necessarily underlying bits. Time-sensitive work may expire,An independent valid recovery path is already usable with the stated surviving resources,QUALITATIVE dependency analysis without inspection of real credentials or backups,scenarios.csv S017 S100
operations,OP014,Possibly delivered prompt held for decision,policy hold under delivery uncertainty,A delivery attempt is durable but prompt receipt is unknown or a restored task may already have run,Repeated ordinary deliver calls exhaust the unchanged authorization budget and refuse. This is an imposed safety fixed point not an attractor,Crash between attempt commit and outcome recording or restored running/attempted task,Independent receipt/result evidence or an explicit further authorization after considering old work. Authorization alone does not prove duplication safe,Attempt identity prompt task and known assignment if retained. Human can inspect the record without sending again,Automatic progress and knowledge whether prompt actually reached worker,A repeated deliver with no new authorization calls the writer again on the inspected path,SOURCE deliver and authorise_resume plus restore reconcile. No external participant guarantee follows,C1 C2
operations,OP015,Workspace reserved with uncertain occupant,information-starved lease wait,Session is disconnected and lease remains while identity or liveness cannot be positively reconciled,Lease exclusion prevents a second managed start but supplies no new observation. Persistence depends on absent evidence or human decision,Observer loss or restore of lease-holding session,Same live session is authoritatively correlated or old writers are positively accounted for before release. Premature release may enter OP016,Recorded session identity workspace and durable lease. Independent workspaces may remain usable,Managed reuse of that workspace and trustworthy live status. Existing harness may still make progress,Disconnected sessions automatically relinquish the lease or another managed start succeeds for the same stable file identity,SOURCE restore retains leases and begin_start checks aliases. Broader process-tree evidence not demonstrated,C2 C10 C4
operations,OP016,Untracked or overlapping writers,conditional ongoing conflict,A process retains write capability while Factory believes it stopped or a human/replacement also edits the same workspace,Ongoing writers overwrite or invalidate one another's assumptions. Continued conflicting activity is required so this is not automatically autonomous,Orphan process or premature recovery recreation or manual pane replacement followed by reuse,All writers are accounted for and work is reconciled before exclusive reuse. Already overwritten data may remain lost,Separate unmodified files durable task journal and recoverable versions if present,Exclusive workspace semantics and attribution of file changes. Terminal absence does not establish process absence,No surviving process can write after the alleged stop and no overlapping human edits occur,SOURCE recovery can presume gone without authoritative identity. QUALITATIVE OS/process and human-write branches,C4 reconnect_after_herdr_or_machine_restart scenarios.csv S038 S096 S099
operations,OP017,Permission or approval pending,policy hold,Required authorization is absent expired or bound to a different proposed action and the boundary actually checks it,No autonomous attraction. Repeated attempts without a changed valid authorization remain inadmissible,Worker permission question or approval expiration before acceptance or changed invoice/report payload,Authorized actor reviews the exact current effect or cancels it. Past acceptance cannot be undone by local approval changes,Task inputs pending intent and prior audit evidence. Independent already authorized work may continue,Progress on gated effect not necessarily data or all worker availability,The supposedly checked boundary accepts an absent expired or mismatched approval,SOURCE blocked assignments stay occupied. External content-bound approval checks remain DESIGN/QUALITATIVE,C3 D1 section 8 scenarios.csv S027 S039 S083 S089
operations,OP018,Plugin activation quarantined,policy hold with degraded capability,Supervisor enforces bounded restart/protocol-failure budget for one activation and isolates optional failures,Failures consume a finite budget then automatic restart stops. Operator retry is an external reset not endogenous healing,Repeated crash malformed protocol or manifest mismatch reaches supervisor failure path,Validated configuration or executable change and explicit operator retry. Repeating the same defective activation may re-enter,Core local records and other enabled capabilities if isolation and local transport work,Affected plugin capability and its queued operations. In-flight outcome can remain OP022 independently,Activation restarts forever after the configured budget or optional failure prevents safe-mode startup,DESIGN lifecycle only. No plugin-host crate observed in inspected workspace layout,D2 sections 1-4
operations,OP019,Restart without useful service,policy-driven cycle,An automatic restart policy repeatedly launches the same failing plugin and resets or lacks a finite budget,Crash triggers restart which re-executes the defect and crashes. Policy provides the recurrence after the original trigger,Deterministic startup defect plus unbounded automatic retries or manual resets,Budget exhaustion enters OP018 or the defect/configuration changes,Core records if process isolation and resource bounds hold. Some diagnostics may survive,Plugin business progress and resources consumed by restart/log churn,Same activation reaches stable ready service or a non-resetting budget stops the cycle,DESIGN bounded budget would prevent infinite automatic cycling. Unbounded/resetting policy is QUALITATIVE alternative,D2 section 4 scenarios.csv S044
operations,OP020,Apparently live dependency makes no business progress,externally or defect-maintained stall,Health requests succeed but relevant operations never finish or provider continues rejecting them,Health success may preserve routing while business deadlines generate repeated stuck work. A growth loop additionally needs OP004 assumptions,Plugin business deadlock or multi-day rate limit with continuing attempted dispatch,Business path recovers or dispatch stops and pending outcomes are reconciled. A health response alone is not an exit,Local task records and unaffected business paths. Accepted remote work may remain uncertain,Progress for affected operations and adequacy of health as a readiness proxy,Representative business requests complete under the same conditions without intervention,QUALITATIVE liveness distinction. DESIGN bounds health checks but does not prove business health from them,D2 section 4 scenarios.csv S043 S060
operations,OP021,Partial service with independent local work,degraded operation,Failed optional capability is not on every useful work path and core plus local access remain healthy,No failure attraction. Continued absence of the optional component maintains partial service while independent work completes,HTTP transport failure or isolated optional plugin rejection or bounded slow-client disconnect,Capability restored or task routing explicitly accepts permanent absence,Local inspection task records and operations not depending on failed plugin or remote client,Specific remote channel subscription or optional business operation only,Every useful task or local recovery actually depends on the allegedly optional failed component,DESIGN scope activation safe mode and transport isolation. No running daemon failure test performed,D2 sections 1 and 6 scenarios.csv S045 S054 S055
operations,OP022,External acceptance unknown,information-starved wait,Forward intent exists but participant acceptance or durable outcome cannot be established after lost response dishonest acknowledgment or erased history,Repeated local reads cannot resolve remote truth. Safe refusal retains uncertainty whereas blind retries may create OP023,Partition or plugin crash after possible external acceptance or unavailable reconciliation history,Participant evidence resolves committed/not-committed or explicit human disposition records remaining uncertainty. A timeout alone is not evidence of failure,Durable intended operation identity input reference and any independently recorded participant receipts under the design,Knowledge of effect count and safe next action. Local intent is not proof of participant durability,A durable authoritative participant outcome is already available and unambiguously tied to this operation,DESIGN saga journal/reconcile promise. QUALITATIVE communication ambiguity not observed production behavior,D1 section 8 D2 section 5
operations,OP023,Duplicate business effects retained,persistent external damage or excess work,Two accepted effects represent one intended business action because semantic identity was lost ignored or never shared,No necessary feedback after the duplicates. A repeated-retry loop is a separate condition rather than a property of duplicate charges,Blind retry after unknown outcome or two independent tasks order the same product,Participant-supported cancellation/refund or explicit business acceptance of duplicates. Irreversible messages remain delivered,Task and participant evidence that actually survived and correctly completed unrelated work,One-effect business intent and possibly money inventory or recipients' attention,Participant evidence shows only one accepted effect despite every relevant retry/task identity,QUALITATIVE participant behavior. DESIGN idempotency is per intended mutation and cannot imply semantic deduplication across distinct tasks,D1 sections 2 and 8 D2 section 5
operations,OP024,Observer reports a stale or misleading reality,persistent observer divergence,Client or adapter continues exposing old status or weak observations as current without authoritative refresh,Cached reads repeat the same misleading view. Operator action based on it can amplify damage but is not inevitable,Disconnected client cache weak screen status or old restore opened without reconciliation,Fresh correlated authoritative state with clear observation position. Actual historical gaps remain OP011,Real core progress and intact local records can continue independently of the stale display,Observer's ability to decide liveness completion or safe reuse from the displayed value,Observer displays explicit staleness or refreshed cursor and does not claim the cached value is current,SOURCE Pi adapter suppresses weak task signals. Cache behavior is QUALITATIVE and transport cursors are DESIGN,C11 D1 sections 3-4 scenarios.csv S056 S095
operations,OP025,Identity points to the wrong object,persistent misassociation,A reused pane path name or installation identity is treated as the original despite a different underlying actor or directory,Repeated routing through the stale association reproduces wrong attribution. It does not imply a self-correcting or attracting state,Missing UUID fallback directory replacement case collision or mutable name retargeting,Independent stable identity reconciliation and explicit resolution of already misrouted work,Durable original IDs and evidence outside the bad association if retained,Attribution intended routing and authority context. Content may survive at an unintended destination,Identity mismatch is rejected before mutation or the supposedly replaced object is demonstrably identical,SOURCE missing harness UUID fallback accepts identity comparison. Other identity substitutions are QUALITATIVE branches,C4 identifies_same_session C10 scenarios.csv S061 S062 S070
operations,OP026,Guarded request refused without new effect,ordinary rejection endpoint,Request goes through a guard with required identity and transaction assumptions intact,No feedback or attraction. Repeating the same invalid request repeats rejection but does not create useful work,Looping delegation occupied worker aliasing lease invalid result shape or invalid principal is detected,Submit a materially valid authorized request or leave the rejected request finished,Existing tasks assignments leases and readable evidence. Other valid work may continue,Only the requested transition. Rejection is not itself a surviving business artifact,The inspected guarded request mutates the protected state before returning its refusal,SOURCE delegation assignment completion and lease guards. End-to-end authentication is DESIGN only,C3 C5 C10 C12 D1 section 9
operations,OP027,Effect accepted outside the approved meaning,persistent authorization failure,Participant accepts different content price target or timing from what the human actually authorized,No recurrence is required. Later retries or refreshes may propagate mismatch only if policy permits them,Payload changes after approval or stale price is repriced or cancellation loses the acceptance race,Record exact accepted effect and seek business-specific remedy or a new decision. Never relabel old approval as authorization for changed content,Original approval intent and participant receipts if retained plus unrelated work,Consent fidelity and possibly confidentiality money or contractual intent,Accepted payload hash terms and acceptance moment all satisfy the actual scoped approval,QUALITATIVE race and semantic-binding hypothesis. External approval-binding implementation was not found in sampled crates,D1 section 8 scenarios.csv S027 S083 S088 S089
operations,OP028,Irreversible effect already happened,ordinary completed effect with possible regret,Participant has definitely accepted an effect that has no meaningful inverse,No feedback. Persistence is the nature of completed delivery or acceptance not an attractor,Known email delivery or accepted action preceding local revocation,Only a new mitigating business action where available. The original fact remains true,Delivered work and authoritative receipt if available plus forward audit history,Ability to make the original event never have occurred. Local cancellation cannot recover that,Participant demonstrates that acceptance was provisional and an exact abort prevented the effect,DESIGN explicitly distinguishes irreversible from compensatable. Actual provider contract remains conditional,D1 section 8 scenarios.csv S082 S084
operations,OP029,Compensation cannot finish,manual-intervention or information wait,A known forward effect exists and inverse/mitigation repeatedly fails or lacks retained preconditions,Unchanged failing compensation reproduces failure until participant state policy or evidence changes. Infinite automatic retry needs an extra policy assumption,Compensation failure or missing operation history/precondition data,Operation-specific verified mitigation or explicit acceptance of unresolved business state,Forward evidence and compensation attempts if durably recorded. Other independent saga steps may survive,Claim of completed rollback and possibly business progress until disposition,Compensation is proven successful with matching postconditions under unchanged preconditions,DESIGN compensation_failed/manual_intervention states. No actual saga runner behavior measured,D1 section 8
operations,OP030,Compensation damages newer work,persistent divergent external state,Inverse acts on a value changed since the forward step or declared inverse is lossy,No attracting feedback required. Another blind repair may worsen divergence but is a further assumption,Stale compensation overwrites human edits or a dishonest reversible operation discards data,Recover independently retained newer version or business-specific remediation. Unique destroyed data enters OP006,Forward/compensation audit evidence and unaffected external records if retained,Newer legitimate work and the claim that inverse restores the business state,Version-precondition rejects the inverse or verified before/after comparison proves exact preservation of intervening edits,DESIGN requires preconditions and tested compensation. Harmful inverse is QUALITATIVE violation branch,D1 section 8 scenarios.csv S050 S085
operations,OP031,Decision service has no effective operator,human-dependent wait,Work requires a human who is absent uninformed or unable to interpret the blocker and no competent authorized substitute is available,No autonomous attraction. Repeated escalation to the same unavailable knowledge holder produces no new decision,Sole operator offline opaque blocker unfamiliar replacement or inaccessible recovery,Competent authorized person obtains the needed context and decides or work is cancelled. Mere dialog acknowledgment is not evidence of comprehension,Queued work intent records and independent authorized tasks. Useful handover evidence survives only if actually retained,Progress on human-dependent work and time-sensitive opportunities,A competent authorized substitute resolves the case from the retained information without the allegedly exclusive owner,QUALITATIVE socio-technical dependency. Task blocking records alone do not establish a usable handover,scenarios.csv S091 S093 S097 S100
operations,OP032,Alarm-driven approval degradation,attractor hypothesis,More failures generate more dialogs while limited human attention reduces review quality and wrong approvals cause additional failures,Incident load increases reflex acknowledgment which admits bad changes which increases incident load. Both causal links must be present,Finite alarm burst exceeds meaningful review capacity under an acknowledgment-as-approval workflow,Reduce incident generation or separate unreviewed load from binding decisions so error-driven arrivals fall below resolution,Raw task intent and any independent evidence not destroyed. Dialog counts are not validated decisions,Reliable human judgment and potentially trust in approval evidence,After an initial burst alarm load subsides without changing workflow or approved errors do not create new alarms,QUALITATIVE feedback hypothesis with no behavioral data. Not an established human or Factory attractor,scenarios.csv S092
operations,OP033,Remote control unavailable while local state may live,externally maintained access outage,All operator remote paths are unavailable but local daemon/harness or disk remains independently functional,Network or credential unavailability maintains lack of control. Internal work need not stop and may deepen unobserved external commitments,Remote network paths fail together or operator lacks physical access,Independent trusted local access or restored remote path with refreshed state before action,Local committed records and autonomous already-authorized processing if healthy,Remote inspection and intervention. Not necessarily task progress or local IPC,An independent authorized reachable control path exists under the same failure assumptions,QUALITATIVE shared-failure-domain analysis. DESIGN local IPC helps only a person who can reach the machine,D2 section 1 scenarios.csv S059 S010
operations,OP034,Work bytes exist but no accepted completion,information-starved result wait,Worker produced a file but result commit was absent rejected or not attributable to the current run,Task remains nonterminal while repeated status reads cannot validate orphan bytes. No autonomous convergence follows,Worker death before completion or oversized/empty result rejected or intermediate harness done,Correlated artifact verification and an authorized valid completion or explicit failure. If bytes disappear use OP012,Artifact bytes if durable and readable plus task attempt identity. Neither guarantees result quality,Accepted final result and dependable lifecycle cleanup. Work need not be recomputed if evidence is sufficient,An already committed valid result or reliable automatic verified reconciliation exists for the stated orphan artifact,SOURCE completion checks and adapter non-completion signals. Artifact reconciliation remains conditional,C5 C11 scenarios.csv S080
operations,OP035,Cancelled record with potentially continuing delivery,cross-boundary lifecycle inconsistency,Cancel interleaves after attempt commit but before writer invocation while task is still queued and no caller-wide serialization prevents it,No attraction. Terminal local status does not stop the later nontransactional writer and may conceal ongoing physical work,Queued cancel commits cancelled and delivery then invokes its already prepared writer,Correlate actual receipt and any worker effects then record an explicit disposition. Current authorise_resume cannot directly resume a cancelled task,Cancellation record and delivery attempt survive if both commits are durable. Existing independent work remains useful,Claim that cancelled means no prompt can still be emitted and clear attribution of later effects,A mandatory caller lock or status check prevents writer invocation after cancellation at this exact cut point,SOURCE writer gap and queued cancel bodies support the interleaving only. No integrated race executed and manual writer merely renders a prompt,C1 deliver C6 cancel scenarios.csv S072
governance,GV01,Bounded verified completion,ordinary completion,Finite work; authorized execution; independent acceptance can inspect the relevant result.,No self-maintaining feedback is asserted. Work exhausts its finite obligations.,"A perturbation is bypassed without violating the task contract, or a bounded retry succeeds.",A new task or newly discovered defect opens new work; completion itself does not repair old harm.,Usable accepted result and whatever provenance was actually retained.,Time and effort spent on the perturbation; no general guarantee of future service.,Independent result inspection fails or hidden obligations remain.,Conditional hypothesis; no empirical attractor established. Qualitative mechanism only.,Qualitative conditional reasoning from reviews/governance/scenarios.csv; no runtime observations
governance,GV02,Meaning or permission revalidation hold,policy hold,"Changed instructions, semantics or risk are detected and an effective gate refuses to proceed.",The gate holds the state; no endogenous attraction is implied.,"New context, artifact identity ambiguity or unsafe resume invalidates the old basis for action.","Competent authority resolves the particular interpretation and supplies fresh valid permission, or cancels.",Local records and work not dependent on the disputed interpretation.,Progress on the affected effect; its permission or meaning is not currently established.,Execution continues on the disputed basis despite the supposed gate.,Conditional hypothesis; no empirical attractor established. Static transition support is limited to the referenced functions; other branches are qualitative and design is not implementation.,"Qualitative conditional reasoning from reviews/governance/scenarios.csv; no runtime observations | Source: crates/factory-context/src/lib.rs::compile (current-file reads, unreadable error, no link walk, no model-size limit) | Design only: docs/adr/0003-logical-api-and-event-sourcing-v1.md sections 7-9 (replay, saga and trusted invocation promises)"
governance,GV03,Missing evidence wait,information-starved wait,"A necessary readable source, identity, witness or external outcome cannot be obtained.",No corrective information is produced by repeating the same query; absence alone is not feedback.,"Source read fails, witness disappears or required proof was never recorded.",Independent evidence arrives; the requirement is legitimately relaxed; or the claim is abandoned.,Known records and the ability to state what is unknown.,Justified decision on the missing fact; historical proof may be unrecoverable.,Existing independent evidence already settles the missing fact.,Conditional hypothesis; no empirical attractor established. Static transition support is limited to the referenced functions; other branches are qualitative and design is not implementation.,"Qualitative conditional reasoning from reviews/governance/scenarios.csv; no runtime observations | Source: crates/factory-context/src/lib.rs::compile (current-file reads, unreadable error, no link walk, no model-size limit) | Design only: docs/adr/0003-logical-api-and-event-sourcing-v1.md sections 7-9 (replay, saga and trusted invocation promises)"
governance,GV04,Unavailable dependency wait,externally maintained wait,"Required inference, runtime, power or device service is absent and no usable substitute is authorized.","The external absence sustains unavailability, not an internal loop.","Provider closure, RAM exhaustion or hardware failure removes an indispensable service.","A compatible available service and authority to use it return, or the work is retired.",Readable local records on unaffected storage and any independent manual work.,Dependent execution and possibly deadlines; local records do not imply remote service survival.,The task completes without that dependency or an already-authorized substitute exists.,Conditional hypothesis; no empirical attractor established. Qualitative mechanism only.,Qualitative conditional reasoning from reviews/governance/scenarios.csv; no runtime observations
governance,GV05,Self-confirming false knowledge,attractor hypothesis,A false accepted output is reused as evidence or training context and disconfirming observations are excluded.,"Accepted error becomes a trusted source; later reviews cite it and strengthen trust, persisting after the initial model error.","Shared model blind spot, injected source or stale content gains authoritative status in a closed evidence network.",An independent observation with authority to change beliefs breaks circular corroboration.,"Internal consistency, runnable workflows and records of asserted beliefs.",Correspondence with the external fact; repeated agreement is not independent verification.,Accepted errors are not reused or independent adverse evidence reliably overturns them.,Conditional hypothesis; no empirical attractor established. Design references constrain hypothetical branches only; no implementation claim.,"Qualitative conditional reasoning from reviews/governance/scenarios.csv; no runtime observations | Design only: docs/adr/0020-run-telemetry-and-the-evaluation-bench.md decisions 1-5,8-9 and Open items (measurement and trace rules, attribution gap)"
governance,GV06,Captured evaluation and assurance,attractor hypothesis,Decision-makers reward passing known checks and use the resulting scores to remove independent testing.,"Gaming raises scores, scores increase trust and reduce scrutiny, which makes gaming or defects harder to discover.","Recognized fixture, unsafe oracle or fully marked matrix is mistaken for real-world validation.",A withheld independent criterion or adverse outcome is allowed to revise the assurance claim.,Recorded scores and repeatable performance on the narrow known test.,Generalization evidence and capacity to notice failure outside the test.,Tests continue independently and held-out results govern decisions despite favorable matrix scores.,Conditional hypothesis; no empirical attractor established. Design references constrain hypothetical branches only; no implementation claim.,"Qualitative conditional reasoning from reviews/governance/scenarios.csv; no runtime observations | Design only: docs/adr/0020-run-telemetry-and-the-evaluation-bench.md decisions 1-5,8-9 and Open items (measurement and trace rules, attribution gap)"
governance,GV07,Unattributable or incomparable run,information-starved wait,"Relevant model, content, instrument or price identity is missing or aliases multiple changing realities.",No feedback necessary: later processing cannot reconstruct a fact never captured.,"Silent model switch, mutable URL, mixed instruments or unknown tariff destroys a comparison premise.","Independent time-specific evidence reconstructs identity, or comparisons are restricted to justified dimensions.",Actual result bytes if retained and raw observations under their original meanings.,Causal attribution and some comparative claims; a correct output can still be incomparable.,Immutable identities and per-interval evidence resolve every relevant change.,Conditional hypothesis; no empirical attractor established. Static transition support is limited to the referenced functions; other branches are qualitative and design is not implementation.,"Qualitative conditional reasoning from reviews/governance/scenarios.csv; no runtime observations | Source: crates/factory-context/src/lib.rs::compile (current-file reads, unreadable error, no link walk, no model-size limit) | Design only: docs/adr/0020-run-telemetry-and-the-evaluation-bench.md decisions 1-5,8-9 and Open items (measurement and trace rules, attribution gap)"
governance,GV08,Disclosure cannot be recalled,absorbing loss within recipient boundary,Sensitive content actually reaches an unauthorized recipient that may retain a copy.,No attraction is needed. Removing local copies does not undo another party having learned the content.,"Secret prompt, copied telemetry, wrong export, cross-scope memory or same-user access causes actual disclosure.",No exit to never-disclosed status; rotation or settlement may reduce future harm but not reverse disclosure.,"Unaffected data and future operating capability, depending on containment.",Confidentiality of the disclosed information; exploitability of old credentials may later end.,"The content was never readable by an unauthorized recipient, so only exposure risk existed.",Conditional hypothesis; no empirical attractor established. Design references constrain hypothetical branches only; no implementation claim.,"Qualitative conditional reasoning from reviews/governance/scenarios.csv; no runtime observations | Design only: docs/adr/0003-logical-api-and-event-sourcing-v1.md sections 7-9 (replay, saga and trusted invocation promises) | Design only: docs/adr/0007-supervised-plugin-process-protocol-v1.md sections 6-7 and Consequences (transport trust, activation checks, no same-user sandbox) | Design only: docs/adr/0020-run-telemetry-and-the-evaluation-bench.md decisions 1-5,8-9 and Open items (measurement and trace rules, attribution gap)"
governance,GV09,Attacker-controlled execution boundary,compromised regime,Untrusted code or principal gains effective execution or identity authority; persistence depends on remaining foothold.,A retained foothold can renew unauthorized access. A one-shot injection without persistence is only a transient.,"Native harness configuration, replaced binary, typosquatted dependency or forged transport identity is accepted.",The actual foothold and credentials cease to be trusted and clean execution is independently established.,"Unaffected offline evidence, if outside attacker reach.",Trust in affected execution and statements of actor identity; not necessarily all data.,Rejected or sandboxed code cannot cross the claimed privilege boundary.,Conditional hypothesis; no empirical attractor established. Design references constrain hypothetical branches only; no implementation claim.,"Qualitative conditional reasoning from reviews/governance/scenarios.csv; no runtime observations | Design only: docs/adr/0007-supervised-plugin-process-protocol-v1.md sections 6-7 and Consequences (transport trust, activation checks, no same-user sandbox)"
governance,GV10,Capacity exhaustion under continuing demand,externally driven saturation,"Incoming or resident demand exceeds effective CPU, RAM, storage, process or human service capacity.",Continuing load sustains saturation; a finite burst drains if service remains positive and work is bounded.,"Scope growth, arrival surge, plugin flood or long delegation tree exceeds capacity.","Load ceases or admitted work falls below service, with enough remaining resources to drain.",Committed records if storage remains intact; service not sharing the bottleneck may continue.,"Timely service, admissions or durable urgent writes; zero throughput is not implied in every case.",Measured admitted demand is below effective service and no secondary bottleneck remains.,Conditional hypothesis; no empirical attractor established. Static transition support is limited to the referenced functions; other branches are qualitative and design is not implementation.,"Qualitative conditional reasoning from reviews/governance/scenarios.csv; no runtime observations | Source: crates/factory-delegation/src/rule.rs::check and queue.rs::queue_from_session (chain gate, not aggregate work bound)"
governance,GV11,Work reproduces faster than it is discharged,attractor hypothesis,"Completed or delayed work creates more admitted work, with reproduction above replacement and no effective aggregate stop.","Backlog causes retries or delegation, which increases backlog and prolongs the condition that generates retries.",A task cascade meets retry behavior or catch-up imports new roots faster than they finish.,"Reproduction drops below replacement, roots are finite and exhausted, or admissions cease.",Some individual useful results and task lineage if recorded.,Bounded aggregate work and predictable completion time; resource exhaustion may end rather than stabilize the loop.,All roots and descendants are finite and each completion strictly decreases remaining admitted work.,Conditional hypothesis; no empirical attractor established. Static transition support is limited to the referenced functions; other branches are qualitative and design is not implementation.,"Qualitative conditional reasoning from reviews/governance/scenarios.csv; no runtime observations | Source: crates/factory-delegation/src/rule.rs::check and queue.rs::queue_from_session (chain gate, not aggregate work bound)"
governance,GV12,Correct intermediate work without a stopping condition,internally recurrent nontermination hypothesis,The harness keeps accepting locally correct next steps and no finite completion criterion or enforced resource bound intervenes.,Each step justifies another step; local progress never decreases a well-founded remaining obligation.,An open-ended task is accepted as an endless sequence of valid subgoals.,A terminal criterion is satisfied or execution is actually stopped by authority or resource exhaustion.,Valid partial work and possibly useful explanations.,A terminal deliverable and bounded cost; literally infinite execution is impossible with finite energy.,A well-founded finite measure decreases on every accepted step.,Conditional hypothesis; no empirical attractor established. Qualitative mechanism only.,Qualitative conditional reasoning from reviews/governance/scenarios.csv; no runtime observations
governance,GV13,Ambiguous delivery held with leases,information-starved policy hold,"Snapshot journal shows a possible delivery or a live process cannot be observed, and conservative recovery is used.","Reconcile leaves already blocked rows unchanged and retained leases prevent conflicting reuse; this is a policy fixed point, not an attractor.",Restore sees running or queued-with-attempt work and lease-holding sessions.,Fresh evidence settles the outcome and a legitimate operator resolves leases or resume; lost authority can prevent exit.,"Snapshot-local tasks, delivery attempts and workspace exclusion.",Automatic progress and certainty about post-snapshot external actions.,An explicit reconcile resends a possibly delivered prompt or releases all disconnected leases automatically.,Conditional hypothesis; no empirical attractor established. Static transition support is limited to the referenced functions; other branches are qualitative and design is not implementation.,"Source: crates/factory-recovery/src/restore.rs::reconcile (snapshot-local journal and disconnected leases, not external-world reconciliation) | Qualitative conditional reasoning from reviews/governance/scenarios.csv; no runtime observations"
governance,GV14,Authority orphanage,organizational policy hold,Required approval belongs only to an unavailable person and no recognized successor can grant it.,"Authority rules keep rejecting substitutes. This is institutional absence, not a queue attractor.",Founder or sole operator permanently disappears while permissions remain necessary.,"A recognized legal or organizational succession establishes authority, or the activity is abandoned.",Records and any tasks already permitted independently of the missing person.,Legitimate new decisions requiring that person; credentials alone cannot supply legitimacy.,A previously delegated competent alternate can actually authorize the blocked decision.,Conditional hypothesis; no empirical attractor established. Qualitative mechanism only.,Qualitative conditional reasoning from reviews/governance/scenarios.csv; no runtime observations
governance,GV15,Contested legitimate authority,organizational policy hold,Multiple plausible authorities disagree and the applicable precedence or jurisdiction is unsettled.,Repeated instructions do not settle precedence; ongoing conflict sustains the hold externally.,"Executives conflict, risk owners dispute resume, or legal successors claim the same permission.","Recognized arbitration, a binding precedence rule, or an agreed partition settles the concrete effect.",Evidence of each claim and unrelated operations where authority is uncontested.,A single justified authorization for the disputed effect.,A pre-existing accepted rule unambiguously resolves this conflict and is honored.,Conditional hypothesis; no empirical attractor established. Qualitative mechanism only.,Qualitative conditional reasoning from reviews/governance/scenarios.csv; no runtime observations
governance,GV16,Organizational normalization of bypass,attractor hypothesis,Teams gain rewards for low blocked counts or fast delivery and violations are hidden rather than independently penalized.,"Bypass improves visible metrics, brings reward and becomes precedent; suppressed incidents make the precedent look safe.",Approval friction or delivery pressure makes unauthorized shortcuts locally advantageous.,"Incentives and actual consequences change, with independent evidence of both value and violations.",Throughput on favorable cases and official records of apparent success.,Effective approval boundaries and credible safety metrics.,Bypassing creates visible penalties greater than its rewards and behavior declines despite unchanged queue pressure.,Conditional hypothesis; no empirical attractor established. Qualitative mechanism only.,Qualitative conditional reasoning from reviews/governance/scenarios.csv; no runtime observations
governance,GV17,Legally constrained data disposition,legal policy hold,"Specific data is subject to a claimed deletion, preservation, residency or custody obligation whose applicability needs determination.",An enforceable obligation keeps the hold in place; technical replay alone cannot resolve legal precedence.,"Data-subject request, legal hold, reclassification or a court order conflicts with current handling.","Competent legal determination specifies permitted handling, or the data obligation ends.",Uncontested lawful records and a statement of the unresolved obligation.,"Unqualified use, deletion or retention of affected data; no generic legal conclusion is asserted.",Applicable rules and data scope already allow an uncontested disposition.,Conditional hypothesis; no empirical attractor established. Design references constrain hypothetical branches only; no implementation claim.,"Qualitative conditional reasoning from reviews/governance/scenarios.csv; no runtime observations | Design only: docs/adr/0003-logical-api-and-event-sourcing-v1.md sections 7-9 (replay, saga and trusted invocation promises)"
governance,GV18,Required historical provenance unavailable,absorbing information loss conditional on no independent copy,Necessary history or referenced content was actually deleted and no lawful independently recoverable representation remains.,No feedback. A manifest or cursor cannot synthesize absent information.,Deleted scope lineage or legally erased content is later required for provenance or replay.,No historical reconstruction within the stated boundary; a discovered independent lawful copy refutes the premise.,Remaining metadata and the ability to disclose incompleteness honestly.,Exact provenance or content-dependent replay; not necessarily every useful aggregate result.,A lawful independent record contains the missing information.,Conditional hypothesis; no empirical attractor established. Design references constrain hypothetical branches only; no implementation claim.,"Qualitative conditional reasoning from reviews/governance/scenarios.csv; no runtime observations | Design only: docs/adr/0003-logical-api-and-event-sourcing-v1.md sections 7-9 (replay, saga and trusted invocation promises)"
governance,GV19,Sensitive historical copies remain,latent exposure regime,Backups or retained context still contain data that is sensitive now or credentials that were once valid.,"Retention preserves copies; replication may multiply them, but mere presence is not an attractor or proof of disclosure.","Rotation, reclassification or deletion of an original does not remove historical copies.",All relevant copies reach a permitted disposition; leaked knowledge cannot be recalled via this exit.,"Historic bytes, potentially useful evidence and non-sensitive data.",Assurance that sensitive material exists only in the current authorized location.,A complete independently checked copy inventory shows no sensitive retained data.,Conditional hypothesis; no empirical attractor established. Static transition support is limited to the referenced functions; other branches are qualitative and design is not implementation.,"Qualitative conditional reasoning from reviews/governance/scenarios.csv; no runtime observations | Source: crates/factory-store/src/backup.rs::backup_to and lib.rs::open_at/connection (SQLite snapshot and local connection, not independent custody) | Design only: docs/adr/0003-logical-api-and-event-sourcing-v1.md sections 7-9 (replay, saga and trusted invocation promises)"
governance,GV20,Prohibited service suspended,policy hold,The currently available provider or deployment is incompatible with a binding residency or safety requirement and the gate is enforced.,The requirement prevents use; the service does not become compliant merely by waiting.,Customer contract or regulation rules out the available processing path.,A compatible path becomes available or the requirement is legitimately changed before use.,Lawful local work and untransmitted inputs.,Dependent service and possibly commercial opportunity.,The proposed use is already compliant under the actual applicable contract.,Conditional hypothesis; no empirical attractor established. Qualitative mechanism only.,Qualitative conditional reasoning from reviews/governance/scenarios.csv; no runtime observations
governance,GV21,Economically suspended operation,economic policy hold,Expected marginal value is below actual cost or an enforceable budget permits no further spend.,"Budget or value threshold holds the activity; prices are external forcing, not internal convergence.","Extreme price rise, approval overhead, exhausted budget or unaffordable support removes positive economics.","Costs, task value or legitimate budget allocation changes enough to restore feasibility, or work is cancelled.",Past results and non-spending inspection if still affordable.,Affordable future execution; prior obligations and already incurred bills do not disappear.,Measured total incremental value exceeds all costs within the enforceable budget.,Conditional hypothesis; no empirical attractor established. Qualitative mechanism only.,Qualitative conditional reasoning from reviews/governance/scenarios.csv; no runtime observations
governance,GV22,Cost exposure cannot yet be bounded,information-starved economic regime,"Total usage liability or attributable operating cost is not knowable from available counters, contracts and allocation evidence; no applicable bound is established.",Continuing service accumulates exposure whose final value is delayed; not an attractor without a spending feedback loop.,Provider changes billing model or invoices are missing from metric comparisons.,"Binding price and usage evidence settle liabilities, or new exposure is stopped without pretending old liability vanished.",Known task outcomes and local usage counters with their limited meaning.,Credible profitability comparison and a defensible upper bound on incurred cost.,An enforceable tariff and complete metering already bound every charge.,Conditional hypothesis; no empirical attractor established. Design references constrain hypothetical branches only; no implementation claim.,"Qualitative conditional reasoning from reviews/governance/scenarios.csv; no runtime observations | Design only: docs/adr/0020-run-telemetry-and-the-evaluation-bench.md decisions 1-5,8-9 and Open items (measurement and trace rules, attribution gap)"
governance,GV23,Dominant scope captures shared capacity,attractor hypothesis,Allocations favor current throughput or occupancy and the beneficiary can reinvest advantage in more admissions.,High allocation produces high measured output which justifies more allocation; starved scopes lose evidence of value and voice.,A large legal workload takes most slots and contested accounting prevents correction.,Accepted allocation rules or independent accounting remove the advantage feedback; finite backlog alone eventually drains.,Dominant scope throughput and some shared infrastructure.,Other scopes timely access and trustworthy fairness claims.,Allocation is independent of past occupancy and previously starved scopes regain service after a finite burst.,Conditional hypothesis; no empirical attractor established. Qualitative mechanism only.,Qualitative conditional reasoning from reviews/governance/scenarios.csv; no runtime observations
governance,GV24,Deadline or opportunity irreversibly missed,ordinary terminal value loss,A time-specific opportunity expires before a valid result or recovery can arrive.,No feedback. Time passing removes the original opportunity even if execution later succeeds.,"Queue wait, single-host outage or replay delay exceeds a real business deadline.",The original deadline cannot be unmissed; a renegotiated opportunity is new work.,"Late output, evidence and future operating capability where relevant.","The value or contractual timeliness attached to the original deadline, not necessarily all output utility.",The deadline was soft or the recipient accepts the result with unchanged value.,Conditional hypothesis; no empirical attractor established. Qualitative mechanism only.,Qualitative conditional reasoning from reviews/governance/scenarios.csv; no runtime observations
governance,GV25,Frozen dependency island,externally constrained maintenance regime,Current software remains usable locally but future compatible releases or required rights are unavailable.,External dependency absence sustains the freeze; increasing obsolescence is possible but not inevitable.,"License change, missing package, supplier insolvency or unsupported platform blocks upgrades or rebuilds.","A lawful compatible replacement, retained build chain or newly available package restores maintenance.","Already usable binaries, source and rights actually retained.","Assured reproducibility, upgrades or replacement installation; existing licenses are not assumed retroactively invalid.",Retained lawful dependencies and toolchain can build and run the required version.,Conditional hypothesis; no empirical attractor established. Qualitative mechanism only.,Qualitative conditional reasoning from reviews/governance/scenarios.csv; no runtime observations
governance,GV26,Incompatible history or schema held,compatibility policy hold,Reader detects data it cannot interpret safely and refuses to mutate or pretend a valid replay.,Compatibility check sustains refusal; no self-reinforcing dynamics are claimed.,"Missing event upcaster, incompatible rollback or platform change invalidates interpretation.",A proven compatible reader or migration becomes available; a snapshot alone may omit later effects.,Unmodified bytes and any old compatible read path.,Current service and full interpretation on the incompatible binary.,The reader demonstrably interprets all required old and new values without loss.,Conditional hypothesis; no empirical attractor established. Static transition support is limited to the referenced functions; other branches are qualitative and design is not implementation.,"Qualitative conditional reasoning from reviews/governance/scenarios.csv; no runtime observations | Source: crates/factory-store/src/schema.rs:1-15 and migrations.rs::apply (mutable tables, five SQL migrations, not event replay) | Design only: docs/adr/0003-logical-api-and-event-sourcing-v1.md sections 7-9 (replay, saga and trusted invocation promises)"
governance,GV27,Competing writers and histories,externally maintained divergent regime,Two live authorities mutate overlapping state without a common effective fencing or serialization boundary.,"Each writer sees its own success and continues; divergence persists while both operate, but a finite one-off race is only a transient.","Prototype/Rust overlap, cloned dispatcher or uncoordinated regional failover enables dual dispatch.",One accepted mutation authority remains and external outcomes plus divergent histories are reconciled.,Each branch own evidence if preserved independently.,"A single trustworthy order, exclusive effect execution and possibly schema integrity.",The second writer is fenced before any conflicting mutation or effect.,Conditional hypothesis; no empirical attractor established. Static transition support is limited to the referenced functions; other branches are qualitative and design is not implementation.,"Qualitative conditional reasoning from reviews/governance/scenarios.csv; no runtime observations | Source: crates/factory-store/src/schema.rs:1-15 and migrations.rs::apply (mutable tables, five SQL migrations, not event replay) | Design only: docs/adr/0003-logical-api-and-event-sourcing-v1.md sections 7-9 (replay, saga and trusted invocation promises)"
governance,GV28,Records no longer justify their claims,integrity and epistemic deficit,Stored bytes or rendered diagnostics can be manipulated without a trustworthy independent account.,"Downstream reliance may amplify the false record into GV05, but a damaged record alone is not an attractor.","Direct SQLite mutation, terminal escape deception or rewritten audit history severs claimed provenance.",Independent evidence reconstructs what is supportable; rewriting the record again does not authenticate the old fact.,Untainted records and possibly raw bytes distinct from their display.,Confidence that observed content is a faithful authorized history.,Independent authenticated records settle the disputed facts or safe rendering exposes the attempted trick.,Conditional hypothesis; no empirical attractor established. Static transition support is limited to the referenced functions; other branches are qualitative and design is not implementation.,"Qualitative conditional reasoning from reviews/governance/scenarios.csv; no runtime observations | Source: crates/factory-store/src/schema.rs:1-15 and migrations.rs::apply (mutable tables, five SQL migrations, not event replay) | Source: crates/factory-store/src/backup.rs::backup_to and lib.rs::open_at/connection (SQLite snapshot and local connection, not independent custody) | Design only: docs/adr/0003-logical-api-and-event-sourcing-v1.md sections 7-9 (replay, saga and trusted invocation promises)"
governance,GV29,Complexity reinforces central service growth,attractor hypothesis,"Architecture decisions respond to coordination failures by adding kernel services, and local incentives do not charge integration cost.",More services create interfaces and incidents; each incident supplies a reason for another central service.,A first cross-cutting problem is solved by broadening the kernel and that precedent governs later work.,Decisions can remove responsibilities and evaluate whole-system maintenance cost rather than local feature delivery.,Added functions and institutional knowledge while maintainers remain.,"Small comprehensible mutation boundary, change speed and some failure isolation.",Service count or coupling decreases after incidents because existing mechanisms solve the problems.,Conditional hypothesis; no empirical attractor established. Qualitative mechanism only.,Qualitative conditional reasoning from reviews/governance/scenarios.csv; no runtime observations
governance,GV30,Operating with narrowed recovery diversity,vulnerable operating regime,"Primary service still works but independent backup locations, keys or restore capability have been lost.",No failure or attractor follows necessarily. Shared failure exposure persists until diversity returns.,Backup service becomes unaffordable or correlated damage removes only some recovery locations.,"Independent usable recovery paths return, or subsequent correlated loss removes remaining capability.",Primary operations and remaining copies whose accessibility is actually known.,Former recovery options and margin against another common-mode incident.,Equivalent independent usable recovery paths still exist.,Conditional hypothesis; no empirical attractor established. Qualitative mechanism only.,Qualitative conditional reasoning from reviews/governance/scenarios.csv; no runtime observations
governance,GV31,Operational assurance exceeds demonstrated evidence,assurance information deficit,"Backups, manifests or completed matrices exist but the claimed operational objective has not been demonstrated; recovery requires actual content, tools and keys.",No feedback inherently; if assurance substitutes for testing it can enter GV06.,"Insurer requests proof, a manifest is mistaken for content, or restore drills do not exercise actual dependencies.","A bounded relevant recovery exercise establishes a narrower claim, or the unsupported claim is withdrawn.",Backups and whatever limited checks actually passed.,Justified recovery guarantee; not necessarily actual recoverability.,An independent representative exercise already demonstrates all claimed objectives.,Conditional hypothesis; no empirical attractor established. Static transition support is limited to the referenced functions; other branches are qualitative and design is not implementation.,"Qualitative conditional reasoning from reviews/governance/scenarios.csv; no runtime observations | Source: crates/factory-recovery/src/restore.rs::reconcile (snapshot-local journal and disconnected leases, not external-world reconciliation) | Source: crates/factory-store/src/backup.rs::backup_to and lib.rs::open_at/connection (SQLite snapshot and local connection, not independent custody) | Design only: docs/adr/0003-logical-api-and-event-sourcing-v1.md sections 7-9 (replay, saga and trusted invocation promises)"
governance,GV32,Custody-constrained operation,externally imposed access regime,A court or authority controls the original device or content access and the organization cannot freely use it.,External custody or legal order sustains the constraint.,Seizure or compulsory inspection removes ordinary custody.,"A binding permitted-access arrangement or release restores lawful use, or work moves to a lawful independent copy.",Records still physically present and lawful services independent of the seized original.,"Immediate control, availability and possibly confidentiality depending on actual inspection.",Custody terms permit all required timely access without disclosure outside authorized boundaries.,Conditional hypothesis; no empirical attractor established. Qualitative mechanism only.,Qualitative conditional reasoning from reviews/governance/scenarios.csv; no runtime observations
governance,GV33,Authority transition complete for future work,ordinary organizational transition,A recognized successor controls current access and permissions are validly rebound to actual people or roles.,No attraction claimed; normal governance supports a new operating baseline.,"Sale, succession or separation reaches an accepted authority mapping and existing obligations are distinguished from new ones.",A later change or dispute invalidates the mapping.,Lawfully transferred assets and current legitimate operation.,"Former staff access, old automatic grants and any nontransferable context.",Departed staff retain usable credentials or critical permissions have no recognized new holder.,Conditional hypothesis; no empirical attractor established. Qualitative mechanism only.,Qualitative conditional reasoning from reviews/governance/scenarios.csv; no runtime observations
governance,GV34,Separated project lacks permitted context,information and legal boundary hold,A successor project may retain its own code but cannot lawfully use necessary company context.,The information restriction sustains incomplete operation; copying prohibited context is not recovery.,Spin-out or confidential customer partition removes formerly shared instructions or knowledge.,"Lawful sufficient context is independently reconstructed or licensed, or the dependent task is abandoned.",Permitted project assets and clearly transferable knowledge.,Dependent reasoning capability and old company-wide assumptions.,The task is fully specified by already transferable project material.,Conditional hypothesis; no empirical attractor established. Static transition support is limited to the referenced functions; other branches are qualitative and design is not implementation.,"Qualitative conditional reasoning from reviews/governance/scenarios.csv; no runtime observations | Source: crates/factory-context/src/lib.rs::compile (current-file reads, unreadable error, no link walk, no model-size limit)"
governance,GV35,Instrument continuity broken,measurement discontinuity,Old and new agents or observation adapters report quantities with different or unknown semantics.,No feedback necessary; averaging incompatible observations manufactures rather than restores continuity.,Flotilla or harness replacement changes instruments mid-series.,Validated common dimensions are isolated; a defensible mapping is established; or series remain separate.,Original measurements with provenance and objective outcomes where independently comparable.,"Trend claims based on assumed identical blocked, waiting or turn semantics.",Independent calibration establishes invariance for the exact compared quantities.,Conditional hypothesis; no empirical attractor established. Design references constrain hypothetical branches only; no implementation claim.,"Qualitative conditional reasoning from reviews/governance/scenarios.csv; no runtime observations | Design only: docs/adr/0020-run-telemetry-and-the-evaluation-bench.md decisions 1-5,8-9 and Open items (measurement and trace rules, attribution gap)"
governance,GV36,Offline work awaits world reconciliation,information-starved wait,Remote work or restored state cannot establish current revocations and external versions while isolated.,Disconnection sustains ignorance; local progress is possible but does not update external truth.,Days offline or decades of dormancy separate local state from contemporary authority and dependencies.,"Fresh authenticated evidence reconciles outcomes, time, permissions and world state, or the work is invalidated.",Readable local work and historical claims with explicitly limited freshness.,"Current authorization, global order and timely coordination assurances.",All effects are self-contained under still-valid irrevocable authority and need no outside facts.,Conditional hypothesis; no empirical attractor established. Static transition support is limited to the referenced functions; other branches are qualitative and design is not implementation.,"Qualitative conditional reasoning from reviews/governance/scenarios.csv; no runtime observations | Source: crates/factory-recovery/src/restore.rs::reconcile (snapshot-local journal and disconnected leases, not external-world reconciliation) | Design only: docs/adr/0003-logical-api-and-event-sourcing-v1.md sections 7-9 (replay, saga and trusted invocation promises)"
governance,GV37,Deployment requirement exceeds established capability,unresolved capability gap,"A demanded guarantee depends on unstated timing, availability, trust or lifecycle assumptions.",No destination dynamics are inferred from a request alone.,"A single-host service is asked for strict real-time, root-resistant audit or unfamiliar execution constraints.","A precise requirement and credible evidence establish feasibility, or the contract is narrowed or declined.",Existing functions within their actual boundary.,Justification for the stronger guarantee; unsupported does not mean every task fails.,A demonstrated implementation meets a precise stated requirement over the relevant failure envelope.,Conditional hypothesis; no empirical attractor established. Design references constrain hypothetical branches only; no implementation claim.,"Qualitative conditional reasoning from reviews/governance/scenarios.csv; no runtime observations | Design only: docs/adr/0003-logical-api-and-event-sourcing-v1.md sections 7-9 (replay, saga and trusted invocation promises) | Design only: docs/adr/0007-supervised-plugin-process-protocol-v1.md sections 6-7 and Consequences (transport trust, activation checks, no same-user sandbox)"
governance,GV38,Irreversible physical or business effect,absorbing consequence,"An actual motion, destructive compensation or duplicate action changes a nonrecoverable part of the world.",No feedback required. Later records cannot reverse the already realized consequence.,"An irreversible command is accepted before cancellation, or stale compensation overwrites nonrecoverable human work.",No exit restoring the exact lost past; mitigation may produce a different acceptable future.,Evidence and unaffected assets if retained.,"Pre-effect condition, which may include safety, property or unique human edits; harm severity is not stipulated.",The effect never occurred or a demonstrated exact inverse restores everything at issue.,Conditional hypothesis; no empirical attractor established. Design references constrain hypothetical branches only; no implementation claim.,"Qualitative conditional reasoning from reviews/governance/scenarios.csv; no runtime observations | Design only: docs/adr/0003-logical-api-and-event-sourcing-v1.md sections 7-9 (replay, saga and trusted invocation promises)"
governance,GV39,History readable but no longer intelligible,semantic information loss conditional on absent decoder,"Bytes survive but necessary business language, references or tacit knowledge do not.",Repeated interpretation from the same context cannot create the missing meanings; not a storage attractor.,Long dormancy outlives all interpreters of task shorthand and conventions.,"An independent glossary, contemporaneous example or knowledgeable witness supplies meaning; otherwise exact semantics remain lost.","Original text, dates and mechanically decodable structure.",Reliable business intent and ability to certify correct replay of decisions.,Independent readers reconstruct the same validated meaning using surviving contextual material.,Conditional hypothesis; no empirical attractor established. Qualitative mechanism only.,Qualitative conditional reasoning from reviews/governance/scenarios.csv; no runtime observations
governance,GV40,Intermittent duty-cycle operation,externally driven cycle,Energy is available only in bounded periodic windows and usable work can fit or checkpoint across them.,The energy schedule forces on/off recurrence; no endogenous attraction is asserted.,Five-minute monthly power availability replaces continuous operation.,Power continuity changes or the service is retired; reducing work can improve yield but not remove the external cycle.,Durable bytes and tasks whose boot plus useful work fit the window.,Continuous communication and deadlines shorter than the off interval.,"Boot or recovery always exceeds the window, so there is no useful recurrent operation at all.",Conditional hypothesis; no empirical attractor established. Qualitative mechanism only.,Qualitative conditional reasoning from reviews/governance/scenarios.csv; no runtime observations
governance,GV41,Cryptographic trust basis withdrawn,epistemic and security hold,"Primitives used to justify identity, secrecy or signatures are practically broken and old proofs have no independent anchor.",New signatures using the same broken basis cannot repair old authenticity; no attractor is implied.,Practical breaks invalidate the assumptions under historical evidence or encrypted archives.,Independent provenance and a newly trusted channel establish a limited fresh baseline; old secrecy cannot be retroactively restored.,"Physical custody evidence and plaintext whose integrity can be established independently, if any.",Former cryptographic assurances; actual forgery or disclosure still requires a separate occurrence.,An unaffected independent trust basis already proves the claims at issue.,Conditional hypothesis; no empirical attractor established. Qualitative mechanism only.,Qualitative conditional reasoning from reviews/governance/scenarios.csv; no runtime observations
governance,GV42,System information irrecoverably absent,absorbing loss within stated system boundary,"All relevant devices, copies, keys where indispensable, and independent memories or reconstruction sources are gone.",No feedback and no latent surviving state. Reconstruction without information is not recovery.,Universal erasure or loss of the last usable content and indispensable decoding knowledge.,"None within the premise; an independent surviving source would falsify total loss, not emerge from it.",No recoverable system-specific information; only unrelated external capabilities if outside the premise.,"Identity, history, content, permissions and ability to recognize restoration of this system.",Any independently usable source of the purportedly vanished information exists.,Conditional hypothesis; no empirical attractor established. Qualitative mechanism only.,Qualitative conditional reasoning from reviews/governance/scenarios.csv; no runtime observations
governance,GV43,Stale history mistaken for current permission,unsafe stale-state regime,"A stale snapshot or unrefreshed local authority state is treated as current, and later revocations or effects are missing from every check used at dispatch.","Local checks keep validating the stale account; repeated restores or continued failed updates can repeat the mistake, but one stale check is a transient hazard.","Old token or queued task becomes actionable after restore, or a role change or revocation never becomes effective in the state consulted by dispatch.",Independent current authority and participant outcomes contradict and replace the stale dispatch premise.,Historical state as of snapshot time and any unaffected local work.,Fresh authorization and at-most-once effect claims across the snapshot boundary.,A freshness or participant check outside the restored state rejects the stale credential or already executed operation.,Conditional hypothesis; no empirical attractor established. Static transition support is limited to the referenced functions; other branches are qualitative and design is not implementation.,"Qualitative conditional reasoning from reviews/governance/scenarios.csv; no runtime observations | Source: crates/factory-recovery/src/restore.rs::reconcile (snapshot-local journal and disconnected leases, not external-world reconciliation) | Design only: docs/adr/0003-logical-api-and-event-sourcing-v1.md sections 7-9 (replay, saga and trusted invocation promises)"
governance,GV44,Compensation preconditions no longer hold,information-starved policy hold,Human edits or changed plugin semantics invalidate the preconditions or meaning of a planned inverse.,A conditional write refusing stale versions maintains the hold; failed compensation is not a completed rollback.,A delayed compensation meets a newer object or an incompatible operation implementation.,Current evidence and legitimate authority establish a new acceptable mitigation; exact inverse may no longer exist.,Forward-operation evidence and current human data if refusal precedes overwrite.,Automatic rollback guarantee and possibly the old compensation path.,"The inverse is version-bound, compatible and demonstrably preserves all intervening legitimate changes.",Conditional hypothesis; no empirical attractor established. Design references constrain hypothetical branches only; no implementation claim.,"Qualitative conditional reasoning from reviews/governance/scenarios.csv; no runtime observations | Design only: docs/adr/0003-logical-api-and-event-sourcing-v1.md sections 7-9 (replay, saga and trusted invocation promises) | Design only: docs/adr/0007-supervised-plugin-process-protocol-v1.md sections 6-7 and Consequences (transport trust, activation checks, no same-user sandbox)"
governance,GV45,Plugin startup dependency deadlock,conditional deadlock,Every member of a dependency cycle requires another member fully ready before it can become ready; no lazy binding or seed exists.,"Mutual waiting is a fixed point of startup rules, not evidence of a basin-wide attractor.",Dependency graph gains a strongly connected component of mandatory readiness prerequisites.,One prerequisite can legitimately be satisfied independently or the dependency relation changes.,Stopped plugin files and any independent local inspection path actually present.,Startup of the cycle and all dependent functions.,"Dependencies are optional, lazily bound or initialized by an existing bootstrap that breaks the wait.",Conditional hypothesis; no empirical attractor established. Qualitative mechanism only.,Qualitative conditional reasoning from reviews/governance/scenarios.csv; no runtime observations
governance,GV46,Service retired with usable handoff,ordinary completion,A complete permitted export is actually usable without Factory and shutdown leaves no required live Factory worker.,No feedback; retirement is an intentional lifecycle endpoint.,Customer accepts an independently readable handoff and all authorized service instances stop.,"Newly authorized adoption is a new lifecycle, not automatic continuation.","Exported lawful content, interpretation aids and evidence that were actually included.",Live Factory automation and nonexportable integrations; export does not prove erasure of every remote copy.,The recipient needs a Factory daemon to read essential data or a residual service still performs work.,Conditional hypothesis; no empirical attractor established. Qualitative mechanism only.,Qualitative conditional reasoning from reviews/governance/scenarios.csv; no runtime observations
governance,GV47,Recovery duration exceeds service objective,externally constrained degraded recovery,"Correct reconstruction takes longer than the allowed recovery time, even though necessary information still exists.",Growing history may worsen the gap; no positive feedback follows merely from a long finite replay.,"Decades of history, slow hardware or short power windows make recovery exceed the objective.",A verified faster interpretation path or legitimately changed objective closes the gap; missed past deadlines stay missed.,Recoverable canonical information and eventual correct reconstruction when energy and tools suffice.,The claimed recovery-time objective and timely service.,Representative full recovery including required content consistently finishes inside the objective.,Conditional hypothesis; no empirical attractor established. Static transition support is limited to the referenced functions; other branches are qualitative and design is not implementation.,"Qualitative conditional reasoning from reviews/governance/scenarios.csv; no runtime observations | Design only: docs/adr/0003-logical-api-and-event-sourcing-v1.md sections 7-9 (replay, saga and trusted invocation promises) | Source: crates/factory-store/src/backup.rs::backup_to and lib.rs::open_at/connection (SQLite snapshot and local connection, not independent custody)"
governance,GV48,Essential content inaccessible with known recovery means,unresolved recovery capability,"Required data cannot be read with any currently known surviving copy, key and decoder combination, while traces of the system still exist.",No feedback. Repeating restore against the same unreadable bytes does not supply a missing key or destroyed payload.,"Ransomware, correlated media destruction or device plus backup-key loss removes the last known practical content recovery path.","A usable independent copy, key or decoder becomes available; proven destruction of every representation makes the particular content loss final, not necessarily all system information.","Identifiers, manifests, ciphertext, remaining records or human knowledge where actually retained.",Present ability to recover the essential payload and resume content-dependent work; permanent impossibility is not proved merely by a missing key.,An independent reconstruction successfully recovers the required content without the missing means.,Conditional hypothesis; no empirical attractor established. Qualitative mechanism only.,Qualitative conditional reasoning from reviews/governance/scenarios.csv; no runtime observations
observability,OB01,Bounded terminal disposition,ordinary completion,Work completes or is explicitly rejected or cancelled with truthful outcome and released owned resources,None required and no attraction claimed,Finite work drains or a valid terminal decision is applied,New work or a new perturbation,Outcome evidence and remaining capacity,The completed opportunity may have expired even when disposition is correct,An allegedly terminal operation still holds a slot or can dispatch again,Qualitative reference endpoint rather than a measured steady state,scenarios.csv
observability,OB02,Unobserved outage,externally maintained outage,Compute or the independent path to an observer is unavailable,No autonomous feedback follows from power or network absence alone,Host power loss or common dependency failure or observer failure,Power and a functioning observation path return or another observer supplies evidence,Previously durable local records if media survive and possibly independent copies,Current execution and remote knowledge of its condition are unavailable rather than necessarily destroyed,A fresh independent observation reaches a reachable responder during the claimed total blindness,Qualitative conditional failure-domain reasoning with no deployment topology inspected,scenarios.csv:S201-S207 S257
observability,OB03,Green without useful service,observation mismatch,A liveness display is decoupled from commits or useful work or accepts stale or incomplete evidence,A fixed bad probe maintains the report but is not itself autonomous feedback. If green suppresses repair it can prolong the underlying fault,Independent health thread or cache or aggregate masks a failed path,An observation of the failing path changes the verdict or underlying service recovers,Some reads or a reporting process and historic samples,Truthful current service health and detection time,Green requires a fresh successful operation through the failed path and expires without it,Qualitative. Read/write separation exists in source but no deployed health protocol was established,../../crates/factory-store/src/lib.rs:connection transaction | scenarios.csv
observability,OB04,Alert exists but no human receives it,information-starved wait,Detection or a send acknowledgement exists but the only responder has no accessible notification,No feedback is necessary. Delivery acceptance is not human receipt,Spam filtering or unreachable operator or notification account lock,A responder receives independent evidence or the original message and acts,Detector evidence if retained and any independent recovery copies,Time to human awareness and possibly action deadline,A recorded acknowledgement by an authorized reachable human predates the alleged silent interval,Qualitative distinction among detection transport acceptance receipt and action,scenarios.csv:S205 S206 S208
observability,OB05,Administrative silence,policy hold,An enabled suppression interval or mute persists with no functioning expiry,The stored policy continues to suppress signals. Duration alone does not establish an attractor,Maintenance suppression outlives intended hour,Suppression expires in the actual clock model or is explicitly lifted,Work and raw evidence may continue,Alert eligibility despite incidents,Advancing the relevant clock automatically ends suppression at the original intended expiry,Qualitative policy semantics unspecified,scenarios.csv:S209
observability,OB06,Recovery evidence missing but not proven lost,information-starved wait,Recovery-relevant identity liveness or key knowledge is unavailable and has not been proven permanently lost,No restoring feedback shown. Conservative session refusal retains ownership until evidence arrives,Observation lost or restore makes old runtime claims untrustworthy or a recoverable key path has not been found,Correlated authoritative observation or confirmed termination or discovery of an authorized decryption path or explicit human disposition,Existing durable evidence and ciphertext where intact plus lease exclusion for ambiguous sessions,Recovery progress and knowledge of actual condition plus capacity held by unresolved sessions,The required evidence is already available and authoritative yet the claimed information-only wait persists,Source supports only the session lease and evidence-gate branch. Key discovery and full observer behavior are qualitative,../../crates/factory-session/src/lib.rs:holds_lease mark_disconnected | ../../crates/factory-recovery/src/evidence.rs:may_promote_from_disconnected | ../../crates/factory-recovery/src/restore.rs:reconcile | scenarios.csv:S271
observability,OB07,Explicit authorization or freshness hold,policy hold,Work is blocked pending human permission or a decision whether old intent remains valid,No autonomous feedback. A missing approver is not convergence,Permission required or stale work intentionally withheld,Fresh authorized decision cancels or allows bounded work,Intent and the fact permission is absent,Elapsed business time and perhaps usefulness of the task,Work executes without the required decision or expiry is automatically terminal under the actual policy,Source supports blocked tasks and explicit resume. General stale-intent validation is only a conditional policy branch,../../crates/factory-task/src/deliver.rs:authorise_resume | scenarios.csv:S203 S212 S221 S232
observability,OB08,Readable store unable to advance,resource-constrained regime,Existing pages remain readable but durable writes fail,No self-sustaining loop follows from full or failed media. Retry load can separately enter OB11,Commit refusal while old reads still answer,Space or functioning durable storage becomes available and pending outcomes are reconciled,Previously committed records if intact,New durable mutations and honest success acknowledgements,A new acknowledged mutation survives reopening and power-loss-equivalent storage semantics under the same fault,Source separates reads from BEGIN IMMEDIATE writes and propagates commit errors. Disk faults not exercised,../../crates/factory-store/src/lib.rs:connection transaction | ../../crates/factory-task/src/create.rs:cancel | ../../crates/factory-session/src/lib.rs:transition
observability,OB09,Business deadline missed,ordinary terminal loss,Queue time or serial work or connection setup exceeds the original business deadline,None. A missed historical deadline is irreversible but does not imply future failure,Time budget exhausted even if each inner call meets its local timeout,No exit for the past deadline. Future work may meet deadlines under different conditions,Possible eventual result and timing evidence,The original timeliness promise,Actual end-to-end elapsed time including queue and connection setup is within the original deadline,Qualitative arithmetic with explicit serial versus parallel assumptions,scenarios.csv:S219 S220 S229 S242 S255
observability,OB10,Slots consumed by nonterminating work,accumulating capacity loss,Requests that never finish retain finite slots and have no effective reclamation,Under continuing arrivals each rare hang reduces service capacity. With arrivals stopped the occupied slots persist but no autonomous growth follows,At least one unreclaimable hang in a finite pool,Proven termination or effective reclamation or replacement of the pool,Durable requests and any unoccupied isolated pools,Usable slots progressively rather than necessarily immediately,Every stalled request releases its slot within a measured finite bound,Qualitative finite-pool model. No production arrival distribution or lifetime bound measured,scenarios.csv:S225 S228
observability,OB11,Retry load sustains overload,attractor hypothesis,Enough retry-producing work remains and overload lowers successful service below offered plus retry load,Slow service causes timeouts and retries which consume more service and produce more failures. Persistence after initial fault requires ongoing retries or arrivals,A burst or dependency slowdown crosses capacity threshold,Retry work ceases or remaining load falls below sustainable capacity long enough to drain,Some durable intent and work on genuinely isolated capacity,Throughput latency and possibly provider budget,Remove the initial fault and freeze new external arrivals. Backlog drains despite retry policy rather than settling into overload,Qualitative feedback hypothesis not an observed Factory attractor. ADR restart budgets constrain only their own restart loop,../../docs/adr/0007-supervised-plugin-process-protocol-v1.md:4 | scenarios.csv:S237-S241 S253-S255
observability,OB12,Synchronized finite surge,transient,A finite population wakes or retries together and offered work temporarily exceeds service,The initial synchronization alone supplies no continuing feedback. Retries may branch to OB11,Power or provider restoration or identical retry timer expiry,Finite demand drains or is truthfully rejected with residual capacity,Queued intent and eventual service if capacity and deadlines suffice,Short-term latency or perishable business opportunities,Demand remains elevated without new arrivals or internally generated retries after the original cohort is served,Qualitative finite-burst interpretation,scenarios.csv:S214 S238 S240 S252 S253
observability,OB13,Head-of-line obstruction,resource-constrained wait,A shared queue or all-of barrier cannot bypass one large slow or missing item,No loop is needed. Persistence depends on obstruction duration and queue discipline,Huge export or never-returning child occupies required service position,Blocking item ends or the actual semantics permit bypass or bounded failure,Pending small requests and partial results if retained,Independent progress and responsiveness on the shared path,Small requests progress independently while the named blocker remains,Qualitative queue/barrier mechanism not demonstrated in a running plugin host,scenarios.csv:S217 S225 S243
observability,OB14,Normal work starved by priority demand,externally driven regime,Priority service is strict and high-priority offered load consumes all available capacity,Continued emergency arrivals maintain starvation. Stop those arrivals and normal work can drain,Repeated emergency tasks arrive before normal queue gets service,Priority demand drops below capacity or actual scheduling grants normal service,Emergency throughput and queued normal intent,Normal task latency and old business deadlines,Normal work receives a positive service share despite indefinitely backlogged emergency work,Qualitative scheduler assumptions. No scheduler implementation inspected,scenarios.csv:S244
observability,OB15,Fast answer with incomplete or biased meaning,observation or semantic mismatch,Sampling excludes unfinished work or a result labels a partial set complete,Selection continues to hide failures while policy is unchanged. No intrinsic feedback established,Completed-only dashboard or closed-loop test or early aggregator answer,Recompute the full denominator or expose partialness or obtain missing required results,Measured completed samples and partial valid results,Validity of the advertised whole-system or completeness claim,The claim explicitly concerns only the sampled subset or the omitted result is not required by the real contract,Qualitative. Source task list includes every status so completed-only filtering is not established there,../../crates/factory-task/src/create.rs:list | scenarios.csv:S222-S224 S227
observability,OB16,External effect unresolved,information-starved wait,A dispatch may have crossed the external acceptance boundary but its result cannot yet be established,No feedback follows from unknown outcome. Repeating on uncertainty can branch to OB11 or OB17,Lost reply or cancellation race or post-commit power loss,Durable participant evidence resolves the operation or a human records an explicit limited disposition,Local intent and attempt evidence where durable,Knowledge whether the external effect happened and safe automatic retry eligibility,The retained participant ledger proves accepted or definitively not accepted for the same durable identity,Source delivery journals before manual writer and refuses unauthorized repeats. General plugin reconciliation is an ADR promise,../../crates/factory-task/src/deliver.rs:deliver | ../../docs/adr/0003-logical-api-and-event-sourcing-v1.md:8 | ../../docs/adr/0007-supervised-plugin-process-protocol-v1.md:5
observability,OB17,Unwanted irreversible effect occurred,absorbing historical loss,A duplicate stale or unauthorized action crosses an irreversible external acceptance point,None is required. Compensation may mitigate consequences but cannot erase historical delivery,Speculation or stale replay or late cancellation after acceptance,No exit for the past action. Ongoing dispatch can cease and consequences can be mitigated separately,Evidence and remaining correctly authorized work if not compromised,Original no-duplicate no-send or correct-recipient property,Participant evidence shows the operation was rejected before acceptance or genuinely reversible with no irreversible disclosure,Qualitative external semantics with irreversibility explicitly stipulated. Not an observed incident,../../docs/adr/0003-logical-api-and-event-sourcing-v1.md:8 | scenarios.csv:S226 S231 S232 S234 S251 S261-S266
observability,OB18,Child continues beyond parent lifecycle,uncontained execution transient,A descendant remains runnable and retains write or external credentials after parent timeout or exit,No loop is required and the stated two-day lifetime is finite. Self-restart would be an extra assumption,Timeout kills or abandons parent without terminating descendants,Descendants end or lose effective authority and all effects are reconciled,Descendant execution and possibly its own output,Truth of parent-finished-means-no-more-effects and workspace exclusivity if reused,No descendant can write or invoke the participant after the parent boundary,Qualitative process-tree hypothesis. Source session stop assumes caller already confirmed process unusable,../../crates/factory-session/src/lib.rs:stop | ../../docs/adr/0007-supervised-plugin-process-protocol-v1.md:4 | scenarios.csv:S235
observability,OB19,Two sources share one observation identity,identity ambiguity,Original and restored clone use the same logical heartbeat identity and observer cannot distinguish epochs,Competing arrivals overwrite or interleave evidence under one key. Continued ambiguity requires both sources or cached old data,Clone starts with copied identity,Evidence distinguishes source incarnation or one source is conclusively retired,Messages and possibly both functioning instances,Attribution of freshness health and ownership to the intended instance,Observer consistently identifies both incarnations and never lets clone health certify the original,Qualitative monitor identity semantics unspecified. Session recovery identity is a different boundary,scenarios.csv:S215
observability,OB20,Trusted access cannot be established,policy hold,Only authentication or key path rejects legitimate recovery traffic,Fail-closed policy holds access while identity dependency or incompatible key state persists. Not autonomous attraction,IdP locked or rotation crosses partition,A trusted credential path becomes usable without accepting forged authority,Access denial and possibly local data,Authorized recovery access or authenticated heartbeat delivery,Authorized offline recovery succeeds while the sole IdP remains unavailable or overlap keys still validate,Qualitative. ADR safe mode is not an authorization bypass,../../docs/adr/0007-supervised-plugin-process-protocol-v1.md:1 6 | scenarios.csv:S259 S270
observability,OB21,Confidentiality already lost,absorbing loss,An unauthorized party obtains sensitive plaintext or inferable sensitive content,No feedback needed. Copying makes past disclosure non-retractable,Late data misrouting or exfiltration or later decryption of captured exports,No exit for disclosed facts. Future access may be revoked,Non-disclosed material and evidence if independent,Secrecy of the disclosed information,The adversary never acquired decryptable content or the alleged inference is no better than its stated baseline,Qualitative security outcome conditioned on actual access not merely suspicious text or a valid signature,scenarios.csv:S233 S264-S269 S272-S275
observability,OB22,Compromised controller reproduces trust,attractor hypothesis,Attacker-controlled trusted code can persist and modify updates or the evidence used to approve recovery,Compromised updater reinstalls compromised code and compromised observer certifies it. Requires these powers and recurring recovery/update actions,Trusted supply-chain payload gains execution on Factory and possibly monitor,Independent trustworthy execution and evidence replace attacker-controlled persistence paths,Only evidence and capabilities outside the compromised trust domain are independently credible,Integrity of in-domain control and telemetry,A clean restart from an independent pinned source remains clean despite the attacker retaining the alleged persistence path,Qualitative adversarial feedback hypothesis. Signed identity alone does not prove benign behavior,../../docs/adr/0007-supervised-plugin-process-protocol-v1.md:3 7 Consequences | scenarios.csv:S267-S269 S275
observability,OB23,Restore cannot fit or finish in time,resource-constrained wait,Recovery requires more simultaneous space or more time than available,No intrinsic loop. Repeated full-copy retries can consume additional space only under an extra retention policy,Restore/replay starts against insufficient capacity or stated RTO,Sufficient peak resources or different available recovery input permits completion,Canonical bytes if copies are retained and readable,Recovery-time promise and current service availability,Measured peak footprint fits and full restore finishes within the stated RTO using the same inputs,Source backup creates another VACUUM INTO copy and refuses overwrite. Event replay performance is design-level not implemented evidence here,../../crates/factory-store/src/backup.rs:backup_to | ../../docs/adr/0003-logical-api-and-event-sourcing-v1.md:7 | scenarios.csv:S249 S250
observability,OB24,Encrypted history irrecoverable,absorbing loss under stated knowledge,Ciphertext remains but every feasible decryption path is permanently unavailable,None. Absence of a currently found key alone is only an information wait,Last key or reconstruction knowledge is lost,No feasible exit under assumptions. Discovery of escrow or future cryptanalysis changes those assumptions,Ciphertext and non-secret metadata,Authorized recovery of protected content,Any independently recoverable key or working reconstruction path decrypts the vault,Qualitative with permanent key absence explicitly conditional and future cryptanalysis not excluded,scenarios.csv:S271
observability,OB25,Boundary rejects invalid work locally,ordinary rejection or bounded quarantine,Actual enforced size capability freshness or approval validation fails before unsafe acceptance,No feedback. Repeated violations stay isolated only if total costs and buffers are bounded,Oversized request or unauthorized action reaches an enforcing boundary,Correct authorized bounded request or explicit trusted release from quarantine,Unaffected work and evidence of refusal when the refusal can be recorded,The rejected request's progress but not necessarily its external opportunity,Rejected input consumes unbounded resources or performs the prohibited effect before refusal,ADR frame and capability bounds are promises. Source delegation checks only its stated kinship and chain boundary,../../docs/adr/0007-supervised-plugin-process-protocol-v1.md:2-4 6 | ../../crates/factory-delegation/src/rule.rs:check
observability,OB26,Cold-path capacity deficit,transient,Connections caches or models are absent and first use costs more than warm service,Warmup can remove the deficit. Eviction or timeout restarts can create OB11 but are extra feedback assumptions,Restart or cache miss or first network call,Finite warming finishes with enough capacity or work expires,Underlying service and durable intent,First-call latency and optionally deadlines,Latency remains at cold values after measured successful warming with no eviction or renewed failures,Qualitative distinction between cold transient and retry-maintained overload,scenarios.csv:S240-S242
observability,OB27,Observation or message state exhausts resources,resource exhaustion,Labels inline frames compiled contexts or subscriber queues exceed available capacity or accumulate faster than retirement,Accumulation may continue with token/subscriber input. A restart/replay loop needs separate evidence,High-cardinality metrics or slow consumers or oversized payload allocation,Input stops and resources can be reclaimed or bounded isolated rejection occurs,Core work only if resource pools are genuinely isolated,Observation availability and possibly shared kernel memory or latency,Total retained bytes stay bounded while adversarial labels or subscribers continue,ADR negotiates frame limits and subscriber backpressure but total cross-subscriber bounds are not demonstrated,../../docs/adr/0007-supervised-plugin-process-protocol-v1.md:2 6 | scenarios.csv:S216 S247 S248
observability,OB28,Evidence needed for correlation erased,absorbing evidentiary loss,The only operation identity association or tombstone is deleted and no lawful independent mapping remains,None. Subsequent retries expose the loss rather than create it,Retention expiry or legal deletion removes the last association,No reconstruction under assumptions. New independent evidence would refute uniqueness of the lost copy,Remaining unlinked records and privacy benefits of legitimate deletion,Local ability to classify a late result or deduplicate using the erased identity,Participant ledger or another lawfully retained stable mapping resolves the late item,Qualitative. ADR requires durable idempotency/content metadata but no retention horizon was established,../../docs/adr/0003-logical-api-and-event-sourcing-v1.md:7-9 | scenarios.csv:S231 S233 S251
observability,OB29,Stop acknowledged without durable stop evidence,observation and control mismatch,An acknowledgement is emitted despite failed durable stop recording,No intrinsic loop. A restart may resurrect dispatch from the old state if it trusts that state,Full disk and premature success response,Reconcile actual process state with durable intent once writes work or prove a separate stop authority persisted,Old records and possibly an actually stopped process,Trust in success acknowledgement and restart suppression,Commit failure is returned as an error and no success is emitted or independent durable stop authority prevents resumed work,Counterfactual protocol failure. Inspected library stop/cancel return commit errors before success,../../crates/factory-session/src/lib.rs:transition stop | ../../crates/factory-task/src/create.rs:cancel | ../../docs/adr/0003-logical-api-and-event-sourcing-v1.md:4
observability,OB30,Finite historical backlog,transient or policy hold,Old queued work or schedule occurrences are finite but numerous and business validity is not implied by durability,No autonomous multiplication assumed. Draining is possible if no new work exceeds capacity,Long suspension ends and catch-up materializes old intent,Finite valid backlog drains or receives explicit expired/skipped disposition. Relevance may require OB07,Historical intent and occurrence evidence where stored,Immediate capacity and old business deadlines,Occurrence creation continues without bound after the fixed historical horizon is exhausted,Qualitative scheduler policy unknown. Source restore preserves never-attempted queued work without a freshness decision,../../crates/factory-recovery/src/restore.rs:reconcile | scenarios.csv:S203 S252
observability,OB31,Thermally limited service,externally driven regime or cycle,Sustained load generates enough heat to reduce CPU service rate and cooling has finite response,Heat causes throttling and cooling may restore speed. Ongoing load sustains the reduced rate or thermal cycle. Retry amplification is separately OB11,Long high utilization crosses thermal threshold,Load drops or heat removal supports demanded service,Slower compute and durable work,Warm benchmark capacity and timing headroom,At fixed offered load measured frequency and temperature do not correlate with the asserted service-rate reduction,Qualitative physical feedback. No device measurements or thermal thresholds collected,scenarios.csv:S255
observability,OB32,Concurrent writers after unsupported lease release,unsafe execution regime,Old worker is still capable of writes when a replacement acquires the workspace,Two live writers maintain conflict while both run. TTL alone gives no evidence the first stopped,Ambiguous lease expires by policy and replacement starts before old worker is fenced,Old authority ends and conflicting effects are reconciled,Possibly both processes and each one's output,Single-writer workspace assumption and confidence in merged state,Old process cannot write after lease release even while its OS process stays alive,Counterfactual TTL branch. Source keeps disconnected leases and stop has a caller-owned death precondition,../../crates/factory-session/src/lib.rs:holds_lease stop begin_start | scenarios.csv:S235 S245
observability,OB33,Wrong authority accepted for an action,authorization mismatch,Authenticated identity does not bind the actual scope credential recipient immutable input or approval provenance,No intrinsic feedback. Successful abuse can lead to OB22 only if it also grants persistence,Cross-scope credential lookup or mutable recipient or imported/logged approval is trusted,Real binding validation rejects before acceptance or trusted review stops further actions,Evidence of the authenticated caller may remain useful but is not proof of authorization,Correct attribution authorization and potentially scope separation,The exact action scope recipient version and principal are checked against independently trusted approval before dispatch,Qualitative threat branch. ADR trusted context is a design promise and prompt formatting is not security enforcement,../../docs/adr/0003-logical-api-and-event-sourcing-v1.md:9 | ../../docs/adr/0007-supervised-plugin-process-protocol-v1.md:3 | ../../crates/factory-context/src/format.rs
observability,OB34,Alarm fatigue reinforces silence,attractor hypothesis,Repeated non-actionable alerts consume finite human attention and responders mute or ignore the detector,Noise causes dismissal which leaves the bad alert criterion uncorrected and produces more noise and dismissal. Requires this human response rather than assuming it,Legitimately blocked workload triggers persistent progress alarms,Responder separates expected holds from fault evidence or attention recovers and the false-alert source ends,Task correctness and raw detector events if retained,Effective response to later real incidents,Responders keep acknowledging actionable alerts promptly despite the unchanged false-alert stream,Qualitative behavioral hypothesis not inferred from noisy alerts alone,scenarios.csv:S212
observability,OB35,Control path starved by data work,resource-constrained wait,Cancel or stop shares a congested execution pool or serialized data channel with bulk operations,No feedback necessary. Continued data input can maintain starvation and retries can add OB11,Large stdout backlog or saturated plugin invocation pool delays stop,Data queue drains or actual independent bounded control service becomes available,Already committed intent and possibly ongoing workers,Timely cancellation or shutdown rather than necessarily eventual control delivery,Stop or cancel takes effect within its bound while the same data queue remains saturated,Qualitative channel topology. ADR framed bidirectional stdio and shutdown deadlines do not establish preemptive control scheduling,../../docs/adr/0007-supervised-plugin-process-protocol-v1.md:2 4 | scenarios.csv:S236 S258
observability,OB36,Recursive fan-out expands demand,self-amplifying growth hypothesis,Each executed child creates on average more than one admitted child with no effective depth or total budget stopping the expansion,Work generates more work which generates more work. Finite legal scope chains bound depth but can still permit a very large finite tree,A viral parent begins branching,Branching falls below replacement or finite depth/budget is reached or admissions stop,Task lineage where durably recorded,Capacity cost visibility and possibly business budget,Total admitted descendants remain bounded by a small enforced tree budget despite continued child execution,Qualitative growth. Source forbids scope revisits in one delegation chain but does not make branching factor one,../../crates/factory-delegation/src/rule.rs:check | scenarios.csv:S254
boundaries,BD01,Verified bounded completion,ordinary completion,"Specific operation has current authority, correct subject and meaning, and independently adequate effect evidence.","None required. Completion is an endpoint for this operation, not an attracting operating regime.","Resolve discrepancies before effect, or reconcile the actual effect with adequate independent evidence.",New contradictory evidence reopens the assessment; new work is a different operation.,Accountable result and usable evidence for the bounded claim.,No guarantee about unrelated operations or future effects.,"An independently verified mismatch in recipient, units, authority, or effect refutes the completion claim.",Qualitative conditional hypothesis from assigned scenarios; not observed in Factory.,scenarios.csv
boundaries,BD02,Explicit validity hold,policy hold,"A functioning gate refuses ambiguous identity, version, freshness, or authority before the next effect.",No autonomous restoring force. A retained refusal condition keeps work held.,Mismatch is detected while the relevant gate remains in control.,"Supply current compatible evidence and legitimate authorization, or abandon work; neither implies past effects were undone.",Inspectability and any unaffected local functions; abstention from this next gated action.,Throughput for held work; possibly its deadline.,"Effects proceed despite the alleged gate, or an ungated participant still accepts old requests.","Source supports only local attempt-budget refusal and explicit resume; generic semantic and provider gates are stipulated, not implemented guarantees.","../../crates/factory-task/src/deliver.rs:234-316,451-506; scenarios.csv"
boundaries,BD03,Effect unknown and retry withheld,information-starved wait,An attempt may have crossed the boundary; evidence is insufficient and further attempts are withheld.,"None inherent. Missing information plus refusal policy sustains the wait, not attraction.","Lost acknowledgment, ambiguous restoration, or missing participant history.",Correlated participant/recipient evidence resolves outcome; explicit risk acceptance may permit a new attempt without resolving the old one.,Honest uncertainty and remaining local attempt evidence.,Known outcome and automatic progress; old work can still act.,"Independent evidence proves rejection or acceptance, or a retry loop actually continues.",Source supports journal-before-writer and restore blocking for retained attempted tasks. It does not prove business-effect reconciliation or recover missing journal suffixes.,"../../crates/factory-task/src/deliver.rs:234-316,451-506; ../../crates/factory-recovery/src/restore.rs:162-309; scenarios.csv"
boundaries,BD04,Settled but semantically wrong result,erroneous completion,"Structurally valid data or a reported result has the wrong units, person, context, or interpretation.",None necessary. One wrong completion does not establish a reinforcing loop.,Semantic check absent or shares the same error; work is marked finished.,Independent domain comparison exposes error; correction is new work and may leave irreversible consequences.,"Bytes, signatures, task status, and sometimes technical service availability.",Correct business meaning; apparent success is not evidence of it.,Independent subject and quantity verification agrees with the intended operation.,"Source completion validates result presence/size and transition, not artifact truth. Unit, identity and real-world errors remain hypothetical.",../../crates/factory-task/src/complete.rs:101-216; scenarios.csv
boundaries,BD05,Self-confirming false record,attractor hypothesis,"Wrong canonical input feeds all verification, backup and future decisions; those decisions promote that input as trusted again.",Wrong record -> agreeing checks -> confidence and reuse -> replacement of alternatives -> stronger dependence on wrong record. Loop can persist after the original defect stops.,Common exporter/table/decoder plus no independent semantic anchor and repeated reuse.,A genuinely independent anchor contradicts the record and is allowed to change decisions; corrected bytes alone do not restore lost history.,Internally consistent operations and repeatable but wrong outputs.,"Independent grounding and, if alternatives overwritten, recoverable original truth.","Checks use a different origin and surface the discrepancy, or no decisions feed records back into future trust.",Qualitative conditional hypothesis from assigned scenarios; not observed in Factory.,scenarios.csv
boundaries,BD06,Confidentiality already lost,absorbing loss,An unauthorized party has actually learned confidential content or identifying metadata.,No feedback needed. Knowledge cannot be made never learned; further distribution is contingent.,"Export, labels, routing responses, or geographic transfer disclose protected information to an unauthorized observer.",No exit from historical disclosure. Containment can stop future access but cannot guarantee forgetting.,Local operations may remain intact; evidence of disclosure may survive.,"Prior exclusivity of disclosed knowledge, not automatically all future privacy.",No unauthorized party could access or infer the information; protected ciphertext without a key is not disclosure.,Qualitative conditional hypothesis from assigned scenarios; not observed in Factory.,scenarios.csv
boundaries,BD07,Active probing and response cycle,externally driven cycle,An observer repeatedly induces alerts and can correlate their responses with recipients or timing.,"Each response improves the next probe, but continued probes require an active external actor.",Observable timing/routing variation and alert-triggering access.,Probing stops or responses cease to distinguish recipients; learned information remains BD06.,Business services and perhaps alert delivery.,Secrecy of response patterns and attention capacity.,Observed responses have no correlation with real recipient availability or identities.,Qualitative conditional hypothesis from assigned scenarios; not observed in Factory.,scenarios.csv
boundaries,BD08,Competing writers and repairs,attractor hypothesis,Two writers retain effective mutation authority and each treats the other writer changes as drift requiring repair.,Writer A changes state -> B repairs toward B view -> A repairs toward A view. No new split-brain event is needed once both loops exist.,Clone or repair kernel receives independent authority without effective shared exclusion.,"One authority becomes ineffective at every affected participant, followed by reconciliation of already accepted effects.",Both local histories and plausible liveness may persist.,Single authoritative history and predictable action count.,"One writer is actually rejected at the participant, or neither writer reacts to the other; then only a finite conflict occurred.",Qualitative conditional hypothesis from assigned scenarios; not observed in Factory.,scenarios.csv
boundaries,BD09,Delayed work has outlived its authority,transient exposure,"Queued or recovering work remains deliverable after authority, prohibition, identity context or safety conditions change.","None required. Delay creates a hazardous interval; it ends only with expiry enforcement, rejection, acceptance, or cancellation evidence.",Validation happened earlier than the last boundary that can cause the effect.,Participant refuses stale work -> BD02/BD25; acceptance may yield BD10; no outcome evidence -> BD03.,"Historical authorization and operation identity, if retained.",Assurance that past approval still covers present execution.,"All effect-capable participants enforce current validity at acceptance, not merely at enqueue.",Qualitative conditional hypothesis from assigned scenarios; not observed in Factory.,scenarios.csv
boundaries,BD10,Past external effect cannot be rolled back,absorbing loss,"An effect actually occurred and its relevant dimension is irreversible, such as disclosure, injury, or an unretractable communication.",None. Absorption is relative to the past event; repairable financial balance is not automatically irreversible harm.,"A wrong, duplicated, expired or prohibited action is accepted and has an irreversible consequence.",No restoration of the prior world on that dimension; compensation may improve later conditions.,"Whatever records, authority and unaffected resources remain.",Ability to make the past effect not have happened.,"No effect occurred, or the claimed lost property is fully reversible and no irreversible dimension is shown.",Qualitative conditional hypothesis from assigned scenarios; not observed in Factory.,scenarios.csv
boundaries,BD11,Writer handoff ownership unknown,information-starved wait,A handoff loses its acknowledgment and neither available evidence nor authority determines who may write.,None inherent. Choosing abstention preserves the wait; guessing can enter BD08.,"Communication breaks between relinquishment, transfer and activation.","Durable ownership evidence from the relevant authority identifies one effective writer, or a legitimate new authority excludes both old contenders.",Local stores and handoff fragments.,Known ownership and safe immediate writes.,Atomic local-only migration or a durable ownership register resolves the alleged gap.,Qualitative conditional hypothesis from assigned scenarios; not observed in Factory.,scenarios.csv
boundaries,BD12,Recovery prerequisite deadlock,dependency deadlock,"Restoring capability A requires reading or changing B, but B is accessible only through broken A; no independent bootstrap path exists.","Circular dependency, not a demonstrated attractor: each prerequisite waits for the other.","Optional plugin becomes the exclusive reader of its own emergency configuration, or credential repair itself needs the unavailable credential.","An independent readable configuration, compatible bootstrap binary, or legitimate credential path exists; permanent loss may instead end service.",Raw bytes or unaffected scopes if separately accessible.,In-band repair capability.,An offline reader or safe local startup path can operate without the broken prerequisite.,Qualitative conditional hypothesis from assigned scenarios; not observed in Factory.,scenarios.csv
boundaries,BD13,Maintenance lock-in,attractor hypothesis,Knowledge/build dependencies are scarce and incidents consume the effort needed to reduce that scarcity.,Repair difficulty -> ad hoc patch or deferral -> less understood/reproducible system -> greater next repair difficulty. Persists after one maintainer departure if incident effort dominates learning.,"Hidden assumptions, vanished toolchain/account, and no effective knowledge transfer or reproducible substitute.","A successor demonstrates independent rebuild and operation, or service is retired; a funding injection alone does not prove exit.",Existing binary may keep working and source may remain readable.,Confident change capability and timely repairs.,A new maintainer can reproduce and repair using documented local inputs; one missing person alone creates no loop.,Qualitative conditional hypothesis from assigned scenarios; not observed in Factory.,scenarios.csv
boundaries,BD14,Exception-driven authority erosion,attractor hypothesis,Exceptions allowing effects become precedents and incidents are handled by adding more exceptions rather than resolving their meaning.,Ambiguous exception -> discretionary bypass -> precedent and extra branch -> greater ambiguity. Installed policy and incentives sustain the loop.,Accumulated special cases with no comprehensible authority ordering.,"Decision-makers can explain and consistently apply effective authority for counterexamples, or operations stop pending authority resolution.",Ability to perform work and a nominal approval vocabulary.,Predictable authorization meaning and trustworthy audit interpretation.,All sampled conflicting cases resolve under one understood rule without adding a bypass.,Qualitative conditional hypothesis from assigned scenarios; not observed in Factory.,scenarios.csv
boundaries,BD15,Common dependency outage,externally sustained outage,"Different nominal services share a cloud, billing, credential or mandatory startup dependency that is unavailable.",No internal feedback required; the unavailable common prerequisite sustains the outage. Retry feedback belongs to BD24 separately.,"Shared infrastructure fails, payment is suspended, or optional monitoring becomes a mandatory root dependency.",Prerequisite recovers or operations genuinely become independent of it; permanent supplier loss can enter BD22.,Offline records and local functions only if not startup-gated by that dependency.,"Correlated service, backup and alert availability, not automatically existing backup bytes.",A claimed independent component continues operating through a real failure of the shared prerequisite.,Qualitative conditional hypothesis from assigned scenarios; not observed in Factory.,scenarios.csv
boundaries,BD16,Test evidence cannot see the defect,unresolved dynamics,"Fixtures, clocks or mocks exclude delayed acceptance, real fencing behavior or shared timing failure.","No production loop inferred. Passing tests can reinforce confidence, but operational behavior is unspecified.",Test oracle shares the assumption being tested or time never advances independently.,A discriminating trace from a separately controlled boundary reveals whether the omitted behavior matters.,Evidence for the cases actually represented by tests.,Justification for extrapolating test success to omitted failures.,The suite independently represents and rejects the omitted interleaving or provider behavior.,Source adapter tests use FakeHerdr and recorded payloads; this does not establish that every repository test has these blind spots. Scenario-specific omissions are stipulated.,../../crates/factory-adapter/src/lib.rs:434-805; scenarios.csv
boundaries,BD17,Signal present but not actionable by the human,information-starved wait,"An alert exists but the intended human cannot perceive, receive or uniquely interpret it, and no other effective responder acts.","No intrinsic loop; access, language, display or channel conditions maintain the gap.","Color-only warning, truncated identity, misleading translation, or powered-off phone.",An accessible unambiguous observation reaches a legitimate responder; action still needs correct authority and repair capacity.,Possibly working monitor and local diagnostic evidence.,Timely human understanding; detection is not intervention.,The actual operator identifies the right state and instance without relying on the ambiguous channel.,Qualitative conditional hypothesis from assigned scenarios; not observed in Factory.,scenarios.csv
boundaries,BD18,Alert workload sustains non-response,attractor hypothesis,"Outstanding alerts/escalations consume more attention than responders can clear, and unresolved incidents produce further reminders or faults.",Backlog -> less repair time -> unresolved faults/reminders -> more backlog. Can persist after flapping stops only if this endogenous production exceeds clearance.,Large alarm burst or costly false positives with inadequate effective attention capacity.,Net endogenous alert production falls below clearance and actual faults are repaired; muting alone may instead enter BD21 or BD19.,Raw alerts and some service functions.,Signal salience and timely diagnosis.,"After the initial burst ends, backlog drains without recurring production; then it was a finite transient, not this attractor.",Qualitative conditional hypothesis from assigned scenarios; not observed in Factory.,scenarios.csv
boundaries,BD19,Acknowledged but deliberately deferred,policy hold,"Acknowledgment closes the paging obligation but does not allocate timely repair, and the queue permits indefinite deferral.",No autonomous feedback required; scheduling policy retains the backlog. Repeated deferral may participate in BD18.,A human acknowledges and queues repair far beyond acceptable time.,"Repair is actually executed and its outcome checked, or the work is explicitly abandoned.",Ownership/acknowledgment evidence and potentially diagnostic records.,Timely restoration; acknowledgment is not recovery.,Acknowledgment triggers verified repair within the relevant deadline rather than merely a queue entry.,Qualitative conditional hypothesis from assigned scenarios; not observed in Factory.,scenarios.csv
boundaries,BD20,Legitimate authority conflict,policy hold,Two valid representatives issue incompatible decisions and an effective gate refuses to guess a precedence.,No restoring force; unresolved authority semantics sustain the hold.,Concurrent approval/revocation or incompatible mandates with no established ordering.,"A competent authority resolves scope and precedence, or the operation is abandoned.",Conflicting instructions and ability to abstain at controlled boundaries.,A uniquely legitimate action; immediate throughput.,"A pre-existing valid rule uniquely orders the decisions for this operation, or participants already acted on both.",Qualitative conditional hypothesis from assigned scenarios; not observed in Factory.,scenarios.csv
boundaries,BD21,Oversight captured or inaccessible,externally sustained control regime,"The only alert/account authority is unavailable, departed, or conflicted and no independent authorized observer can change it.","Control holder can suppress evidence of its own conduct, preserving control; persistence still depends on account governance or the installed mute policy.","Sole monitoring account retained after departure, alarms silenced by interested team, or legitimate successor locked out.",Independent lawful account recovery or governance changes restore effective oversight; missing history may remain lost.,Business actions may continue and the account may still function for its controller.,Independent visibility and legitimate intervention path.,An independent authorized party can inspect and act despite the alleged exclusive account control.,Qualitative conditional hypothesis from assigned scenarios; not observed in Factory.,scenarios.csv
boundaries,BD22,Provider-bound service ended,service loss relative to a boundary,Required provider permanently stops and no presently usable compatible substitute exists.,None required. Supplier cessation is external; irrecoverability of all business function is not established.,Shutdown deadline passes before usable migration or export.,Alternative provider or local implementation becomes viable; otherwise retire the dependent function. Lost provider-only data may be unrecoverable.,Locally interpretable records and independent services.,That provider capability; possibly provider-only data and continuity.,A compatible alternative with legitimate credentials actually executes the required operation in time.,Qualitative conditional hypothesis from assigned scenarios; not observed in Factory.,scenarios.csv
boundaries,BD23,Delayed liabilities still arriving,transient with uncertain horizon,Usage/effects are already committed but their cost or acceptance reports arrive later than local budgeting or shutdown decisions.,No intrinsic loop. Repeated spending against understated cost can create recurrence only with a continuing policy and demand.,"Delayed billing, delayed acceptance, or obligations outliving local operation.",All bounded pending liabilities settle with evidence; unknown/unbounded queues prevent demonstrated closure.,Known accounting entries and possibly local spending stop.,Reliable current budget headroom and a proven final liability amount.,"A hard provider-enforced ceiling bounds total committed cost, including unreported usage, and no hidden obligations remain.",Qualitative conditional hypothesis from assigned scenarios; not observed in Factory.,scenarios.csv
boundaries,BD24,Speculation or retry overload,attractor hypothesis,"Response delay causes more copies/retries, which increase load and delay; control does not damp the loop.",Latency -> extra requests -> congestion/cost -> more latency. Warm and overloaded basins may coexist under the same base demand.,Aggressive tail target or cold restore cache with outstanding operations; retry amplification exceeds spare capacity.,Effective admitted work falls below capacity long enough to drain and warm; old accepted copies still require outcome accounting.,Some successful requests and local journals if not exhausted.,"Predictable latency, cost and perhaps unique external effects if deduplication is absent.",Duplicate work is coalesced or capped so the burst drains under unchanged base demand; no self-sustaining overload occurs.,Qualitative conditional hypothesis from assigned scenarios; not observed in Factory.,scenarios.csv
boundaries,BD25,Legally or safely withheld operation,policy hold,A competent applicable prohibition or safety boundary is known and the last effective boundary actually refuses the action.,No feedback needed. Policy enforcement holds the operation; this is not proof the physical world is safe.,"Prohibition, unsafe context, or expired mandate is detected before acceptance.","Legitimate resolution and fresh safety assessment permit new work, or the action is abandoned. Contradictory legal duties may remain unresolved.",Evidence of refusal and prevention at the boundaries that enforce it.,Requested action throughput; already buffered actions may escape this hold.,A participant accepts under the old authorization despite the stated prohibition or safety boundary.,Qualitative conditional hypothesis from assigned scenarios; not observed in Factory.,scenarios.csv
boundaries,BD26,Schedule meaning or expiry drift,policy-retained timing error,"A stored clock/calendar interpretation no longer matches intended elapsed time or civil-time meaning, and policy keeps using it.",No autonomous attraction. A backwards clock may retain a mute; changed time rules may repeatedly mis-time scheduled work.,"Suspend semantics, wall-clock jump, time-zone reform, or deferral beyond validity.",Intent is re-established with current trustworthy timing evidence; ambiguity may instead require BD02.,Stored times and perhaps local monotone order within valid clock epochs.,Correct relation to elapsed time or intended local appointment; not necessarily every schedule.,The stored semantics explicitly distinguish fixed instant from civil recurrence and detect epoch discontinuities correctly.,Qualitative conditional hypothesis from assigned scenarios; not observed in Factory.,scenarios.csv
boundaries,BD27,Contradictory evidence retained,information-starved wait,"Different observations disagree about identity, liveness, historical order or effect and no trusted discriminator is available.",No inherent loop. A policy not to collapse disagreement preserves an unresolved assessment.,"Conflicting journals, runtime/file/agent claims, or recipient/provider testimony.","Independent provenance, causal ordering or direct effect evidence resolves the relevant question; signatures alone may not.",Multiple claims and their provenance if preserved.,A uniquely justified history or outcome.,"Disagreement is explained by different time intervals/subjects, or independent causal evidence selects a consistent interpretation.",Source distinguishes confidence and leaves idle/done task signals unchanged; it does not arbitrate arbitrary competing business evidence.,"../../crates/factory-adapter/src/lib.rs:30-106,316-399; ../../crates/factory-recovery/src/evidence.rs:80-82; scenarios.csv"
boundaries,BD28,Rewarded metric substitution,attractor hypothesis,"Agents or teams are rewarded for a proxy and can exclude difficult cases, relabel incidents or report unverified artifacts without external outcome checks.",Proxy improvement -> reward/trust -> greater selection/reporting latitude -> more proxy improvement while real quality worsens. Can persist after one misleading report.,"Measured denominator, classification, or artifact status is controlled by the evaluated actor.","Independent outcome and rejected-work accounting changes the payoff, or the actor loses control over the proxy.","Attractive metrics, finished-looking artifacts and perhaps easy-case throughput.","Reliable meaning of success, availability and throughput.","Rejected work and relabelled downtime remain counted, or rewards fall when independently checked quality falls.",Qualitative conditional hypothesis from assigned scenarios; not observed in Factory.,scenarios.csv
boundaries,BD29,Planned shutdown mistaken for recurring failure,externally driven cycle,An energy schedule turns the host off and monitoring treats each planned absence as an unexpected total failure.,External daily schedule drives recurrence; no autonomous failure oscillation established.,Off-hours power policy and alert expectations disagree.,Power schedule or monitoring interpretation changes; essential obligations must still be assessed independently.,Daytime operation and possibly persisted tasks.,Nighttime service and alert credibility; hazards depend on required nighttime work.,"Outages continue with the schedule disabled, or off-hours monitoring already distinguishes expected absence.",Qualitative conditional hypothesis from assigned scenarios; not observed in Factory.,scenarios.csv
boundaries,BD30,Archive bytes without a trustworthy interpreter,information-starved wait,An artifact survives but available CPU/format/software cannot reliably recover its intended semantics.,No intrinsic loop. Missing interpreter or specification sustains inability to use the archive.,Native representation restored across architectures or obsolete format dependencies disappear.,A validated interpreter or independent semantic reconstruction becomes available; total loss is not assumed merely from obsolescence.,Raw bytes and any external specification or human-readable context.,Current trustworthy execution or interpretation.,"A portable encoding and independent decoder reproduce the intended semantics, not just a plausible value.",Qualitative conditional hypothesis from assigned scenarios; not observed in Factory.,scenarios.csv
boundaries,BD31,Distinct names collapsed with information lost,absorbing loss conditional on overwrite,Restore maps formerly distinct paths to one identity and overwrites unique content; no surviving separate copy contains it.,None. Aliasing alone is a detectable conflict; absorption requires actual unrecoverable overwrite.,Case-sensitive source meets case-insensitive destination and colliding writes are accepted.,No exact reconstruction without another copy or semantic source; before overwrite the conflict can instead be held.,One surviving namespace entry and unaffected workspaces.,Unique overwritten content and distinction between its owners.,Restore rejects collisions or preserves both contents under distinct identities.,"Source provides runtime device/inode alias checks and explicitly denies durable/security identity. Cross-filesystem restore overwrite is hypothetical, not observed.","../../crates/factory-paths/src/lib.rs:1-25,80-135; scenarios.csv"
boundaries,BD32,Local shutdown with outstanding external obligations,information-starved wait,Factory or its monitoring contract has ended while a participant may still accept queued work or report liabilities.,No feedback needed. External retained work outlives local supervision; new forcing is not required for a delayed effect.,"Decommission or contract expiry precedes verifiable queue drain, rejection, or last export.","Every relevant participant supplies reliable closure evidence, or later effects settle; silence alone is not closure.",Any retained records and reachable legitimate recipient; participant queue may survive the host.,Ability to assert that shutdown ended effects or observations.,Participants provably discard pending work and reject the retired authority before supervision ends.,Qualitative conditional hypothesis from assigned scenarios; not observed in Factory.,scenarios.csv
boundaries,BD33,All recovery information and legitimate actors gone,absorbing loss,"The scenario literally removes computer, monitor, communications, every backup and every legitimate recipient, with no surviving alternate source or authority.",None. There is no remaining system to form an attractor.,Simultaneous complete loss of the stated recovery boundary.,No endogenous recovery. Discovery of surviving information/authority changes the premise; a new system is not recovery of lost facts.,Nothing inside the stated boundary; the outside world is not thereby assumed destroyed.,Recoverable state and legitimate continuation inside this boundary.,"A surviving authorized person, independent copy, or external record can reconstruct relevant facts.",Qualitative conditional hypothesis from assigned scenarios; not observed in Factory.,scenarios.csv
boundaries,BD34,Perfectly consistent observations cannot ground truth,epistemic indistinguishability,"Every accessible trusted observation has identical output in a true world and a false world, and no independent channel is permitted.","No dynamics inferred. Indistinguishability is an information limit, not an attractor or proof of system stability.","All trusted sources share a consistent false foundation, or a hostile substrate supplies perfect internal reports.",Access an independent discriminating fact; under the literal closed premise there is no observational exit.,Internal consistency and ability to compute on supplied observations.,Justified determination of which real world holds.,Any accessible observation differs between the alleged worlds; ordinary independent physical checks break the premise.,Qualitative conditional hypothesis from assigned scenarios; not observed in Factory.,scenarios.csv
boundaries,BD35,Trusted malicious substrate maintains its own credibility,attractor hypothesis,"Installed signed code controls health, history and verification and can retain its authority because those same reports justify continued trust.",Forged success -> no intervention or renewed trust -> continued malicious execution -> more forged success. Can persist after the update distributor disconnects.,A signed malicious update crosses a trust boundary with enough authority to falsify local evidence and remove competing history.,An independently trusted observer or execution boundary exposes and excludes the code; erased unique history may remain unrecoverable.,Apparent operation and whatever data lie outside malicious control.,Integrity of internal evidence and possibly confidentiality/history; extent is not knowable from forged reports alone.,"Independent attestation or out-of-band evidence detects divergence, or the installed code cannot control every claimed check.",Qualitative conditional hypothesis from assigned scenarios; not observed in Factory.,scenarios.csv
boundaries,BD36,Business continues outside monitor visibility,externally sustained partial partition,Factory can reach business participants but monitor-to-Factory observation is broken; no effective participant fence stops work.,No internal feedback required; network topology sustains asymmetric knowledge. Automated failover may add BD08.,One-way or selective network partition separates liveness observer from active business paths.,Observation path heals or an effective participant authority change stops old work; starting another clone alone is not resolution.,Original business execution and local records.,Monitor knowledge of execution and confidence that failover is exclusive.,"Actual business paths are also blocked, or participants reject all old work when monitoring loses contact.",Qualitative conditional hypothesis from assigned scenarios; not observed in Factory.,scenarios.csv
boundaries,BD37,Necessary prerequisite unavailable,externally sustained wait,"Repair or startup needs a toolchain, account or credential that is currently unavailable; no circular dependency or permanent impossibility is established.",None inherent. Unavailability maintains the wait; repeated costly workarounds can separately create BD13.,A repair or emergency startup encounters a missing prerequisite that ordinary running work may not need.,A legitimate compatible substitute or restored prerequisite becomes available; permanent cessation without substitute can instead yield BD22.,"Existing binaries, readable records and functions not needing the missing prerequisite.",Immediate ability to repair or start affected functions.,The operation completes using an independently available compatible prerequisite.,Qualitative conditional hypothesis from assigned scenarios; not observed in Factory.,scenarios.csv
