reviewer,trajectory_id,stressors,initial_state,sequence,destination_states,conditions,evidence,falsifier
operations,OPT001,S001,Queued or assigned task with no attempt yet versus task between intent commit and writer result,Power fails -> before successful attempt commit no writer call on this path -> OP002 then OP001 if readable state returns. After attempt commit -> receipt uncertain -> recovery/authorization hold OP014. Lost storage instead can reach OP006,OP002 OP001 OP014 OP006,SQLite and hardware must honor committed durability. Cut position and surviving copies determine branch. Hold does not imply prompt was delivered,SOURCE C1 deliver orders two commits around writer and C8 requests FULL WAL. QUALITATIVE power-loss durability and inventory,A writer call precedes a failed attempt commit or a no-new-authorization retry writes again. Independent receipt evidence disproves continued uncertainty
operations,OPT002,S002,Only active machine has live workers and a readable disk before emergency shutdown,Unsafe battery forces shutdown -> OP002. If storage is readable on safe replacement then inspect old attempts -> OP014 for possible delivery or OP001 for unattempted work. If all required unique data is destroyed -> OP006,OP002 OP014 OP001 OP006,Safe shutdown is stipulated not performed. No assumption that a battery fault destroys disk or that backup is accessible,QUALITATIVE physical branches with SOURCE C1/C2 for later record handling,A usable independent execution machine already handles all affected work or readable disk plus evidence eliminates ambiguous attempts
operations,OPT003,S003,Tasks arrive below nominal capacity and deadlines were calibrated without thermal throttling,Thermal slowdown -> if finite work and no timeout recreation then delayed OP001. Sustained arrivals above reduced service -> OP003. If timeout causes duplicate/restarted work whose load worsens timeout -> possible OP004 even after initial heat ends,OP001 OP003 OP004,Feedback branch requires latency-sensitive retries and effective reproduction exceeding useful completion. Wrong estimates alone do not prove overload,QUALITATIVE capacity and feedback assumptions only,After heat and external arrivals stop backlog always drains with unchanged retry policy or no retry generation responds to latency
operations,OPT004,S004,Worker computes a result whose semantic correctness is not independently verified,Silent RAM corruption -> valid-shaped wrong result can be committed -> OP005. Independent recomputation catches mismatch -> OP026 rejection then OP001 after a verified rerun. Corruption in a transient unused buffer has no persistent effect,OP005 OP026 OP001,Affected bits must influence accepted content. SQLite integrity is not semantic validation of an agent result,SOURCE C5 checks result shape and byte sizes not domain truth. QUALITATIVE hardware corruption,Independent retained expected output matches the accepted result or validation rejects the corrupt result before consumers use it
operations,OPT005,S005,Sole Mac is unlocked and contains local state and active authority,Theft -> legitimate local execution/control unavailable OP002 and attacker-access branch OP007. If independent backups and revocable authority exist recovery may resume OP001 after trust is restored. Unique lost local-only information may be OP006,OP002 OP007 OP001 OP006,Unlock does not quantify which credentials or external effects attacker can exercise. Backup and revocation paths are unknown,QUALITATIVE threat and availability analysis. No real secrets or host access inspected,Device services require independent inaccessible credentials and owner retains all required readable copies and functioning alternative execution
operations,OPT006,S006,Device and adjacent backup are the only copies of some required information,Fire destroys both -> OP006 for that information. If a readable geographically independent copy exists -> OP002 then OP011 for any unrecorded later tail and OP001 for unaffected recoverable work,OP006 OP002 OP011 OP001,Only-copy inventory is the basin for absorbing loss. Proximity creates correlated destruction not two independent recoveries,QUALITATIVE inventory reasoning and SOURCE C2 limitations for restored prefix,A verified independent copy includes the supposedly unique content and all later effects needed for recovery
operations,OPT007,S007,Scope canonicalization reads a directory on a removable SSD before reservation or later access,SSD disconnect -> resolution or commit fails -> OP008/OP026 without new reservation if failure is before admission. If validation had succeeded and a path is later rebound -> possible OP025. Stable reconnection permits OP001 after identity is checked,OP008 OP026 OP025 OP001,Exact disconnect point and whether storage hosts the database or only workspace matter. A path lookup error is not evidence of data destruction,SOURCE C10 begin_start reads FileId before transaction and later scans aliases. QUALITATIVE removable-device race outside inspected interval,The allegedly admitted reservation is absent after a failed validation or post-reconnect identity proves the same directory without substitution
operations,OPT008,S008,Approval interaction is in progress with decision not yet durable or effect possibly already accepted,macOS restart -> OP002. Uncommitted approval does not authorize work -> OP017. Durable prompt attempt with unknown receipt -> OP014. External acceptance before restart -> OP022 until evidence or OP028 if irreversible acceptance is known,OP002 OP017 OP014 OP022 OP028,Approval persistence and participant acceptance are separate cut points. Restart does not itself renew or revoke approvals,SOURCE C1 prompt cut point. DESIGN D1 section 8 external intent and irreversible effect. QUALITATIVE approval interaction,Durable matched evidence fixes both approval and participant outcome across the restart so no stated uncertainty remains
operations,OPT009,S009,Readable local state depends on a runtime built for the old platform,Replacement architecture cannot execute required runtime -> OP002. Portable data plus available compatible build/adapters -> OP001 after inspection. Data may remain intact even if no feasible runtime port is known,OP002 OP001,Instruction-set incompatibility alone does not establish data-format incompatibility. Exact replacement OS and adapter support are missing,QUALITATIVE platform-availability branches. No build or emulator experiment,Required binary and all runtime dependencies execute unchanged on the replacement with verified state readability
operations,OPT010,S010,Single residence supplies local execution and operator network for a week-long interval,Power and internet absent -> OP002 and remote-control loss OP033. Independent powered replica with valid nonoverlapping authority could sustain OP001. On return finite queued work drains or service below arrivals yields OP003 and old effects may need OP022,OP002 OP033 OP001 OP003 OP022,No replica is assumed present or safe to start. Finite duration means outage is externally maintained not an autonomous attractor,QUALITATIVE shared physical failure and post-outage load reasoning,Already independent powered reachable service keeps every relevant path live and no delayed or unknown work accumulates
operations,OPT011,S011,Delivery is about to persist its prerequisite attempt on a full SSD,Intent transaction fails -> writer is not called -> OP008. Restoring writable capacity allows a later validated attempt -> OP001. Prior unrelated accepted effects remain a separate question,OP008 OP001,Scenario is explicitly before intent commit. Different result if disk fills after writer. Existing readable data is assumed intact,SOURCE C1 deliver uses commit error propagation before write_prompt. C8 durability settings do not create free space,Instrumented isolated writer is called despite failed prerequisite commit on the same path
operations,OPT012,S012,Historical canonical event is needed to rebuild state,Bitrot -> detectable decode/integrity failure leads to OP009 under promised replay stop. If corruption remains valid and undetected it can produce OP005 or wrong derived history. Exact sole content destruction implies OP006 only if no independent reconstruction exists,OP009 OP005 OP006,No implemented event reducer was established. Detection method and which content the old event controls are unknown,DESIGN D1 sections 6-7 replay and retained facts. QUALITATIVE valid-looking corruption counterbranch,Verified independent event copy reproduces original history or corruption is irrelevant to all affected reductions
operations,OPT013,S013,A schema migration is running inside its managed transaction versus unmanaged table edits,Interruption within managed migration -> transaction rollback on reliable SQLite recovery -> OP001 from old or fully committed new schema. Truly persistent half-schema after an unmanaged/nontransactional change -> OP009 until repaired from valid history,OP001 OP009,A process stopping halfway through statements is not proof that half the migration commits. Crash and driver durability assumptions remain explicit,SOURCE C9 apply uses rusqlite_migration to_latest and foreign-key checks for rebuilds. Not proof of future projection migration behavior,Isolated interruption through the actual managed path leaves a persistent half-applied schema despite successful database recovery
operations,OPT014,S014,Live SQLite database has committed changes still residing in WAL when a manual copy is taken,Copy omits WAL -> if needed records are absent readable snapshot may contain OP011 unseen tail. If copy is inconsistent -> OP009. If all changes were checkpointed before a consistent copy -> OP001. Reconcile cannot invent missing attempts,OP011 OP009 OP001,Missing WAL is harmful only if it contains needed state or copy is inconsistent. A proper snapshot is a distinct branch,SOURCE C7 backup_to uses VACUUM INTO rather than raw copy and C2 consults only restored rows. QUALITATIVE copy timing,Checkpoint/copy evidence proves every required committed row is present and integrity is valid
operations,OPT015,S015,One-week-old snapshot says queued with no attempt while later real execution may have occurred,Restore -> C2 leaves queued-without-attempt eligible and clears assignment -> OP011 epistemic gap. Blind redispatch can enter OP023. Independent later journal/participant evidence resolves to OP001 or OP028. Recorded attempted/running rows instead enter OP014,OP011 OP023 OP001 OP028 OP014,Snapshot-local absence is not globally never-delivered. Reconciliation correctness is limited to facts included in the snapshot,SOURCE C2 exact queued-without-attempt branch. QUALITATIVE later external duplication and DESIGN D2 reconciliation,Independent evidence proves no post-snapshot action occurred or the complete later journal is restored before scheduling
operations,OPT016,S016,Completed task points to an artifact file that still exists before manual deletion,File removed -> OP012 while task summary/identifier remain. Independent immutable copy restores usefulness -> OP001. If deleted file contained unique indispensable bytes -> OP006 for those bytes,OP012 OP001 OP006,Path and summary may be sufficient for some downstream work but not for exact artifact recovery,SOURCE C5/C6 store artifact paths as text and do not retain their bytes. DESIGN D1 requires stronger immutable references,A retained content-addressed original is readable despite deleting the named convenience path
operations,OPT017,S017,All backups are intact ciphertext but the currently known backup key is lost,No usable key -> OP013. Independent escrow/account/key recovery returns access -> OP001 subject to snapshot age. If all decryption information is irretrievably absent -> OP006 relative to that information boundary,OP013 OP001 OP006,Losing one key copy is not proof of losing all recovery material. Encryption is assumed effective and no feasible exhaustive recovery exists,QUALITATIVE cryptographic access dependency without inspecting real keys,A verified independent decryption path works or an unencrypted independent copy contains the required data
operations,OPT018,S018,Reducer replays identical retained events while consulting a registry that changed since the events,Current registry influences reduction -> OP010 divergent historical interpretation. If consulted value is irrelevant to output the replay can remain OP001. Missing original authorization facts may leave OP009 instead of a recoverable pure replay,OP010 OP001 OP009,Dependence must be causal not merely an unused read. Scenario violates a design promise rather than identifying inspected reducer code,DESIGN D1 sections 6-7 forbids mutable reducer inputs. QUALITATIVE two-registry counterfactual,Two materially different current registries produce identical correct output for every claimed dependent event and historical authorization is retained
operations,OPT019,S019,Installed reader encounters a newer event payload type than it understands,Strict versioned decoding -> OP009 with retained raw bytes. Compatible reader/upcaster permits OP001. Silently ignoring or misreading the new type can yield OP005 but is not promised behavior,OP009 OP001 OP005,Schema user_version and event payload_version are different boundaries. Migration helper alone does not establish event forward compatibility,DESIGN D1 versioned event payloads upcasters and exact replay failure. SOURCE C9 covers relational migrations only,Installed decoder already understands and correctly reduces that payload version without dropping semantic information
operations,OPT020,S020,Retention policy is about to remove the last copy of content still needed by a task or reducer,Deletion -> OP012 when record remains but bytes disappear. If no independent source can reconstruct exact needed content -> OP006. If reference was no longer required or an independent copy survives -> OP001,OP012 OP006 OP001,Need and only-copy claims are necessary. Existing Rust backup helper itself does not implement retention deletion,SOURCE C7 refuses existing destination and performs no retention. DESIGN D1 section 7 requires referenced replay content,An independent readable copy exists or no surviving task/reduction actually depends on the removed content
operations,OPT021,S021,Cron schedule crosses a repeated local minute at daylight-saving fallback,Two physical instants share wall-clock label -> may create one or two logical occurrences depending on fold identity -> retries may deduplicate or create extra runs. Long-term regime not assigned because occurrence identity is unspecified,none,Need exact timezone fold representation durable trigger key and catch-up/retry policy. A single duplicated run is not an attractor,DESIGN D3 promises one run per execution window but does not define fold identity in inspected excerpt. UNRESOLVED,A documented and implemented occurrence-key rule plus deterministic fold test fixes the count and subsequent queue behavior
operations,OPT022,S022,Cron expression names a local time skipped at daylight-saving spring-forward,No such local instant exists -> scheduler may skip defer or catch up -> business work may be absent delayed or equivalent. No persistent state selected without occurrence and misfire semantics,none,Need whether contractual intent follows local wall time elapsed time or next valid instant plus missing-run handling,DESIGN D3 minute dispatcher/window promise leaves this case unresolved in inspected material,A specified gap policy and isolated clock trace establish exact occurrence disposition and delayed-work behavior
operations,OPT023,S023,Pending deadlines schedules and records use an unspecified combination of wall and monotonic clocks,NTP steps wall clock backward twelve hours -> possible delayed expiry repeated scheduling or only misleading timestamps. No unique regime follows until each clock domain and durable occurrence identity is known,none,Need which checks use wall time whether backwards movement is detected and what restart persists. A changed timestamp alone need not change causal order,DESIGN D1 defines cursor ordering but not complete timer implementation. D3 leaves clock-step behavior unspecified here,Clock-domain mapping and deterministic twelve-hour-backstep trace show exactly which transitions occur
operations,OPT024,S024,Laptop wakes after six weeks with a finite accumulated due-work set and current arrivals,Wake -> finite admitted work drains to OP001 if service exceeds arrivals. Unbounded catch-up creates OP003 under ongoing excess demand. If timeouts recreate work so backlog itself generates more load -> possible OP004,OP001 OP003 OP004,Exact catch-up policy is not established. Backlog size alone is insufficient for sustained positive feedback and old tasks may no longer be valid,QUALITATIVE rate/feedback branches. DESIGN D3 retains queued work but does not provide measured capacity,After external arrivals cease all accepted overdue work drains without timeout-driven regeneration under the alleged trap conditions
operations,OPT025,S025,Schedule stores timezone intent before the zone database rules change,Rule update -> future instants may follow pinned rules or current civil law -> one policy may preserve intent while the other shifts it. Long-term regime and even error meaning remain unresolved,none,Need retained tzdb version rule-update policy intended business timezone semantics and recomputation of already materialized occurrences,DESIGN D3 local-time cron wording alone does not settle timezone-rule evolution,Documented timezone/version policy and two-version replay produce a single auditable occurrence set matching declared intent
operations,OPT026,S026,Two participants report accepted effects with mutually inconsistent timestamps,Compare wall times -> apparent order conflict. Causal operation IDs/versions may resolve order or effects may be concurrent. Without causal relations and business invariants no damage or stable regime is inferable,none,Need participant clock trust causal dependencies and whether order actually affects a task precondition. Timestamps are not inherently causality,DESIGN D1 cursor/causation identities order local facts not remote clocks. UNRESOLVED participant ordering,Receipts with verifiable causal predecessor/version relationships settle the order independently of wall-clock claims
operations,OPT027,S027,Approval is valid at dispatch planning but plugin startup outlasts its validity,Startup finishes -> boundary rechecks validity before acceptance -> OP017. If approval was checked only before startup and action is accepted after expiry -> OP027. If participant accepted before expiry and acknowledgment is late -> OP028 for known irreversible effect or OP022 while unknown,OP017 OP027 OP028 OP022,Must know which moment approval constrains and participant acceptance time. Plugin ready is not proof of still-valid approval,DESIGN D2 startup deadline and D1 saga preconditions. QUALITATIVE approval-time race not demonstrated in code,Matched acceptance evidence falls within the approval's actual validity condition or a current check blocks every expired request
operations,OPT028,S028,Task holds a price valid when captured but expired before processing,Task uses price without fresh semantic check -> OP005 output. External order at changed terms may become OP027. Price revalidation before action can lead to OP017 for a fresh decision then OP001,OP005 OP027 OP017 OP001,Expiration matters only if price validity is part of promised result/approval. Historical-price reports may remain correct,QUALITATIVE business semantics. SOURCE C5 cannot validate price meaning and DESIGN D1 includes external preconditions,Result explicitly reports historical price as intended or participant guarantees the accepted price despite nominal expiration
operations,OPT029,S029,A deadline uses a monotonic clock while the machine goes to sleep,Sleep -> elapsed clock may include or exclude suspended duration depending on primitive/platform -> deadline may fire immediately on wake or after active-time remainder. No long-term state assigned,none,Need actual clock primitive suspend semantics restart persistence and meaning of the deadline. Monotonic does not by itself specify sleep accounting,UNRESOLVED no timer implementation inspected that fixes this behavior,Isolated fake-clock or documented platform trace establishes suspend accounting and the exact post-wake transition
operations,OPT030,S030,Cron plugin re-emits a trigger each time it restarts,Stable durable occurrence key -> duplicate emission refused OP026 and original work OP001. New key on every restart -> repeated accepted tasks can cause OP023 or OP003. Repeated emission requires repeated restarts and is not itself autonomous attraction,OP026 OP001 OP023 OP003,Whether excess tasks become duplicate external effects depends on their effect/approval identity. Restart budget can bound total emissions,DESIGN D3 per-window idempotence and D1 command identity. QUALITATIVE plugin implementation alternatives,All restart emissions resolve to one durable occurrence and one business effect regardless of restart count
operations,OPT031,S031,Harness still has write access while Herdr observation/control is unavailable,Observer loss -> preserve reservation and uncertainty OP015 while actual file work may continue OP001. If operator treats lost observation as process death and reuses workspace -> OP016. Unavailability alone does not mean no work survives,OP015 OP001 OP016,Requires distinct observer and harness failure domains. Source does not automatically prove a process tree dead from Herdr absence,SOURCE C11 reports unavailable and C2 keeps disconnected leases. QUALITATIVE continued writer branch,Authoritative process evidence proves the old writer cannot access workspace before any replacement gets access
operations,OPT032,S032,Recorded pane is reused by another session after restart,Both harness UUIDs present and different -> C4 rejects identity promotion and uncertainty can remain OP015. Missing UUID on either side plus authoritative observation -> identity fallback may produce OP025. Subsequent reuse with old writer alive can reach OP016,OP015 OP025 OP016,Known mismatch refusal and missing-identity fallback are separate basins. Pane identity alone is insufficient,SOURCE C4 identifies_same_session compares two Some UUIDs and otherwise returns true. QUALITATIVE downstream wrong attribution,Missing-identity case is rejected by another proven required caller check or recorded/observed UUIDs establish the same session
operations,OPT033,S033,Reconnect expects UUID derived from transcript filename but filename no longer matches parser shape,Parser returns None -> no positive UUID mismatch -> C4 may trust authoritative confidence and enter OP025 if pane was reused. Same genuine session remains ordinary OP001. If evidence is unavailable then OP015,OP025 OP001 OP015,Malformed filename alone does not establish wrong session. Its effect is removing a discriminating identity check,SOURCE C11 parse_harness_session_id and C4 fallback. QUALITATIVE reused-pane conjunction,A separate mandatory transcript identity check rejects reused pane even when UUID parsing returns None
operations,OPT034,S034,Hook is absent but screen-derived status says idle,PiAdapter assigns degraded confidence and NoChange rather than moving task -> existing work continues OP001 or explicit caller uncertainty can retain OP015. A separate UI treating parser idle as authoritative could show OP024 but is not this adapter behavior,OP001 OP015 OP024,No automatic completion or reassignment follows from idle in inspected code. Caller handling of unavailable identity remains conditional,SOURCE C11 observe derives authority from explain hook marker and suppresses nonauthoritative task signals. QUALITATIVE UI/caller branch,Hook-absent idle moves a task or frees its occupied assignment through the actual inspected adapter-to-caller path
operations,OPT035,S035,Harness reports done at an intermediate turn while task lacks a validated final result,Adapter maps done to NoChange -> task can continue OP001 and no completion is inferred. If a separate result consumer accepts intermediate text as final it could create OP005 but that is an additional bypass,OP001 OP005,Turn completion is not task completion. Source-supported branch concerns signal mapping only and does not guarantee every caller's semantic result validation,SOURCE C11 done -> TaskSignal::NoChange. SOURCE C5 completion needs summary/paths but not task-specific truth,A done observation alone invokes task completion on the claimed adapter path without a separate result action
operations,OPT036,S036,Old authoritative observation arrives after a new session has started,Different recorded/observed UUID can be rejected by C4. Same or missing identity may pass confidence checks but whether stale observation mutates new-session state depends on caller correlation and ordering. No long-term state assigned,none,Need observation generation monotonic sequence delivery queue behavior and caller session binding. Authority is not freshness,SOURCE C4 has identity comparison but no freshness comparison in sampled helper and C11 observation construction. UNRESOLVED end-to-end ordering,A caller-level generation/sequence invariant and deterministic stale-delivery test prove rejection or exhibit a specific wrong transition
operations,OPT037,S037,Two callers reserve two case spellings of the same stable directory in one store,begin_start serializes write transaction and compares FileId aliases -> first reservation remains and second reaches OP026. Admitted session proceeds OP001. Mutable filesystem replacement during checks is excluded from this source-supported case,OP026 OP001,Both paths must resolve to the same stable device/inode and callers must use the same database. Two independent clones are S065 not this guard's scope,SOURCE C10 begin_start and find_aliasing_conflict plus C8 store transaction boundary,Two successful simultaneous reservations for the same stable FileId in one store through begin_start falsify the serialized-alias claim
operations,OPT038,S038,Harness is stopped but a child process retains writable handles or its own execution,Parent exits -> if lease release is based only on parent then untracked child remains -> OP016 and future replacement can conflict. Process-tree-wide confirmed termination permits OP001 or OP034 if finished bytes lack a result commit,OP016 OP001 OP034,A living child that cannot write the workspace/effects does not enter the conflict basin. OS process cleanup semantics are not established by a session-row transition,QUALITATIVE process capability reasoning. SOURCE C10/C4 record session lifecycle but inspected recovery is not process-tree proof,All descendants are confirmed unable to write before release and isolated observation shows no late writes
operations,OPT039,S039,Temporary task worker is blocked awaiting permission rather than terminal,Days without permission -> OP017 and possibly OP031 if no competent approver. C3 counts blocked assignment as occupied so other requests may be OP026. Independent workers may continue OP001. Time alone does not prove a dead worker,OP017 OP031 OP026 OP001,Temporary lifetime does not mean permission timeout semantics. Worker cleanup must not be assumed to occur after a fixed number of days,SOURCE C3 is_idle rejects any nonterminal assigned task. QUALITATIVE approval availability,The same blocked assignment is treated idle by the actual assign path or a valid authorized resolution occurs without the missing approver
operations,OPT040,S040,Herdr restarts while old harness may survive but recovery is given a presumed-machine/restart classification,Positive same-session evidence -> reconnect OP001. Otherwise C4 common Herdr-or-machine path gives up old session and records replacement starting -> if old writer survives eventual launch can enter OP016. Conservative uncertainty path instead retains OP015,OP001 OP016 OP015,Source function intentionally merges Herdr and machine recovery. It records not launches a new harness. Actual duplicate writer needs a subsequent launch and surviving process,SOURCE C4 reconnect_after_herdr_or_machine_restart documented presumption and body. QUALITATIVE classifier and launch coupling,Old process is independently proven dead before every replacement launch or the positive-evidence branch always succeeds for surviving workers
operations,OPT041,S041,Plugin uses framed stdout and has an in-flight operation when debug text appears,Framing violation -> designed supervisor failure path and bounded retry -> OP018. If remote action may already have been accepted -> OP022 independently. A permissive parser might recover from text but that is not promised and needs isolated evidence,OP018 OP022,Quarantine depends on actual budget/violation policy. Protocol corruption does not prove external failure or memory corruption of daemon,DESIGN D2 sections 2 4 5 only. No plugin-host implementation or live fault tested,Parser/supervisor accepts nonprotocol text without failure under its documented contract or authoritative receipt resolves all in-flight effects
operations,OPT042,S042,Plugin announces a frame vastly above negotiated size,Host checks length before allocating/reading body -> violation path OP018 while independent local work OP021. If allocation precedes bound enforcement -> possible resource stall OP008/OP002 rather than promised containment,OP018 OP021 OP008 OP002,Negotiated maximum must apply to declared length before allocation including overflow handling. Physical OOM behavior depends on host/OS,DESIGN D2 section 2 maximum frame negotiation. QUALITATIVE allocation-order alternative not established in source,An isolated oversized-length test demonstrates bounded allocation and continued local progress or conversely allocates the declared size
operations,OPT043,S043,Health endpoint is responsive while every relevant business call blocks,Health retains ready status -> OP020. Bounded business deadlines plus unresolved acceptance -> OP022. If deadline retries generate load and service impairment worsens -> conditional OP004. Unrelated plugins may support OP021,OP020 OP022 OP004 OP021,Health success is not business progress. Need whether blocked calls ever reached participant and whether operation deadlines alter routability,DESIGN D2 health/deadlines and unknown-outcome semantics. QUALITATIVE business deadlock feedback,Representative business operations complete or their failures quarantine only the affected capability before sustained queue growth
operations,OPT044,S044,Same defective plugin crashes after each automatic launch,Each crash -> restart/backoff -> OP019 for the retry interval. Nonresetting finite budget -> OP018 after exhaustion. Budget reset on every host restart or explicit repeat retry can sustain OP019 but changes the policy input,OP019 OP018,Bounded exponential backoff changes timing not the defect. An infinite cycle requires absent/reset budget or repeated external resets,DESIGN D2 section 4 bounded restart budget. QUALITATIVE alternative reset policy,A persistent budget always stops launch after its finite count or the unchanged plugin reaches useful stable service
operations,OPT045,S045,Optional activation has a syntactically invalid manifest and local core need not use it,Validation fails before ready -> OP018/OP026 for activation. Independent local capability remains OP021 if safe-mode optional loading bypass works. Global startup parsing that aborts even safe mode would instead leave OP002,OP018 OP026 OP021 OP002,Optional independence and safe-mode parse ordering are design conditions not proven current binary behavior,DESIGN D2 sections 1 3 and 7. No factory executable or plugin-host implementation inspected,Malformed optional manifest prevents bundled-only local mode from starting or alternatively valid optional isolation keeps local requests completing
operations,OPT046,S046,Plugin reports success before participant's own durable commit,Factory may record success while participant later loses work -> OP005 false completion. If discrepancy is detected but participant truth unavailable -> OP022. Participant eventually commits durably -> OP001/OP028 depending on reversibility,OP005 OP022 OP001 OP028,Local success persistence cannot make dishonest/non-durable participant acknowledgment durable. Need participant receipt semantics,DESIGN D1/D2 specify evidence recording not an ability to force remote commit. QUALITATIVE premature-ack branch,Every success acknowledgment is backed by a durable participant operation record surviving participant restart
operations,OPT047,S047,Plugin allocates file descriptors until its process or shared system capacity is exhausted,Per-process bound and isolated failure -> OP018 while OP021 independent core work survives. Shared descriptor/process resource exhaustion prevents store/socket access -> OP008 or OP002. Repeated restart without bound could prolong impairment,OP018 OP021 OP008 OP002,Process separation alone does not imply OS resource isolation. Need actual per-process/system limits and descriptor ownership,DESIGN D2 initialization resource limits and same-user sandbox caveat. QUALITATIVE exhaustion analysis,Exhausting the plugin's permitted descriptors leaves measured core admission and local access unaffected and restart budget bounds recurrence
operations,OPT048,S048,Peers agree on major protocol but an optional field's meaning changes,Same-major negotiation can succeed while interpretation diverges or the field can be irrelevant/ignored safely. No specific state chosen because neither field meaning nor affected operation is supplied,none,Need operation schema digest old/new semantics whether old peers ignore the field and a concrete downstream invariant,DESIGN D2 section 7 permits only safely ignorable additions and checks schema identity. UNRESOLVED semantic impact,A concrete old/new message pair with an asserted invariant demonstrates either equal interpretation or a specific violating transition
operations,OPT049,S049,Scope disables plugin after an effect was dispatched but before durable result evidence,New dispatch stops under design while in-flight effect can still complete -> OP028 when known irreversible. Removed reconciliation channel leaves OP022. If host retains sufficient capability to reconcile or participant receipt survives -> OP001 for settled work,OP028 OP022 OP001,Revoking future routing is not cancellation of participant acceptance. Exact disabling/draining/reconciliation authority policy is unimplemented in sampled source,DESIGN D2 shutdown stops new dispatch and D1 saga evidence. QUALITATIVE deactivation race,Disable atomically prevents participant acceptance or a verified receipt unambiguously resolves every already accepted operation
operations,OPT050,S050,Operation is labeled reversible but its inverse discards information,Forward step accepted -> inverse invoked on failure -> OP030 with lost content possibly OP006. Contract validation/tests rejecting lossy inverse before effect -> OP026/OP017 rather than supposed rollback. Forward evidence may still survive,OP030 OP006 OP026 OP017,Claimed reversibility is not a physical property. Need actual inverse postconditions and independently retained before-state,DESIGN D1 section 8 requires implemented/tested compensation. QUALITATIVE dishonest contract counterexample,Roundtrip testing across relevant state space and retained versions proves exact inverse without any information loss
operations,OPT051,S051,Participant accepts a dispatched operation just before network partition hides the response,Local timeout -> OP022 not known failure. Reconciliation by durable identity can establish OP028 or OP001. Blind fresh acceptance retry with no participant dedupe -> OP023. Partition alone does not erase local intent,OP022 OP028 OP001 OP023,Reliable retained operation identity and participant history determine exit. External acceptance is stipulated but not yet known to Factory,DESIGN D1 section 8 and D2 section 5. QUALITATIVE network cut reasoning,A matching durable receipt is available throughout the partition or retry returns the same single participant operation rather than a new effect
operations,OPT052,S052,Provider DNS resolves to a wrong endpoint while authenticated transport rules may still be intact,Correct TLS/name verification rejects impersonation -> affected dependency stalls OP020 or optional path OP021. If the wrong endpoint is also trusted or verification bypassed -> OP007 exposure or OP027 wrong-target effect. DNS alone is not successful impersonation,OP020 OP021 OP007 OP027,Need trust roots expected peer identity and whether content was transmitted after authentication. No network probe performed,QUALITATIVE authentication branching with DESIGN D1 trusted invocation and D2 external/plugin boundary,Wrong DNS target cannot pass peer identity checks and no protected request body reaches it
operations,OPT053,S053,Offline client reconnects after provider certificate has expired,Strict expiry validation blocks calls -> OP020/OP021 until certificate or trusted time is corrected. Unsafe manual bypass can enter OP007 if peer authenticity is then lost. Previously committed local work can continue OP001,OP020 OP021 OP007 OP001,Expiry is an external trust-policy hold not proof of data corruption. Local clock correctness and renewal process matter,QUALITATIVE TLS policy reasoning. No real certificate renewal or connection attempted,Certificate is valid under trusted time or an independently authenticated replacement preserves verification without bypass
operations,OPT054,S054,WebSocket client subscribes but never drains delivered events,Bounded backpressure/disconnect -> OP021 with local work intact and client stale OP024. Unbounded queues -> OP003 and possibly OP008 after resource exhaustion. Reconnection from a retained cursor can restore OP001,OP021 OP024 OP003 OP008 OP001,Bounds must include daemon-facing notification buffering not only socket buffers. Cursor retention determines catch-up feasibility,DESIGN D2 section 6 requires backpressure or disconnect and D1 cursor semantics. QUALITATIVE unbounded alternative,Stalled client causes unbounded resident memory in supposedly bounded implementation or independent client/core work cannot progress
operations,OPT055,S055,HTTP transport fails while local kernel and local access remain healthy as stated,Remote HTTP requests fail but local inspection and independent mutations continue -> OP021. Restore HTTP and refresh client state -> OP001. If HTTP was needed for a particular approval that task may wait OP031 without stopping every task,OP021 OP001 OP031,Scenario explicitly grants local health. Reclassifying this as whole-system outage would add a dependency not given,DESIGN D2 separate API transports and bundled local mode. QUALITATIVE task-specific approval dependency,Local requests also fail under the stated HTTP-only failure or every remaining useful task demonstrably depends on HTTP
operations,OPT056,S056,Remote client holds cached running status while daemon may complete fail or block the task,No refresh -> OP024 for observer although real work may be OP001/OP017/OP034. If operator creates a replacement based on cache without checking identity -> possible OP023. New authoritative cursor/state ends display divergence,OP024 OP001 OP017 OP034 OP023,Cache is an observer state not proof that the task is persistently running. Replacement is an extra human action,DESIGN D1 responses carry committed cursor. QUALITATIVE client caching and operator reaction,Client clearly marks stale observation and refreshed canonical state matches its displayed claim throughout
operations,OPT057,S057,Network replies for durable operations arrive duplicated and out of order,Correlate request/operation and enforce stream versions -> OP026 for stale/duplicate mutation or OP001 for deduplicated completion. Arrival-order overwrite without identity can create OP024/OP025 and wrong repeated action OP023,OP026 OP001 OP024 OP025 OP023,A duplicate response is not a duplicate effect unless a consumer invokes new work or misattributes completion. Local order and remote causal order differ,DESIGN D1 request IDs expected revisions and cursor order plus D2 exchange IDs. QUALITATIVE broken correlation alternative,All duplicates/reorders produce one identical final state with no new effect across an isolated permutation test
operations,OPT058,S058,Nonlocal listener is accidentally bound publicly but authorization may still be sound,Reachability expands -> exposure surface not automatically breach. With intact authentication unrelated work can remain OP001 while listener configuration is reviewed. Exploitable unauthenticated authority -> OP007 and possibly OP027 on unauthorized actions,OP001 OP007 OP027,Need network reachability capability grants and authentication enforcement. Public bind alone does not prove disclosure,DESIGN D1 trusted context/kernel authorization and D2 same-user process limitations. QUALITATIVE security alternatives,Untrusted external peer cannot obtain protected data or invoke any unauthorized mutation under the exact public-binding configuration
operations,OPT059,S059,Operator is remote and both Tailscale and SSH are their only control paths,Common loss -> OP033. Local already-authorized work may continue OP001 or gated work accumulates OP031. Independent local helper/access restores inspection before acting on stale observations,OP033 OP001 OP031,Two named mechanisms are not independent recovery if sharing network/power/account failure. No local path is presumed reachable remotely,QUALITATIVE control-plane failure domains with DESIGN D2 bundled local mode boundary,An independent trusted reachable management path exists under simultaneous Tailscale/SSH failure
operations,OPT060,S060,Participant throttles all relevant requests for days while local tasks keep arriving,Continuing rate limit -> OP020 and if arrivals exceed accepted service OP003. Finite work drains after limit lifts -> OP001. Retry rate above useful acceptance may add OP004 only if load worsens future throttling or timeouts,OP020 OP003 OP001 OP004,A fixed provider quota is external forcing. Self-sustaining amplification needs retry-to-throttle feedback rather than merely repeated 429 responses,QUALITATIVE rates and participant policy. DESIGN D1 planned timeout/retry policy is not observed behavior,Queued work drains once arrivals stop and limit lifts without retry amplification or measured retries do not affect provider acceptance
operations,OPT061,S061,Task is queued for a target whose display/agent name changes before assignment,Stable bound identity with validated mapping -> OP001 or OP026 if retired target is rejected. Late name lookup without identity pinning may leave a wait OP031 or route to replacement OP025. Rename itself does not prove lost task identity,OP001 OP026 OP031 OP025,Need whether queued intent pins scope/agent stable ID or defers agent-name choice. Current create stores target scope/session/path while assign takes agent name separately,SOURCE C6 create and C3 assign interface. DESIGN D1 stable IDs. QUALITATIVE registry reconciliation not fully inspected,Rename preserves explicit target identity and no alternate agent can receive the queued task without an authorized reassignment
operations,OPT062,S062,Registered directory disappears and a different directory is created at the same path,Path-based subsequent reads can treat replacement as old -> OP025. If identity replacement is detected before action -> OP026/OP015 until resolved. Old artifacts gone -> OP012 independently. Filesystem path existence alone proves neither continuity nor trust,OP025 OP026 OP015 OP012,Need retained object identity across deletion not merely current FileId equality at reservation time. Replacement contents and agent authority are unknown,SOURCE C10 re-resolves stored paths and C4 workspace_exists_on_disk tests existence. QUALITATIVE scope replacement semantics,Persisted original identity is compared against new object and every relevant read/write refuses the replacement before use
operations,OPT063,S063,A symlink is checked for allowed target before a later file open follows its changed target,If access re-follows mutable symlink -> validation/access mismatch yields OP025 or OP027 unauthorized write meaning. If descriptor-bound/no-follow access keeps validated object -> OP026/OP001. Ordinary canonicalization alone does not lock filesystem identity,OP025 OP027 OP026 OP001,Need exact write primitive directory descriptors and adversarial timing. No exploit executed and current FileId check is not claimed to prove arbitrary write safety,SOURCE C10 illustrates pretransaction identity read only. QUALITATIVE TOCTOU alternatives and project allowlist instruction,Deterministic isolated swap cannot redirect the actual write beyond the originally validated object or allowed root
operations,OPT064,S064,Task/delegation chain exists while a parent scope moves and current kinship changes,Rechecking current policy can refuse formerly eligible new delegation -> OP026 and human interpretation wait OP031. Stable historical record remains useful. Silently applying new ancestry to old audit facts can create OP010 or wrong current routing OP025,OP026 OP031 OP010 OP025,Must separate authorization at original acceptance from rights for a future step. Full move/registry snapshot semantics are not established by kinship guard,SOURCE C12 checks current registered kinship and chain. DESIGN D1 immutable historical facts. QUALITATIVE move policy,Original decisions retain their historical basis and new commands consistently enforce a specified registry revision without silent retargeting
operations,OPT065,S065,Two copied installations with identical records and identities run on separate Macs,Each local database can grant an exclusive local lease while both dispatch old work -> OP023 and conflicting identity histories OP025. Shared workspace access may cause OP016. If clone is non-dispatching or externally fenced only one runs -> OP001,OP023 OP025 OP016 OP001,Local SQLite exclusivity is not cross-machine authority. Need participant idempotency namespace clone identity and shared filesystem access for particular damage,SOURCE C3/C10 serialize one store only. DESIGN D1 installation-local cursor. QUALITATIVE split-authority branch,Independent external fencing or non-dispatch mode proves at most one clone can accept effectful work for the copied identities
operations,OPT066,S066,Client presents another agent's valid session UUID without necessarily controlling its authenticated principal,Transport-bound caller identity rejects mismatch -> OP026. Caller that treats UUID existence as authentication resolves victim scope and may permit authority misuse -> OP007/OP025. Possession of an identifier is not proof of session ownership,OP026 OP007 OP025,Need transport-to-session authentication binding not just scope_of_session lookup. No running transport implementation was established,SOURCE C12 Sender contract requires caller authentication first. DESIGN D1 sections 1 and 9. QUALITATIVE missing-boundary branch,A borrowed valid session ID is rejected for every principal not bound to that session before any mutation
operations,OPT067,S067,One delegated task chain already includes A then B then C and next target is A,C proposes A -> preserved chain contains A -> check refuses before queue creation -> OP026. Existing accepted work may continue OP001. Fresh independent tasks with discarded provenance are a different S068 mechanism,OP026 OP001,Chain must be supplied intact through the delegation entry point and target registered. Earlier kinship rejection may also prevent the request,SOURCE C12 check rejects existing_chain.contains after registration/kinship gate,Same chain through legitimate queue path admits A twice and writes a new delegated task despite the guard
operations,OPT068,S068,Agent responds to work by creating fresh semantically identical tasks rather than forwarding retained chain,If each completion generates more than one replacement or failures recreate work -> OP004 under sufficient feedback. One-off duplicates give OP023/excess work without attraction. Restricted creation authority or dedupe before admission -> OP026 and OP001,OP004 OP023 OP026 OP001,Chain-loop prevention alone does not constrain independent task reproduction. Need actual create permissions semantic identity and branching rate,SOURCE C6 accepts caller task IDs and C12 chain check is per supplied chain. QUALITATIVE fresh-task route and loop,After initial seed no new equivalent tasks are generated without external input or effective reproduction is below completed removals
operations,OPT069,S069,Scope is retired while historical tasks and memory references still exist,Retirement may tombstone identity preserve history refuse new tasks or erase routing/content. No regime selected because retirement and memory lifecycle are not defined by inspected guard/registry interfaces,none,Need task disposition retention access inheritance tombstone semantics and whether historical references remain resolvable. A directory deletion is not a retirement policy,UNRESOLVED SOURCE C12 registration checks only do not define decommissioning. DESIGN D1 historical retention alone is insufficient,A complete retirement transition contract plus isolated history/access tests determines all old tasks and memory-reference dispositions
operations,OPT070,S070,Export contains distinct case-sensitive names with different bytes or identities,Restore onto case-insensitive filesystem -> collision refusal yields OP026 with original export intact. Silent overwrite/alias collapse -> OP012 or OP025. Collision-free names or explicit lossless mapping -> OP001,OP026 OP012 OP025 OP001,At least one real colliding pair is needed. Current runtime alias checks do not prove a portable export importer preserves distinct source objects,SOURCE C10 runtime FileId distinction only. QUALITATIVE export/import collision policies,A colliding two-file export restores both distinguishable original byte sequences and stable identities without silent substitution
operations,OPT071,S071,Client loses create response after server may have committed the task,Reuse same ID at current create helper -> duplicate insert fails OP026 and original remains. New task ID -> two rows and potential OP023. Promised logical API same idempotency key/payload would return prior result -> OP001 but is not this helper,OP026 OP023 OP001,Task primary-key collision refusal differs from returning recorded command outcome. Need client retry identity and payload binding to prevent semantic duplicate create,SOURCE C6 create plain INSERT with caller UUID. DESIGN D1 section 2 command idempotency,Same logical create retried across lost response always returns original outcome and creates exactly one task even with new request IDs
operations,OPT072,S072,Task stays queued after attempt commit while writer has not yet been called,Cancel reads queued and commits cancelled -> C1 then invokes writer without status recheck -> durable cancelled row can coexist with a later emitted prompt OP035 and misleading lifecycle display OP024. If worker proceeds to irreversible effect then OP028. Cancel before initial delivery guard instead ends OP026,OP035 OP024 OP028 OP026,Inspected library interleaving requires cancel access between transactions. Manual writer renders a pasteable prompt rather than automatically launching work. Actual effect needs operator/worker action,SOURCE C1 deliver writer gap and C6 cancel queued/blocked immediate transition. QUALITATIVE subsequent receipt/effect,Isolated interleaving proves cancellation in that exact gap prevents writer invocation or an authoritative caller serializes cancel across the entire writer call
operations,OPT073,S073,Two assign requests target the same idle session in one database,First BEGIN IMMEDIATE checks idle and assigns queued task -> second sees nonterminal assignment and defers/refuses OP026 while first proceeds OP001. No second task must become running for occupancy to hold,OP026 OP001,Callers must use assign and share the store. Direct SQL bypass or independent clones is outside source-supported claim,SOURCE C3 is_idle tests all nonterminal tasks and assign checks/writes in one transaction. C8 Store uses BEGIN IMMEDIATE,Two assignments through this path both succeed against one idle session before either previous task becomes terminal
operations,OPT074,S074,Blocked previously attempted task is changed back to queued without incrementing authorized deliveries,Ordinary deliver counts attempted rows -> OP014/OP026 because no budget remains. Explicit authorise_resume changes queue and budget atomically then permits OP001 after new decision. Failed writer outcome still spent old authorization,OP014 OP026 OP001,Scenario requires at least one consumed attempt. Blocked-before-any-attempt task can still have original unused authorization. Requeue alone is not proof of unauthorized retry,SOURCE C1 deliver and authorise_resume actual bodies distinguish consumed count and authorization limit,Requeued consumed task calls writer again with unchanged budget or failure outcome is excluded from consumed attempts
operations,OPT075,S075,Worker completes with a path to a file that can later be overwritten,Completion stores path -> task may be done while later path resolves to changed bytes -> OP012. Downstream accepts new bytes as old result -> OP005. If underlying object is immutable or independent copy retained -> OP001,OP012 OP005 OP001,Mutable capability must actually be exercised for byte divergence. Path submission alone is not proof artifact already changed,SOURCE C5 validate_result serializes paths without reading or hashing content. DESIGN D1 immutable content references are stronger,Repeated verified reads of an immutable retained object always yield the originally completed bytes despite replacement of convenience path
operations,OPT076,S076,Worker submits multi-gigabyte inline result summary to completion helper,Byte-size validation refuses before transaction -> OP026 and old task status remains. A bounded summary plus valid artifact paths can later complete OP001. If bytes exist without accepted completion OP034 is conditional. Caller may allocate text before reaching guard,OP026 OP001 OP034,Source guarantees no oversized summary commit on this path not bounded ingress allocation nor artifact availability,SOURCE C5 validate_result and complete_with_result validate before transaction. No transport frame implementation assumed,Oversized summary changes task status/result through complete_with_result or validation silently truncates instead of rejecting
operations,OPT077,S077,Permanent session still owns a nonterminal permission-blocked task when new work arrives,Factory assign sees nonterminal task -> OP026 and old work remains OP017. Another independent idle session can do new work OP001. Direct manual/harness prompt bypass may interleave old and new work OP016 without managed attribution,OP026 OP017 OP001 OP016,Persistent communication service does not imply two task assignments are safe in one session. Bypass must actually occur to enter overlapping-work branch,SOURCE C3 is_idle excludes blocked assigned work. QUALITATIVE manual bypass and independent session branch,Same session is assigned a new task through normal assign while old blocked assignment remains nonterminal
operations,OPT078,S078,Process exits zero but produces empty output and semantic success criteria are unspecified,Completion with neither summary nor paths -> OP026 under current helper. Caller supplies nonempty success text or a path to empty file -> accepted shape may hide OP005. If empty output is correct task contract then OP001. Executor mapping itself is not implemented evidence,OP026 OP005 OP001,Exit zero proves only process exit convention. Need expected output contract and caller completion mapping. Empty file can be a valid artifact for some tasks,SOURCE C5 NoResult validation does not inspect file content. QUALITATIVE process-executor behavior,Task-specific validator rejects every semantically empty result or task specification explicitly defines zero-output success
operations,OPT079,S079,Task prompt includes shell metacharacters before process invocation by an unspecified executor,Structured argv passes literal characters -> OP001 for intended process or OP026 if input contract rejects. Shell string interpolation can change command meaning -> OP027 and untracked writes OP016. Metacharacters alone are inert without interpretation,OP001 OP026 OP027 OP016,Need actual executor argv/shell construction and substitution rules. No process-executor implementation or malicious command executed,QUALITATIVE boundary analysis only. SOURCE C1 manual prompt writer is not a shell executor,Isolated fake executor captures exact literal argv with no shell evaluation for every supplied metacharacter case
operations,OPT080,S080,Worker has written finished artifact bytes but final task result is not committed,Worker dies -> durable file may survive while task is uncompleted OP034 and delivery uncertainty OP014. Independent artifact-to-run validation permits OP001 without recomputation. If file was unflushed/deleted -> OP012 and possibly OP006,OP034 OP014 OP001 OP012 OP006,Finished computation is different from durable file flush and accepted result. No automatic orphan-artifact reconciliation is assumed,SOURCE C5 result commit is separate from external file creation and C1/C2 ambiguous delivery. QUALITATIVE artifact durability,An accepted completion was already committed before death or verified durable artifact reconciliation automatically ties exact bytes to the run
operations,OPT081,S081,Payment provider accepts charge but ignores the supplied idempotency key on subsequent requests,First response uncertain -> OP022. Reconcile by independent receipt may settle OP028/OP001. Blind retry can produce second charge -> OP023 even if Factory preserves local key perfectly. Local dedupe only prevents repeated local dispatch under its own conditions,OP022 OP028 OP001 OP023,Need whether provider supports alternate operation lookup and whether first request was actually accepted. A key in a request is not participant compliance,DESIGN D1/D2 participant idempotency/reconciliation contracts. QUALITATIVE dishonest provider,Participant evidence shows retries return one original charge despite ignored key through another enforced unique operation identity
operations,OPT082,S082,Email is externally sent and plugin crashes before local result is durable,Actual world contains irreversible delivery OP028 while Factory knowledge is OP022. Provider message/operation receipt resolves knowledge. Blind resend may enter OP023. Local rollback cannot unsend the first message,OP028 OP022 OP023,Physical effect and epistemic state coexist. No real email sent. Need retention and uniqueness of provider lookup evidence,DESIGN D1 irreversible messages and D2 crash->unknown/reconcile. QUALITATIVE participant receipt availability,Message was never accepted/delivered or definitive retained receipt already resolves local knowledge without another send
operations,OPT083,S083,Human reviews invoice A but the proposed effect becomes invoice B before execution,Content-bound acceptance check detects mismatch -> OP017/OP026. Approval treated as generic permission -> B accepted -> OP027. If B has irreversible disclosure/payment consequence actual effect may also be OP028,OP017 OP026 OP027 OP028,Need immutable approved payload identity and check at meaningful acceptance boundary. Human click and mutable payload pointer are different facts,DESIGN D1 immutable saga input/preconditions and explicit approval. QUALITATIVE exact approval-binding implementation absent,Accepted invoice identity and integrity value must match the recorded human-reviewed A or dispatch is refused before participant acceptance
operations,OPT084,S084,Participant has already accepted action when human revokes local approval,Revocation can stop future dispatch but cannot erase accepted fact -> OP028 if irreversible. Unknown receipt leaves OP022 until reconciliation. A compensatable business action may require a new decision and possibly OP029 if remedy fails,OP028 OP022 OP029,Need participant's acceptance/abort contract. Local revoke time is not proof participant cancelled a previously accepted operation,DESIGN D1 reversibility classes and D2 unknown outcome. QUALITATIVE late revocation semantics,Participant's verified abort contract cancels the already accepted operation before any irreversible effect and returns durable cancellation proof
operations,OPT085,S085,Saga plans inverse after a human legitimately modifies the forward result,Version/precondition check rejects stale inverse -> OP029 awaiting new business disposition. Blind inverse overwrites newer work -> OP030 with possible OP006 for unique edits. Exact merge-aware mitigation could reach OP001 but is operation-specific,OP029 OP030 OP006 OP001,Need externally enforced version checks and intended merge semantics not merely old before-value retention,DESIGN D1 section 8 preconditions and compensation evidence. QUALITATIVE human-edit race,Inverse is rejected on changed ETag/version or verified postconditions retain every intervening legitimate edit
operations,OPT086,S086,Known forward effect requires compensation but compensation repeatedly fails,Durable failed attempts -> OP029 manual-intervention path under design. Unbounded automatic retries can form OP019-like retry cycle only for plugin restart if present or OP004 if they amplify load. A finite failure count alone is not an attractor,OP029 OP004,Participant failure persistence and retry generation are required for ongoing dynamics. Compensation is a new action not deletion of forward event,DESIGN D1 section 8 failure states and compensation identity. QUALITATIVE unbounded retry feedback branch,Matching participant postconditions prove compensation succeeds without changing assumptions or retries terminate at a fixed bounded budget
operations,OPT087,S087,Two distinct valid tasks independently intend the same business purchase,Per-task idempotency sees different identities -> both accepted -> OP023 if business intent was one purchase. Shared semantic purchase identity or human rejection of duplicate -> OP026/OP001. Two desired units instead are ordinary completion not duplicate damage,OP023 OP026 OP001,Need business equivalence and quantity intent. Command-idempotency keys dedupe retries of one intention not all equal-looking payloads,DESIGN D1 section 2 key scope. QUALITATIVE business identity and participant uniqueness,Business specification requires two units or a unique purchase-intent constraint proves only one order can be accepted across both tasks
operations,OPT088,S088,Provider recalculates a different price when Factory retries an intended order,Stable operation/price contract returns original terms -> OP001. New price accepted under old approval -> OP027 and possible duplicate order OP023 if first accepted too. Rechecked price requires new decision OP017. Unknown first acceptance remains OP022,OP001 OP027 OP023 OP017 OP022,Need whether repricing creates a new operation and approval binds maximum/exact price. Price change within authorized tolerance may be valid,DESIGN D1 immutable inputs external versions and D2 operation identity. QUALITATIVE pricing contract,Every accepted retry satisfies recorded approval terms and refers to the same original order/price or is blocked for new authorization
operations,OPT089,S089,Scheduled report was approved before refresh adds confidential rows,If approval binds exact content and refresh invalidates it -> OP017. If schedule/old approval is treated as blanket send authority -> OP027 and irreversible disclosure OP028 after acceptance. Draft-only refresh can remain OP001 with no disclosure,OP017 OP027 OP028 OP001,Confidentiality breach requires transmission to a recipient not authorized for the new rows. A schedule alone grants no send authority,DESIGN D1 immutable content references and project approval boundary. QUALITATIVE refresh/recipient-policy race,No report whose current row set exceeds recipient authorization or differs from required approved digest reaches participant acceptance
operations,OPT090,S090,External operation may have completed but participant deletes its history before reconciliation,Lookup returns absent/expired not definitive never-accepted -> OP022. Missing compensation evidence may create OP029. Blind interpretation as failure can produce OP023. Independent receipt retained elsewhere can settle OP001/OP028,OP022 OP029 OP023 OP001 OP028,Need retention horizon and semantics of not-found. Local operation intent cannot reconstruct remote acceptance by itself,DESIGN D1 retained compensation data and D2 reconcile before retry. QUALITATIVE history-expiry ambiguity,Independent durable receipt resolves outcome or participant contract proves not-found within a guaranteed retention horizon means never accepted
operations,OPT091,S091,Only competent authorized operator is offline for three days while tasks continue,Tasks needing decisions enter OP031/OP017 while already authorized independent work can remain OP001. Continuing unresolved arrivals may produce OP003 but finite absence alone is not endogenous feedback. Expired opportunities may become OP005 if later accepted as current,OP031 OP017 OP001 OP003 OP005,Need workload composition deadline validity and actual substitute authority. Not every task requires a fresh human decision,QUALITATIVE human service-capacity analysis with SOURCE C3 blocked occupancy,All affected tasks complete correctly under existing authorization or competent authorized coverage exists during the entire absence
operations,OPT092,S092,Alarm burst presents a hundred approval dialogs to a finite-attention operator,Reflex approvals may admit OP027/OP005 without a sustained loop. If resulting errors generate more approval alarms and further reflex errors -> possible OP032. If alarms cease after burst or are nonbinding acknowledgments -> finite OP003/OP001 instead,OP027 OP005 OP032 OP003 OP001,Need evidence that clicks authorize effects and that errors causally generate later dialogs. No behavioral propensity is treated as inevitable,QUALITATIVE feedback hypothesis only without human observation or simulated agents,Newly approved errors do not generate subsequent alarm load or meaningful review quality stays constant during measured burst
operations,OPT093,S093,Replacement operator has authority but lacks knowledge of current external in-flight actions,Conservative inspection reveals missing context -> OP031/OP022 until evidence arrives. Guessing old actions failed and resending -> OP023 or OP027. Sufficient durable operation-specific handover permits OP001 without the original owner,OP031 OP022 OP023 OP027 OP001,Formal account access is distinct from usable evidence. Handover record existence is not proof of comprehensibility or completeness,DESIGN D1 saga evidence. QUALITATIVE operator knowledge and guess branch,Independent replacement reconstructs all in-flight operation identities/acceptance states from retained evidence before making an effectful decision
operations,OPT094,S094,Operator intends a fixture action but connects to production or the reverse,Strong instance context check refuses mismatch -> OP026. Otherwise locally valid command acts on unintended world -> OP027 and potentially OP028. Pure read confusion can be OP024 without an external mutation,OP026 OP027 OP028 OP024,Intent mismatch must precede an effect to create business harm. Transport authentication to production does not prove human intended production,DESIGN D1 scope/principal context and D2 installation identity handshake. QUALITATIVE human instance confusion,An effect cannot be accepted until independently verified instance identity matches the explicit intended fixture/production target
operations,OPT095,S095,Operator copies backup manually and opens it as live state without restore reconciliation,Stale rows keep live-looking status -> OP024. Missing post-snapshot tail remains OP011 even after proper reconcile. Calling C2 reconcile later moves included running/attempted work to OP014 and leases OP015 but does not invent absent attempts,OP024 OP011 OP014 OP015,Manual copy may also omit WAL S014. Source explicitly treats ordinary open and explicit restore differently and reporting is post-commit,SOURCE C2 reconcile docs and body plus C7 snapshot procedure. QUALITATIVE manual-copy timing,Opening any manually copied snapshot automatically performs equivalent reconciliation and identifies all omitted later actions before work admission
operations,OPT096,S096,Human closes pane then later edits files in its workspace,Pane disappearance may yield OP015 while human edits continue outside managed session. Prematurely releasing and assigning another worker creates OP016 overlap. If all old workers are gone and human hands over exclusive ownership with reviewed files -> OP001,OP015 OP016 OP001,Closing pane does not certify every descendant stopped nor authorize new managed work. Manual edits can be legitimate but break stale artifact assumptions,SOURCE C4 recovery records session state not all human writes. QUALITATIVE process and human ownership,All writers and edits are accounted for before new worker admission and isolated file history shows no overlapping writers
operations,OPT097,S097,Blocked task carries a description only its original owner understands,Owner absent -> OP031 even though blocker text is durable. Other independent tasks remain OP001. Clarification or task-specific evidence understandable to substitute ends wait. Repeating opaque escalation adds no information,OP031 OP001,Need actual shared knowledge availability and whether the blocker encodes enough observable facts. A blocked status is not itself a usable handover,QUALITATIVE knowledge-access bottleneck. SOURCE C3 only knows nonterminal occupancy not human comprehension,A competent substitute correctly resolves the blocker from retained text and artifacts without contacting its owner
operations,OPT098,S098,Author reviews their own flawed output with potential conflict of interest,Self-approval may leave accepted incorrect artifact OP005. Independent objective task-specific check catches error -> OP026 then corrected OP001. Bias alone does not prove a persistent loop or even an incorrect verdict in each case,OP005 OP026 OP001,Need observed error and validator sensitivity. Approval must actually gate acceptance and no independent oracle may silently be assumed,SOURCE C5 structural completion checks do not enforce independent correctness review. QUALITATIVE human acceptance,Independent expected-output comparison shows self-approved result correct or enforced objective validation catches the specified flaw before use
operations,OPT099,S099,Human requests immediate new start while old workspace lease/liveness is unresolved,Normal begin_start with stable same directory rejects competing lease -> OP026/OP015. Human bypass releases lease or launches outside Factory while old writer lives -> OP016. Positive old-writer death/identity evidence permits OP001 after reconciliation,OP026 OP015 OP016 OP001,Human urgency is not evidence about process state. A requested bypass is an additional action not performed by this review,SOURCE C10 lease guard and C4 presumption gap. QUALITATIVE authorized/unauthorized manual override alternatives,Every new writer starts only after all old write capabilities are positively extinguished or normal begin_start unexpectedly admits the live lease
operations,OPT100,S100,All operator access is lost and recovery instructions exist only behind the inaccessible device boundary,No independent recovery path -> OP013 and human decision service OP031. Local autonomous work may continue OP001 but owner cannot inspect it. Independent escrow/account recovery ends wait. Unique key/instruction destruction can mean OP006 only under proven only-copy assumptions,OP013 OP031 OP001 OP006,Lost access does not equal erased bits. Need independently reachable authority instructions and decryption material rather than recovery procedures that assume the lost access,QUALITATIVE circular access dependency. DESIGN local recovery mode cannot grant physical/account access,A usable independent recovery path supplies required instructions and authority without first requiring any lost credential or inaccessible device content
governance,GVT001,S101,Queued finite work requires a particular external model provider.,Provider closes -> dependency absent -> GV04 if no authorized substitute. A substitute with independently accepted output permits GV01; an unmeasured substitution leaves GV07.,GV04 GV01 GV07,Provider independence of local records is assumed; substitute availability and compatibility are not given.,"Qualitative conditional reasoning from reviews/governance/scenarios.csv; no runtime observations; long-term branch is conditional, not observed.",The task runs entirely on an already available local model without that provider.
governance,GVT002,S102,Comparisons treat a stable model alias as stable behavior.,"Alias changes weights -> old attribution silently persists -> GV07. If wrong outputs are accepted and reused as evidence, GV05; independent changed-output detection can lead to GV02.",GV07 GV05 GV02,"Alias is not immutable model identity; a feedback loop requires reuse of error, not the weight change alone.","Qualitative conditional reasoning from reviews/governance/scenarios.csv; no runtime observations | Design only: docs/adr/0020-run-telemetry-and-the-evaluation-bench.md decisions 1-5,8-9 and Open items (measurement and trace rules, attribution gap); long-term branch is conditional, not observed.",Provider supplies trustworthy immutable revisions for each call and output changes are independently validated.
governance,GVT003,S103,An agent reads an external page as task data and has some tool capabilities.,"Injected instructions are followed -> if effective tool authority permits them, GV09 and possibly GV08. If the resulting claim enters shared evidence, GV05. Tool-side refusal can leave GV02 without an effect.",GV09 GV08 GV05 GV02,"Following text is stipulated, but privileged execution, disclosure and persistence depend on actual capabilities and destinations.","Qualitative conditional reasoning from reviews/governance/scenarios.csv; no runtime observations; long-term branch is conditional, not observed.",The agent produces injected text but every unauthorized tool request is rejected and no false claim is accepted.
governance,GVT004,S104,Two nominally separate reviewers share a failure mode.,Both approve the same false result -> a single false endorsement is a finite error; repeated citation of the endorsement closes GV05. A trusted independent result check instead sends the work to GV02.,GV05 GV02,Reviewer count supplies no independence; persistent regime requires circular reuse or suppression of contradictory outcomes.,"Qualitative conditional reasoning from reviews/governance/scenarios.csv; no runtime observations | Design only: docs/adr/0020-run-telemetry-and-the-evaluation-bench.md decisions 1-5,8-9 and Open items (measurement and trace rules, attribution gap); long-term branch is conditional, not observed.",Review errors are independent in the relevant failure family or externally checked results reverse the endorsement.
governance,GVT005,S105,A running task can finish by submitting a summary or nonempty artifact paths.,"Model names nonexistent file -> complete_with_result can store the claim because it checks content and size, not existence. Later existence check leaves GV03; downstream reuse as proof can enter GV05. Actual verified output permits GV01.",GV03 GV05 GV01,The library boundary is examined; an uninspected caller may add artifact verification. Existence is weaker than correctness.,"Qualitative conditional reasoning from reviews/governance/scenarios.csv; no runtime observations | Source: crates/factory-task/src/complete.rs::validate_result and complete_with_result (content/size checks, no artifact existence check); long-term branch is conditional, not observed.",Every production completion caller independently verifies required artifact existence and content before acceptance.
governance,GVT006,S106,Daemon and local model share finite host RAM.,Model displaces daemon -> GV04 while inference retains resources. Restored ambiguous deliveries may enter GV13. Repeated restart-and-reload can sustain GV10 only while the resource policy repeats the overload.,GV04 GV13 GV10,"OS eviction behavior, memory limits and restart ordering determine duration; committed storage survival is not guaranteed by RAM pressure alone.","Qualitative conditional reasoning from reviews/governance/scenarios.csv; no runtime observations | Source: crates/factory-recovery/src/restore.rs::reconcile (snapshot-local journal and disconnected leases, not external-world reconciliation); long-term branch is conditional, not observed.",Memory isolation reserves enough RAM for the daemon and it remains responsive throughout inference.
governance,GVT007,S107,A run spans several inference calls and metadata is attributed per run.,Undisclosed model switch -> result may remain useful but attribution becomes GV07. Shared new errors reused as evidence can enter GV05; the switch itself does not establish error.,GV07 GV05,No per-call identity evidence is available. ADR 0020 explicitly leaves attribution across switches open.,"Qualitative conditional reasoning from reviews/governance/scenarios.csv; no runtime observations | Design only: docs/adr/0020-run-telemetry-and-the-evaluation-bench.md decisions 1-5,8-9 and Open items (measurement and trace rules, attribution gap); long-term branch is conditional, not observed.",An independent per-call ledger identifies both models and attributes every relevant output and cost.
governance,GVT008,S108,Task admits another correct intermediate step after every step.,Locally correct progress -> another obligation -> GV12 only if no stopping condition intervenes. Finite budget or energy leads to GV21 or GV04; a bounded acceptance criterion permits GV01.,GV12 GV21 GV04 GV01,An ideal endless sequence is distinct from any finite observed trace; a growing useful partial result may be economically rational.,"Qualitative conditional reasoning from reviews/governance/scenarios.csv; no runtime observations; long-term branch is conditional, not observed.",A finite well-founded obligation decreases every step and completion occurs before the resource bound.
governance,GVT009,S109,Compiled instruction chain previously fits the harness window.,"Harness shrinks window -> compiler still emits full text -> rejecting harness leaves GV02; silent truncation can create GV07 or, if errors are reused, GV05. A valid shortened task can reach GV01.",GV02 GV07 GV05 GV01,Compiler reports bytes but sets no model-window bound; actual rejection or truncation behavior belongs to the uninspected harness.,"Qualitative conditional reasoning from reviews/governance/scenarios.csv; no runtime observations | Source: crates/factory-context/src/lib.rs::compile (current-file reads, unreadable error, no link walk, no model-size limit); long-term branch is conditional, not observed.","Compiled input still fits the new window, or harness rejects before any semantically incomplete execution."
governance,GVT010,S110,An executable fixture stands in for broader competence.,Model recognizes test -> specialized passing behavior -> GV06 if scores allocate trust and reduce independent tests. Held-out behavior can instead reveal the gap and trigger GV02.,GV06 GV02,"An executable oracle removes model grading, not test leakage or a wrong oracle. Fixture-specific optimization may be harmless if the claim is fixture-specific.","Qualitative conditional reasoning from reviews/governance/scenarios.csv; no runtime observations | Design only: docs/adr/0020-run-telemetry-and-the-evaluation-bench.md decisions 1-5,8-9 and Open items (measurement and trace rules, attribution gap); long-term branch is conditional, not observed.",Independent unseen tasks validate the same claimed capability and scores never replace external checks.
governance,GVT011,S111,Task is queued before root instructions change; compilation time is unspecified.,"Root file changes -> compile reads bytes present when called, not queue-time bytes. Late compilation may apply the new mandate; cached compilation may retain old mandate. Detected inconsistency gives GV02; unrecorded binding gives GV07.",GV02 GV07,Source establishes read-at-compile behavior but not when an eventual daemon invokes it or whether approval binds to a hash.,"Qualitative conditional reasoning from reviews/governance/scenarios.csv; no runtime observations | Source: crates/factory-context/src/lib.rs::compile (current-file reads, unreadable error, no link walk, no model-size limit); long-term branch is conditional, not observed.",Queue and launch are demonstrably bound to one immutable context and permission revision.
governance,GVT012,S112,compile is asked to read an AGENTS source in the explicit chain.,read_to_string fails -> UnreadableSource error and no successful compiled context -> GV03 at the compiler boundary. Restoring readability with valid meaning can allow GV01; callers that bypass compilation invalidate this branch.,GV03 GV01,The unreadable source is actually included in scopes and callers propagate errors rather than reusing stale context.,"Source: crates/factory-context/src/lib.rs::compile (current-file reads, unreadable error, no link walk, no model-size limit) | Qualitative conditional reasoning from reviews/governance/scenarios.csv; no runtime observations; long-term branch is conditional, not observed.",Compilation successfully returns while silently omitting an unreadable included source.
governance,GVT013,S113,Human submits a task prompt containing a secret.,"Raw prompt reaches durable records or compile -> GV19 for retained copies. A provider or unauthorized reader actually receiving it produces GV08. Filtering before persistence could avert both, but instructions alone do not prove such filtering.",GV19 GV08,Compiler includes supplied task text without a secret classifier; durable intake path and recipient authorization determine actual exposure.,"Qualitative conditional reasoning from reviews/governance/scenarios.csv; no runtime observations | Source: crates/factory-context/src/lib.rs::compile (current-file reads, unreadable error, no link walk, no model-size limit) | Design only: docs/adr/0003-logical-api-and-event-sourcing-v1.md sections 7-9 (replay, saga and trusted invocation promises) | Design only: docs/adr/0020-run-telemetry-and-the-evaluation-bench.md decisions 1-5,8-9 and Open items (measurement and trace rules, attribution gap); long-term branch is conditional, not observed.","Intake removes the secret before any persistence or unauthorized transmission, with all copies accounted for."
governance,GVT014,S114,Knowledge notes contain a cyclic link graph.,"Current compile reads only explicit context files and does not walk links -> link cycle adds no traversal, permitting GV01 for otherwise valid work. A separate agent crawler that follows links repeatedly can enter GV10 or GV12.",GV01 GV10 GV12,"The source-supported non-traversal applies only to this compiler, not arbitrary tools or a future knowledge plugin.","Source: crates/factory-context/src/lib.rs::compile (current-file reads, unreadable error, no link walk, no model-size limit) | Qualitative conditional reasoning from reviews/governance/scenarios.csv; no runtime observations; long-term branch is conditional, not observed.","compile itself follows the links, or the claimed task requires a different recursive crawler."
governance,GVT015,S115,Two currently available sources disagree on permission.,No accepted precedence -> GV15 or GV02. Repeated majority citation without independent authority can enter GV05. A binding current authority rule can resolve the conflict and allow GV01.,GV15 GV02 GV05 GV01,The sources may differ in jurisdiction or effective time rather than one simply being false.,"Qualitative conditional reasoning from reviews/governance/scenarios.csv; no runtime observations; long-term branch is conditional, not observed.",A recognized precedence and effective-date rule already yields one uncontested permission.
governance,GVT016,S116,A URL is used as the identity of evidence for earlier work.,Content changes at unchanged URL -> re-fetch cannot prove old bytes -> GV07. Reusing old conclusions as current truth can enter GV05; retained timestamped content may permit GV01 on a properly scoped historical claim.,GV07 GV05 GV01,Mutable address and immutable content identity are different. The scenario does not prove anyone relies on the changed page.,"Qualitative conditional reasoning from reviews/governance/scenarios.csv; no runtime observations; long-term branch is conditional, not observed.",The relevant version was retained with trusted time and provenance and current decisions explicitly select the correct revision.
governance,GVT017,S117,Harness auto-loads native configuration from a repository it will operate in.,"Malicious native config is interpreted -> if it can invoke commands or expand capabilities, GV09 and possibly GV08. Refusal before activation leaves GV02. Factory not writing harness config does not prevent harness reading hostile input.",GV09 GV08 GV02,"Native configuration semantics and harness trust settings are not inspected, so execution is a conditional branch.","Qualitative conditional reasoning from reviews/governance/scenarios.csv; no runtime observations | Source: crates/factory-context/src/lib.rs::compile (current-file reads, unreadable error, no link walk, no model-size limit) | Design only: docs/adr/0007-supervised-plugin-process-protocol-v1.md sections 6-7 and Consequences (transport trust, activation checks, no same-user sandbox); long-term branch is conditional, not observed.",Native configuration is treated as inert text or rejected before any command or privilege change.
governance,GVT018,S118,Shared knowledge writes claim a scope identity.,"Agent submits another scope name -> trusted-binding check can reject to GV02. If store accepts the forged identity, GV28; reuse as authoritative knowledge can enter GV05 and cross-scope readers may cause GV08.",GV02 GV28 GV05 GV08,Actual shared-memory authorization is not established by scope naming; a genuine write is not necessarily disclosure unless readers differ.,"Qualitative conditional reasoning from reviews/governance/scenarios.csv; no runtime observations | Design only: docs/adr/0003-logical-api-and-event-sourcing-v1.md sections 7-9 (replay, saga and trusted invocation promises); long-term branch is conditional, not observed.",Writer identity is independently bound to the session and every attempted foreign-scope write is rejected.
governance,GVT019,S119,Artifacts with visually or canonically equivalent Unicode names coexist or alias.,"Different byte names meet filesystem or renderer normalization -> exact bytes may remain distinct, but ambiguous selection gives GV02 or GV07. If one overwrites the only copy, GV18. Independent identity validation permits GV01.",GV02 GV07 GV18 GV01,"Artifact store normalization, filesystem behavior and collision policy are missing; path identity of scope directories would not settle artifact identity.","Qualitative conditional reasoning from reviews/governance/scenarios.csv; no runtime observations; long-term branch is conditional, not observed.",All consumers preserve and compare one unambiguous canonical artifact identity and refuse collisions.
governance,GVT020,S120,Production context includes sensitive material and telemetry has separate readers or retention.,Full debug copy persists -> GV19; unauthorized telemetry readers actually access it -> GV08. Even authorized debug retention can conflict with later disposition and enter GV17.,GV19 GV08 GV17,"ADR 0020 forbids production full transcripts but is a design rule, not proof of redaction or safe telemetry.","Qualitative conditional reasoning from reviews/governance/scenarios.csv; no runtime observations | Design only: docs/adr/0020-run-telemetry-and-the-evaluation-bench.md decisions 1-5,8-9 and Open items (measurement and trace rules, attribution gap); long-term branch is conditional, not observed.",No sensitive context reaches telemetry and a verified copy inventory shows no retained full-context trace.
governance,GVT021,S121,Plugin runs as the same OS user and can access that users credential facilities.,Out-of-kernel keychain read succeeds as stipulated -> kernel audit cannot establish complete access mediation; unauthorized knowledge gives GV08 and reusable credentials may sustain GV09. Per-item OS access refusal would defeat the success premise.,GV08 GV09,"Same user is not a complete sandbox; keychain ACL, unlock status and recipient authorization still matter to the exact exposure.","Qualitative conditional reasoning from reviews/governance/scenarios.csv; no runtime observations | Design only: docs/adr/0007-supervised-plugin-process-protocol-v1.md sections 6-7 and Consequences (transport trust, activation checks, no same-user sandbox); long-term branch is conditional, not observed.",OS access controls reject the read or the item is inaccessible without a separate unavailable credential.
governance,GVT022,S122,Manifest verification names a binary path before execution.,Attacker swaps binary in the check/use interval -> executing replaced bytes enters GV09. Executing a verified immutable identity instead refuses the substitution and can leave GV02.,GV09 GV02,Manifest validation is promised; binding the bytes checked to bytes executed is not established in inspected source.,"Qualitative conditional reasoning from reviews/governance/scenarios.csv; no runtime observations | Design only: docs/adr/0007-supervised-plugin-process-protocol-v1.md sections 6-7 and Consequences (transport trust, activation checks, no same-user sandbox); long-term branch is conditional, not observed.",The launched image is proven identical to the verified object even when the path changes.
governance,GVT023,S123,Kernel treats transport-supplied principal as trusted invocation context.,Transport lies about authenticated actor -> kernel scope checks on false identity may accept unauthorized command -> GV09 and GV28. Independent binding outside the lying plugin can reject to GV02.,GV09 GV28 GV02,Design assigns peer authentication to transport; domain validation does not independently prove which human spoke.,"Qualitative conditional reasoning from reviews/governance/scenarios.csv; no runtime observations | Design only: docs/adr/0003-logical-api-and-event-sourcing-v1.md sections 7-9 (replay, saga and trusted invocation promises) | Design only: docs/adr/0007-supervised-plugin-process-protocol-v1.md sections 6-7 and Consequences (transport trust, activation checks, no same-user sandbox); long-term branch is conditional, not observed.",Kernel verifies an independent unforgeable principal binding rather than trusting the compromised transports assertion.
governance,GVT024,S124,Agent has OS access to the mutable core database.,"Direct writes bypass domain guards -> SQL constraints may reject some writes, but accepted alterations create GV28. A legitimate writer continuing with conflicting schema or status assumptions may create GV27.",GV28 GV27,Inspected schema is mutable rather than a tamper-proof event log; local connection access is not an OS isolation boundary.,"Qualitative conditional reasoning from reviews/governance/scenarios.csv; no runtime observations | Source: crates/factory-store/src/schema.rs:1-15 and migrations.rs::apply (mutable tables, five SQL migrations, not event replay) | Source: crates/factory-store/src/backup.rs::backup_to and lib.rs::open_at/connection (SQLite snapshot and local connection, not independent custody); long-term branch is conditional, not observed.","Independent OS isolation prevents any agent write, or every attempted alteration fails without changing the database."
governance,GVT025,S125,A new plugin parameter contains SQL or path-injection syntax.,"A string is not yet an exploit. A bound SQL value can remain data; string interpolation or path escape into a writable target can change state. No destination is assigned without the sink, privilege and canonicalization rules.",none,"Missing exact parameter consumer, SQL binding, path resolution, allowed root and attacker write rights.","Qualitative conditional reasoning from reviews/governance/scenarios.csv; no runtime observations | Source: crates/factory-store/src/backup.rs::backup_to and lib.rs::open_at/connection (SQLite snapshot and local connection, not independent custody); long-term branch is conditional, not observed.",Inspecting the actual sink establishes either harmless data handling or a concrete reachable unauthorized write.
governance,GVT026,S126,Operator reads diagnostics through a terminal renderer.,"Escapes alter the display -> if operator trusts rendered text, GV28 and possibly GV02 on discovery. Raw stored bytes can survive, and an inert escaped renderer prevents the deception from governing action.",GV28 GV02,"Rendering and subsequent operator reliance, not merely storage of escapes, cause the diagnostic failure.","Qualitative conditional reasoning from reviews/governance/scenarios.csv; no runtime observations; long-term branch is conditional, not observed.",Display renders control characters inertly and independent raw-byte inspection agrees with all operator conclusions.
governance,GVT027,S127,A stolen capability was revoked after the backup used for restore.,Restore also restores the old trust state -> attacker reuses still-accepted token -> GV43 then GV09. Independent current revocation or expiry validation instead gives GV02.,GV43 GV09 GV02,"Token format, epochs, clock and revocation location are unspecified; a restore-local check cannot know a missing later revocation.","Qualitative conditional reasoning from reviews/governance/scenarios.csv; no runtime observations | Source: crates/factory-recovery/src/restore.rs::reconcile (snapshot-local journal and disconnected leases, not external-world reconciliation) | Design only: docs/adr/0003-logical-api-and-event-sourcing-v1.md sections 7-9 (replay, saga and trusted invocation promises); long-term branch is conditional, not observed.",Acceptance checks an independent current revocation authority and rejects the old token after restore.
governance,GVT028,S128,Installation resolves a familiar integration name through a dependency registry.,Look-alike dependency is selected -> executing it with useful privilege gives GV09 and potentially GV08. Exact retained dependency identity can reject before activation to GV02.,GV09 GV08 GV02,"Name similarity alone is not execution; install scripts, selection and executable trust determine entry.","Qualitative conditional reasoning from reviews/governance/scenarios.csv; no runtime observations | Design only: docs/adr/0007-supervised-plugin-process-protocol-v1.md sections 6-7 and Consequences (transport trust, activation checks, no same-user sandbox); long-term branch is conditional, not observed.",Resolution remains pinned to the authentic immutable dependency and no code from the look-alike is run.
governance,GVT029,S129,"DB, backups and knowledge are writable in one ransomware blast radius.","Encryption removes readability -> GV04 while recovery options are investigated, or GV31 if backups were assumed sufficient. With no known usable copy and key combination, GV48. Independently usable offline copy instead narrows recovery, potentially GV30.",GV04 GV31 GV48 GV30,Encryption is not logically permanent loss merely because no key is currently known; paying or contacting attacker is not authorized or assumed.,"Qualitative conditional reasoning from reviews/governance/scenarios.csv; no runtime observations; long-term branch is conditional, not observed.",An unaffected independently restorable copy and its keys are demonstrated.
governance,GVT030,S130,Delegation to new scopes is legal and the scope set is large but finite.,"Long acyclic chains multiply admitted work -> GV10 at capacity. Finite roots and finite descendants can drain to GV01; GV11 needs a replenishing root or retry mechanism, not merely absence of cycles.",GV10 GV01 GV11,"rule::check prevents revisiting a chain scope, not aggregate fan-out. Fixed finite scopes bound chain depth but not the number of task instances.","Qualitative conditional reasoning from reviews/governance/scenarios.csv; no runtime observations | Source: crates/factory-delegation/src/rule.rs::check and queue.rs::queue_from_session (chain gate, not aggregate work bound); long-term branch is conditional, not observed.","A measured aggregate admission bound keeps total work below service, or the finite tree drains after the burst."
governance,GVT031,S131,Personal data is believed to be retained in an append-only history.,"Deletion request -> determine jurisdiction, applicable exceptions and which payloads are personal -> GV17 pending lawful disposition. Actual deletion of indispensable evidence with no lawful copy can create GV18; continued copies retain GV19.",GV17 GV18 GV19,"Append-only event history is a target design, not the inspected mutable implementation. Neither unconditional deletion nor unconditional retention is inferred as law.","Qualitative conditional reasoning from reviews/governance/scenarios.csv; no runtime observations | Source: crates/factory-store/src/schema.rs:1-15 and migrations.rs::apply (mutable tables, five SQL migrations, not event replay) | Design only: docs/adr/0003-logical-api-and-event-sourcing-v1.md sections 7-9 (replay, saga and trusted invocation promises); long-term branch is conditional, not observed.",Applicable law and actual data layout already allow a compliant deletion with all required proof preserved.
governance,GVT032,S132,Retention is about to remove data newly subject to a court legal hold.,"If hold is recognized before deletion, GV17 under enforced preservation. If deletion wins and no lawful copy remains, GV18. Repeated contradictory jobs can remain a driven dispute, not self-healing convergence.",GV17 GV18,"Race ordering, service of the order and precise data scope decide the branch. Inspected backup library does not implement automatic retention.","Qualitative conditional reasoning from reviews/governance/scenarios.csv; no runtime observations | Source: crates/factory-store/src/backup.rs::backup_to and lib.rs::open_at/connection (SQLite snapshot and local connection, not independent custody); long-term branch is conditional, not observed.",A binding hold is durably recognized before every relevant deletion path and the content remains retrievable.
governance,GVT033,S133,Customer residency requirement excludes the available model provider.,Enforced compliance check stops transmission -> GV20. Continuing sends may produce GV08 and GV17 if recipients or processing are unauthorized; compliant replacement with valid acceptance can yield GV01.,GV20 GV08 GV17 GV01,"Processing location, contractual exceptions and what data was transmitted are required; all cloud use is not assumed unlawful.","Qualitative conditional reasoning from reviews/governance/scenarios.csv; no runtime observations; long-term branch is conditional, not observed.",The actual provider processing path demonstrably satisfies the customers binding residency terms.
governance,GVT034,S134,Original credentials were rotated but older backups retain secret bytes.,Old snapshot remains -> GV19 even if credential authentication now fails. Actual unauthorized reading gives GV08; restore reactivating old credential validity could additionally enter GV43.,GV19 GV08 GV43,Credential validity and information sensitivity differ; rotation need not erase personal data or prevent decryption with a retained key.,"Qualitative conditional reasoning from reviews/governance/scenarios.csv; no runtime observations | Source: crates/factory-store/src/backup.rs::backup_to and lib.rs::open_at/connection (SQLite snapshot and local connection, not independent custody) | Design only: docs/adr/0003-logical-api-and-event-sourcing-v1.md sections 7-9 (replay, saga and trusted invocation promises); long-term branch is conditional, not observed.",Backups contain no sensitive historical material and no restored trust state can revalidate old credentials.
governance,GVT035,S135,A necessary librarys new release has unusable licensing terms.,"Existing lawful release may keep running -> GV25 for maintenance freeze. If continued business requires the new release, GV20 or GV21; lawful compatible substitution can allow GV01.",GV25 GV20 GV21 GV01,The new license is not presumed to revoke rights already granted for older releases; redistribution and dependency necessity need legal review.,"Qualitative conditional reasoning from reviews/governance/scenarios.csv; no runtime observations; long-term branch is conditional, not observed.",Retained license rights and compatible supported versions permit the required use and rebuild.
governance,GVT036,S136,Audit requires the concrete human who authorized one effect.,Actor field alone may identify only a shared role or transport assertion -> GV03 or GV28. Contemporaneous authenticated personal binding and authority evidence can support GV01 for this audit question.,GV03 GV28 GV01,"Design promises authenticated actors, not proof that a shared credential maps uniquely to one physical person or proves intent.","Qualitative conditional reasoning from reviews/governance/scenarios.csv; no runtime observations | Design only: docs/adr/0003-logical-api-and-event-sourcing-v1.md sections 7-9 (replay, saga and trusted invocation promises) | Design only: docs/adr/0007-supervised-plugin-process-protocol-v1.md sections 6-7 and Consequences (transport trust, activation checks, no same-user sandbox); long-term branch is conditional, not observed.","An independently verifiable contemporaneous record binds the exact human, effect, permission scope and approval time."
governance,GVT037,S137,Original device is seized and inspection is demanded.,Custody changes -> GV32; permitted independent copy may continue limited service. Compelled access raises GV17 for scope and lawful handling; actual unauthorized disclosure can produce GV08.,GV32 GV17 GV08,"Legal authority, access terms, encryption and existence of independent lawful copies determine availability and exposure; no evasion is assumed.","Qualitative conditional reasoning from reviews/governance/scenarios.csv; no runtime observations; long-term branch is conditional, not observed.",The custody agreement permits timely full lawful operation with no unauthorized reader.
governance,GVT038,S138,A field formerly treated as ordinary is reclassified as sensitive.,Previously distributed copies now matter -> GV19 and GV17 for disposition. Actual prohibited access under applicable rules can produce GV08; retroactive sensitivity does not prove a past legal breach.,GV19 GV17 GV08,"Need classification effective date, recipient inventory and retention purpose; current restrictions do not imply identical historic law.","Qualitative conditional reasoning from reviews/governance/scenarios.csv; no runtime observations; long-term branch is conditional, not observed.",The field never left an authorized minimal retention boundary and its current treatment already complies.
governance,GVT039,S139,An access request requires lineage through scopes already deleted.,"If lawful lineage remains outside active scope rows, GV01 may answer the request. Missing indispensable lineage without independent source yields GV18; uncertain applicability or completeness leaves GV17 or GV03.",GV01 GV18 GV17 GV03,Deleting a registry entry is not necessarily deleting provenance. Actual schema and retained content determine what can be answered.,"Qualitative conditional reasoning from reviews/governance/scenarios.csv; no runtime observations | Design only: docs/adr/0003-logical-api-and-event-sourcing-v1.md sections 7-9 (replay, saga and trusted invocation promises); long-term branch is conditional, not observed.",An independently verified lawful provenance export spans every deleted scope and answers the request.
governance,GVT040,S140,Operator claims recovery because backup files exist.,"Insurer asks for demonstrated end-to-end recovery -> GV31 until representative proof exists. If tested recovery exceeds objective, GV47; a valid bounded demonstration can close the specific audit task as GV01.",GV31 GV47 GV01,"SQLite integrity and snapshot existence do not demonstrate content, keys, tools, authority or external-effect reconciliation. No drill was executed in this review.","Qualitative conditional reasoning from reviews/governance/scenarios.csv; no runtime observations | Source: crates/factory-recovery/src/restore.rs::reconcile (snapshot-local journal and disconnected leases, not external-world reconciliation) | Source: crates/factory-store/src/backup.rs::backup_to and lib.rs::open_at/connection (SQLite snapshot and local connection, not independent custody) | Design only: docs/adr/0003-logical-api-and-event-sourcing-v1.md sections 7-9 (replay, saga and trusted invocation promises); long-term branch is conditional, not observed.",Independent representative recovery including all required dependencies has already met the claimed objective.
governance,GVT041,S141,Previously profitable inference uses variable-price tokens.,"Hundredfold price change -> GV21 if enforced value or budget checks stop new work. Continuing under old estimates creates GV22 until liabilities are known, then possibly GV21. High-value tasks may still reach GV01.",GV21 GV22 GV01,"The multiplier alone does not imply insolvency; volume, preexisting commitments and enforceable caps determine loss.","Qualitative conditional reasoning from reviews/governance/scenarios.csv; no runtime observations; long-term branch is conditional, not observed.",The task remains profitable at the new actual total cost within a binding budget.
governance,GVT042,S142,Prepaid balance previously bounded exposure.,Provider switches to unknown postpaid terms -> local balance no longer caps liability -> GV22. Refusing new calls pending binding terms gives GV21; local cancellation does not cancel already incurred debt.,GV22 GV21,"Must know contract effective time, provider-side cap and pending usage to bound actual liability.","Qualitative conditional reasoning from reviews/governance/scenarios.csv; no runtime observations; long-term branch is conditional, not observed.",Binding contractual limits and complete metering still cap all accepted requests at a known amount.
governance,GVT043,S143,Legal tasks from a large scope compete for finite slots.,"A finite workload creates GV10 and may drain. If occupancy earns future allocation and voice, capacity advantage reproduces as GV23. Independent fair allocation can permit other work to reach GV01.",GV10 GV23 GV01,Max sessions per agent is not a demonstrated cross-scope fairness rule. Feedback requires endogenous allocation advantage.,"Qualitative conditional reasoning from reviews/governance/scenarios.csv; no runtime observations; long-term branch is conditional, not observed.",Previously starved scopes receive their guaranteed share even while the large scope keeps submitting work.
governance,GVT044,S144,Tasks save less effort than their individual human approvals cost.,"Measured net loss -> rational nonuse enters GV21. If teams are rewarded for throughput instead of net value, they bypass approvals -> GV16. Legitimately eliminating the task is not a system failure.",GV21 GV16,Human attention and opportunity cost count as service cost; batching authority is not presumed valid for every effect.,"Qualitative conditional reasoning from reviews/governance/scenarios.csv; no runtime observations; long-term branch is conditional, not observed.",Measured end-to-end benefit including review and rework exceeds human and machine cost without bypass.
governance,GVT045,S145,Arrival rate increases tenfold but workspaces remain fixed.,"If spare capacity absorbs it, GV01 remains possible. Otherwise continuing arrivals sustain GV10; deadlines expire into GV24. Queue-driven retries can additionally create GV11.",GV01 GV10 GV24 GV11,"Baseline utilization, task service times, arrival duration and retry behavior are unspecified; tenfold does not itself prove overload.","Qualitative conditional reasoning from reviews/governance/scenarios.csv; no runtime observations; long-term branch is conditional, not observed.",Effective service still exceeds admitted load and all finite deadline-bearing work completes on time.
governance,GVT046,S146,A long-running agent already has work and possibly in-flight provider calls.,Budget becomes zero -> an effective spend gate yields GV21 for future spend. Cooperative cancellation may leave work running and liability accumulating as GV22; uncertain delivery can need GV13.,GV21 GV22 GV13,Recorded cancellation is not forcible termination and cannot recall accepted external calls. Budget enforcement was not established in inspected code.,"Qualitative conditional reasoning from reviews/governance/scenarios.csv; no runtime observations | Source: crates/factory-task/src/complete.rs::validate_result and complete_with_result (content/size checks, no artifact existence check) | Source: crates/factory-recovery/src/restore.rs::reconcile (snapshot-local journal and disconnected leases, not external-world reconciliation); long-term branch is conditional, not observed.",Provider and runtime acknowledge a binding stop before any post-cutoff charge or new effect.
governance,GVT047,S147,Customer demands guaranteed real-time answers on a local single host.,"Requirement lacks failure envelope -> GV37. If guarantee includes host outage, a host loss yields GV04 and a missed strict deadline GV24. A narrow bounded offline task might satisfy a separately specified contract.",GV37 GV04 GV24,"Need worst-case computation, external inference latency and whether outage intervals count; local presence alone gives no hard bound.","Qualitative conditional reasoning from reviews/governance/scenarios.csv; no runtime observations; long-term branch is conditional, not observed.",Measured worst-case behavior and the agreed outage model prove all required deadlines can be met.
governance,GVT048,S148,A specialized task has a real expiring market opportunity.,Queue wait crosses the value deadline -> GV24 even if later technically successful. Continuing work may deepen economic loss into GV21; revaluing a changed opportunity constitutes a new task.,GV24 GV21,"Loss concerns the original business objective, not necessarily the truth or reusability of late output.","Qualitative conditional reasoning from reviews/governance/scenarios.csv; no runtime observations; long-term branch is conditional, not observed.",Customer accepts late work with unchanged economic value.
governance,GVT049,S149,Primary service works but external backup fees are no longer affordable.,"Backup service stops -> GV30 while primary and remaining copies work. If no feasible recovery objective remains, GV21 or GV31; data is not yet lost merely because subscription ends.",GV30 GV21 GV31,"Provider deletion timing, retained exports and alternative custody determine recovery diversity; no cancellation was performed.","Qualitative conditional reasoning from reviews/governance/scenarios.csv; no runtime observations; long-term branch is conditional, not observed.",Equivalent independent usable backups remain available without the unaffordable service.
governance,GVT050,S150,Metrics compare runs using incomplete knowledge of final provider charges.,"Unknown invoice makes claimed cost efficiency unsupported -> GV22 and GV07. If scores select more of the falsely cheap path, GV06 can lock in biased comparisons; settled invoices may refute the ranking.",GV22 GV07 GV06,Token counts are not universal prices and objective outcome comparison may remain valid while monetary comparison fails.,"Qualitative conditional reasoning from reviews/governance/scenarios.csv; no runtime observations | Design only: docs/adr/0020-run-telemetry-and-the-evaluation-bench.md decisions 1-5,8-9 and Open items (measurement and trace rules, attribution gap); long-term branch is conditional, not observed.",Complete invoicing with compatible scope and time attribution preserves the claimed cost ranking.
governance,GVT051,S151,Same source is rebuilt with a Rust or platform behavior change.,"Changed runtime semantics -> detected incompatibility leaves GV26. Undetected path or identity changes can create GV28; a retained compatible build gives GV25 while new behavior is investigated, or GV01 after validation.",GV26 GV28 GV25 GV01,Concrete changed behavior and test oracle are unspecified; unchanged code does not imply unchanged executable environment.,"Qualitative conditional reasoning from reviews/governance/scenarios.csv; no runtime observations; long-term branch is conditional, not observed.",Representative platform contract tests show invariant behavior for every dependency actually exercised.
governance,GVT052,S152,Target event-sourced release has historic event payloads needing interpretation.,Release omits necessary upcaster -> fail-at-cursor design would produce GV26. Silently skipping old payloads instead creates GV28. No current event-replay implementation is established by the inspected SQL migrations.,GV26 GV28,An upcaster is necessary only when required historical payloads are incompatible; additive backward-compatible events may need none.,"Qualitative conditional reasoning from reviews/governance/scenarios.csv; no runtime observations | Source: crates/factory-store/src/schema.rs:1-15 and migrations.rs::apply (mutable tables, five SQL migrations, not event replay) | Design only: docs/adr/0003-logical-api-and-event-sourcing-v1.md sections 7-9 (replay, saga and trusted invocation promises); long-term branch is conditional, not observed.",All existing payload versions are demonstrably accepted with identical meaning by the new reader.
governance,GVT053,S153,Python and Rust processes point at the same table names with incompatible schema expectations.,One rejects incompatible schema -> GV26. Both keep accepted mutations -> GV27 and potentially GV28. Independent databases do not enter this shared-table scenario.,GV26 GV27 GV28,"SQL transactions serialize bytes within one database, not incompatible semantic interpretations or effects outside it.","Qualitative conditional reasoning from reviews/governance/scenarios.csv; no runtime observations | Source: crates/factory-store/src/schema.rs:1-15 and migrations.rs::apply (mutable tables, five SQL migrations, not event replay) | Source: crates/factory-store/src/backup.rs::backup_to and lib.rs::open_at/connection (SQLite snapshot and local connection, not independent custody); long-term branch is conditional, not observed.",Deployment ensures nonoverlapping stores or only one compatible writer can mutate the table.
governance,GVT054,S154,A newer binary has already migrated stored schema before binary rollback.,"Old reader meets new schema -> refusal gives GV26. If it accepts but misinterprets data, GV28. Restoring an old DB instead can enter GV43 because post-snapshot real effects remain.",GV26 GV28 GV43,Forward-only migration list does not prove historical binary behavior. The old release and data shapes must be tested offline.,"Qualitative conditional reasoning from reviews/governance/scenarios.csv; no runtime observations | Source: crates/factory-store/src/schema.rs:1-15 and migrations.rs::apply (mutable tables, five SQL migrations, not event replay) | Source: crates/factory-recovery/src/restore.rs::reconcile (snapshot-local journal and disconnected leases, not external-world reconciliation); long-term branch is conditional, not observed.","The exact old binary is read/write compatible with migrated state, or a verified reversible migration preserves all current evidence."
governance,GVT055,S155,Required package version disappears from its download location after maintainer transition.,Existing installation may work as GV25 while rebuild is impossible. An authentic retained compatible package can permit GV01; absence of every usable runtime gives GV04.,GV25 GV01 GV04,"Download availability, installed runtime, source buildability and legal redistribution rights are separate variables.","Qualitative conditional reasoning from reviews/governance/scenarios.csv; no runtime observations; long-term branch is conditional, not observed.",An independently authentic retained package and full dependency chain can rebuild on replacement hardware.
governance,GVT056,S156,A publication workflow should export only project history.,"Wrong company-root export before transmission can be halted at GV02. If actually published to unauthorized recipients, GV08 regardless of later deletion; retained unauthorized release copies remain GV19.",GV02 GV08 GV19,README documents the subtree boundary but a documented command is not proof of every publisher invoking it correctly. No publication occurred here.,"Qualitative conditional reasoning from reviews/governance/scenarios.csv; no runtime observations | Documentation: README.md Building/Layout and publication boundary; not proof of deployed functionality; long-term branch is conditional, not observed.",The published object graph contains only authorized project content and no recipient obtained company-root data.
governance,GVT057,S157,Tests deliberately bless an unsafe fallback when identity is missing.,"Green tests reward the fallback -> if taken as safety proof, GV06; executing under invented identity can produce GV28 or GV09. A separate identity contract can reject the behavior and lead to GV02.",GV06 GV28 GV09 GV02,The scenario stipulates a wrong oracle; no particular current missing-ID implementation is accused without inspection.,"Qualitative conditional reasoning from reviews/governance/scenarios.csv; no runtime observations; long-term branch is conditional, not observed.",Independent identity requirements reject the fallback despite the test suite remaining green.
governance,GVT058,S158,README and ADR describe behavior inconsistent with current library schema.,"Operator follows stale assumptions -> GV07 for uncertain contract or GV26 when commands reject mismatched data. If documentation is repeatedly cited over contrary source, GV05. Explicit version-specific interpretation can permit GV01.",GV07 GV26 GV05 GV01,"Observed example: README says later slices absent, while task/delegation/recovery crates and schema migrations 1-5 exist. This supports documentation lag, not every alleged schema contradiction.","Qualitative conditional reasoning from reviews/governance/scenarios.csv; no runtime observations | Documentation: README.md Building/Layout and publication boundary; not proof of deployed functionality | Source: crates/factory-store/src/schema.rs:1-15 and migrations.rs::apply (mutable tables, five SQL migrations, not event replay); long-term branch is conditional, not observed.",Documentation tied to the deployed version matches executable schema and operators use that versioned contract.
governance,GVT059,S159,Updater starts plugin before checking manifest and executable identity.,"Activation-before-verification executes untrusted bytes -> GV09 if malicious, potentially GV08. Later failed verification does not undo effects. If bytes are benign and compatible, GV01 remains possible without proving the update path safe.",GV09 GV08 GV01,This violates the design ordering but is not an observed updater implementation in the inspected libraries.,"Qualitative conditional reasoning from reviews/governance/scenarios.csv; no runtime observations | Design only: docs/adr/0007-supervised-plugin-process-protocol-v1.md sections 6-7 and Consequences (transport trust, activation checks, no same-user sandbox); long-term branch is conditional, not observed.",No plugin code or install hook runs until actual executable identity and manifest checks succeed.
governance,GVT060,S160,Architecture team solves each coordination problem with another kernel service.,"New interfaces create new integration problems -> further service creation -> GV29 if incentive and decision pattern persist. If additions consolidate and reduce total coupling, bounded successful change can reach GV01.",GV29 GV01,Service count alone is not coupling or a demonstrated feedback loop; ownership and removal decisions determine persistence.,"Qualitative conditional reasoning from reviews/governance/scenarios.csv; no runtime observations; long-term branch is conditional, not observed.",Longitudinal decisions show incidents decrease total coupling and allow services to be removed.
governance,GVT061,S161,Only the founder is recognized as approval authority for necessary effects.,Permanent incapacity -> GV14 even if all credentials and data remain. Recognized succession can produce GV33; informal impersonation instead enters GV16 or GV28.,GV14 GV33 GV16 GV28,Ability to authenticate is distinct from legal or organizational authority; succession provisions are unspecified.,"Qualitative conditional reasoning from reviews/governance/scenarios.csv; no runtime observations; long-term branch is conditional, not observed.",A valid competent alternate already has the necessary authority and can exercise it.
governance,GVT062,S162,Two executives issue incompatible directions for the same effect.,Without binding precedence -> GV15. Implementing both independently may yield GV27 or GV38 for irreversible duplicate effects. An accepted authority determination can permit GV33 for future work.,GV15 GV27 GV38 GV33,"Legitimate titles do not settle quorum, delegation, timing or scope; last instruction arrival is not automatically valid precedence.","Qualitative conditional reasoning from reviews/governance/scenarios.csv; no runtime observations; long-term branch is conditional, not observed.",A mutually recognized governance rule chooses one instruction before any conflicting execution.
governance,GVT063,S163,Company sale removes former staff rights while in-flight work and old sessions exist.,Current credentials and role authority are actually rebound -> GV33. Unreconciled old grants can create GV43 and GV09; unresolved ownership of specific effects leaves GV15.,GV33 GV43 GV09 GV15,Rights changing on paper and revocation reaching every session or restore are different events; historic authorship should not be relabeled.,"Qualitative conditional reasoning from reviews/governance/scenarios.csv; no runtime observations; long-term branch is conditional, not observed.",All old credentials and delegated capabilities are unusable and each pending effect has valid current authority.
governance,GVT064,S164,Project separates legally and cannot take parent company context.,Old root-to-leaf context is no longer permitted -> GV34. Blindly preserving it can create GV08 and GV17. Independently sufficient lawful project context permits GV01.,GV34 GV08 GV17 GV01,"Compiler concatenation establishes what it reads, not the legal transferability of those bytes. Not all company instructions are necessarily needed.","Qualitative conditional reasoning from reviews/governance/scenarios.csv; no runtime observations | Source: crates/factory-context/src/lib.rs::compile (current-file reads, unreadable error, no link walk, no model-size limit); long-term branch is conditional, not observed.",All required inputs are already permitted standalone project material and no prohibited context is included.
governance,GVT065,S165,Security owner and product owner disagree on resuming uncertain risky work.,Risk decision has no accepted precedence -> GV15 and GV02; missing external outcome can separately sustain GV13. Bypass under delivery pressure may normalize into GV16 rather than resolving the risk.,GV15 GV02 GV13 GV16,Both authority over risk and knowledge of prior effects are necessary; either can remain absent after the other is resolved.,"Qualitative conditional reasoning from reviews/governance/scenarios.csv; no runtime observations | Source: crates/factory-recovery/src/restore.rs::reconcile (snapshot-local journal and disconnected leases, not external-world reconciliation) | Design only: docs/adr/0003-logical-api-and-event-sourcing-v1.md sections 7-9 (replay, saga and trusted invocation promises); long-term branch is conditional, not observed.",A recognized risk authority resolves the conflict and independent participant evidence settles the old operation.
governance,GVT066,S166,Service supplier replaces agents and observation instruments wholesale.,Old/new friction fields no longer have common semantics -> GV35 and GV07. Independently verified outcome dimensions may still support GV01; same-model regrading can instead enter GV06.,GV35 GV07 GV01 GV06,Agent replacement does not necessarily break output contracts; incomparable observation fields are not zero-valued measurements.,"Qualitative conditional reasoning from reviews/governance/scenarios.csv; no runtime observations | Design only: docs/adr/0020-run-telemetry-and-the-evaluation-bench.md decisions 1-5,8-9 and Open items (measurement and trace rules, attribution gap); long-term branch is conditional, not observed.",Calibration demonstrates the compared quantities are invariant across the exact old and new instruments.
governance,GVT067,S167,Teams are evaluated on minimizing blocked runs.,Unblocking by avoiding permission increases scores -> rewards and normalization -> GV16 and GV06. Independently penalized unauthorized effects can reverse this rather than the metric determining destiny.,GV16 GV06,Need actual ability to bypass and reward asymmetry. Legitimately eliminating unnecessary blocks is a competing beneficial interpretation.,"Qualitative conditional reasoning from reviews/governance/scenarios.csv; no runtime observations; long-term branch is conditional, not observed.","Lower blocked counts reflect only valid simplification, and independently audited approval compliance remains unchanged."
governance,GVT068,S168,Shared machine is overloaded and a scope owner refuses budget disclosure.,"Capacity shortage sustains GV10; if nondisclosure also prevents binding cost attribution, GV22. If occupancy buys political influence that preserves opaque allocation, GV23; accepted independent accounting can break the feedback.",GV10 GV22 GV23,Privacy or contractual confidentiality may justify nondisclosure; neither resource use nor fair entitlement can be inferred from budget secrecy alone.,"Qualitative conditional reasoning from reviews/governance/scenarios.csv; no runtime observations; long-term branch is conditional, not observed.",Independent admissible resource accounting permits accepted allocation without exposing the owners confidential budget.
governance,GVT069,S169,Organization wants an uncomfortable audit fact rewritten.,"Refusal preserves the recorded fact but can leave GV15 over authority. Actual undetectable rewrite enters GV28; if favorable rewritten history justifies more rewriting, GV16 or GV05 may follow.",GV15 GV28 GV16 GV05,Design append-only promises and mutable local implementation differ. A correction appended with provenance is not equivalent to concealed rewriting.,"Qualitative conditional reasoning from reviews/governance/scenarios.csv; no runtime observations | Source: crates/factory-store/src/schema.rs:1-15 and migrations.rs::apply (mutable tables, five SQL migrations, not event replay) | Design only: docs/adr/0003-logical-api-and-event-sourcing-v1.md sections 7-9 (replay, saga and trusted invocation promises); long-term branch is conditional, not observed.",Original fact remains independently provable and any correction is visibly attributable without destroying it.
governance,GVT070,S170,Partner shuts down while older operation outcomes require confirmation.,No partner witness -> GV03 and possibly GV13 for potentially delivered work. Retained independent receipts can permit GV01. Blind reissue may cause GV38 if the first action actually happened.,GV03 GV13 GV01 GV38,"Partner absence removes one witness, not necessarily all evidence; timeouts do not establish failure.","Qualitative conditional reasoning from reviews/governance/scenarios.csv; no runtime observations | Source: crates/factory-recovery/src/restore.rs::reconcile (snapshot-local journal and disconnected leases, not external-world reconciliation) | Design only: docs/adr/0003-logical-api-and-event-sourcing-v1.md sections 7-9 (replay, saga and trusted invocation promises); long-term branch is conditional, not observed.",Independent signed receipts or actual world evidence conclusively settle each prior operation.
governance,GVT071,S171,Each of one thousand newly activated scopes starts a plugin process.,"Aggregate resident cost exceeds host limits -> GV10 or GV04 for indispensable components. If process resources remain within headroom, GV01 is possible; an endless spawn/restart loop requires an additional restart policy.",GV10 GV04 GV01,"Per-scope explicit activation bounds dependencies semantically, not aggregate resource use. Actual process footprint and sharing are missing.","Qualitative conditional reasoning from reviews/governance/scenarios.csv; no runtime observations | Design only: docs/adr/0007-supervised-plugin-process-protocol-v1.md sections 6-7 and Consequences (transport trust, activation checks, no same-user sandbox); long-term branch is conditional, not observed.",Measured concurrent footprint and startup demand fit host limits with required daemon headroom.
governance,GVT072,S172,Two mutually confidential customers run under one effective OS user.,"Application scopes alone cannot prove isolation -> GV37. If shared-user access actually reads the other customers data, GV08; declining co-location under the contract leaves GV20.",GV37 GV08 GV20,"Same UID is a trust-boundary warning, not proof of a particular leak. OS sandbox and key access restrictions could provide additional boundaries.","Qualitative conditional reasoning from reviews/governance/scenarios.csv; no runtime observations | Design only: docs/adr/0007-supervised-plugin-process-protocol-v1.md sections 6-7 and Consequences (transport trust, activation checks, no same-user sandbox) | Source: crates/factory-store/src/backup.rs::backup_to and lib.rs::open_at/connection (SQLite snapshot and local connection, not independent custody); long-term branch is conditional, not observed.",An independently demonstrated isolation boundary prevents both customers agents from accessing each others data under the stated threat model.
governance,GVT073,S173,Remote workers on foreign hardware remain offline for days.,"Local work advances without current revocation or object versions -> GV36. On reconnect, obsolete grants can become GV43 or incompatible effects GV27. If work stayed inert and self-contained, verified acceptance may yield GV01.",GV36 GV43 GV27 GV01,"Need what work may execute offline, who controls hardware, and whether credentials or sensitive data can be inspected by that owner.","Qualitative conditional reasoning from reviews/governance/scenarios.csv; no runtime observations | Design only: docs/adr/0003-logical-api-and-event-sourcing-v1.md sections 7-9 (replay, saga and trusted invocation promises); long-term branch is conditional, not observed.",Offline effects require no changeable external authority and reconnect verifies every current precondition before any new effect.
governance,GVT074,S174,Product is required to work on a smartphone without a continuously running daemon.,"No operational meaning of work is specified: remote client, intermittent local inspection and autonomous background mutation impose different contracts. A durable regime cannot be selected from the form-factor demand alone.",none,"Missing offline functionality, OS suspension rules, permissible remote daemon, latency and background-effect requirements.","Qualitative conditional reasoning from reviews/governance/scenarios.csv; no runtime observations; long-term branch is conditional, not observed.",A precise acceptance contract and lifecycle trace establish which operations must survive suspension.
governance,GVT075,S175,Company requests active-active automatic failover between cities.,Demand alone does not choose consistency or partition policy. Independent writers could diverge; fenced ownership could suspend one city. Neither branch is assigned as the actual destination without a failure and contract model.,none,"Missing partition behavior, permissible unavailability, global effect ownership, quorum placement, latency bounds and authority to fail over.","Qualitative conditional reasoning from reviews/governance/scenarios.csv; no runtime observations | Design only: docs/adr/0003-logical-api-and-event-sourcing-v1.md sections 7-9 (replay, saga and trusted invocation promises); long-term branch is conditional, not observed.",A specified partition trace with fencing and external participant semantics determines a unique accepted execution history.
governance,GVT076,S176,Robot plugin must execute an irreversible motion within milliseconds.,"Requirement exceeds established kernel timing claim -> GV37. Refusal to act under unverified safety assumptions gives GV20. Once motion actually occurs, GV38 even if authorized and harmless; severity requires physical dynamics.",GV37 GV20 GV38,"No control-loop period, plant state, safety interlock or worst-case delay is supplied. Approval before motion is not a real-time safety proof.","Qualitative conditional reasoning from reviews/governance/scenarios.csv; no runtime observations | Design only: docs/adr/0003-logical-api-and-event-sourcing-v1.md sections 7-9 (replay, saga and trusted invocation promises); long-term branch is conditional, not observed.",A separately validated controller and safety boundary meet the exact deadline and physical hazard envelope.
governance,GVT077,S177,Regulated evidence must resist a hostile root administrator.,"Local append-only policy or file permission cannot prove this threat boundary -> GV37. If root alters records without independent anchor, GV28; independent custody evidence may settle particular facts as GV01.",GV37 GV28 GV01,Root can control local files and code under the stated model; whether an independent trust anchor exists is unspecified.,"Qualitative conditional reasoning from reviews/governance/scenarios.csv; no runtime observations | Source: crates/factory-store/src/schema.rs:1-15 and migrations.rs::apply (mutable tables, five SQL migrations, not event replay) | Source: crates/factory-store/src/backup.rs::backup_to and lib.rs::open_at/connection (SQLite snapshot and local connection, not independent custody) | Design only: docs/adr/0003-logical-api-and-event-sourcing-v1.md sections 7-9 (replay, saga and trusted invocation promises) | Design only: docs/adr/0007-supervised-plugin-process-protocol-v1.md sections 6-7 and Consequences (transport trust, activation checks, no same-user sandbox); long-term branch is conditional, not observed.",An external independently controlled evidence chain demonstrates detection of all relevant root-admin tampering.
governance,GVT078,S178,Decades of required events are still available but full replay exceeds RTO.,"Correct finite replay finishes too late -> GV47 and possibly GV24. A validated snapshot plus complete tail might meet the objective; unreadable historic payload instead gives GV26, which is a different mechanism.",GV47 GV24 GV26,"Event replay is target design. Snapshot existence alone does not show bounded validation, tail processing or content retrieval time.","Qualitative conditional reasoning from reviews/governance/scenarios.csv; no runtime observations | Design only: docs/adr/0003-logical-api-and-event-sourcing-v1.md sections 7-9 (replay, saga and trusted invocation promises) | Source: crates/factory-store/src/schema.rs:1-15 and migrations.rs::apply (mutable tables, five SQL migrations, not event replay); long-term branch is conditional, not observed.",Representative complete reconstruction with required content and verification meets the RTO on replacement hardware.
governance,GVT079,S179,Customer requests complete export and shutdown of every Factory service.,Independent recipient can read all required lawful material and all instances cease -> GV46. Missing content or nonportable meaning yields GV31 or GV34. Retained remote copies can still leave GV19; stopping services is not universal erasure.,GV46 GV31 GV34 GV19,"Completeness includes interpretation, scope lineage and required artifacts, not just a SQL dump; export and legal deletion are separate requests.","Qualitative conditional reasoning from reviews/governance/scenarios.csv; no runtime observations | Design only: docs/adr/0003-logical-api-and-event-sourcing-v1.md sections 7-9 (replay, saga and trusted invocation promises); long-term branch is conditional, not observed.",Recipient needs a live Factory service or discovers an essential missing object after claimed shutdown.
governance,GVT080,S180,Plugin startup graph contains a cycle.,"If each edge is a strict fully-ready prerequisite, no member starts -> GV45. Lazy or optional binding breaks the wait and allows GV01. Startup retries can additionally produce GV10 if they consume resources without progress.",GV45 GV01 GV10,A graph cycle alone is insufficient for deadlock; readiness semantics and independent bootstrap determine entry.,"Qualitative conditional reasoning from reviews/governance/scenarios.csv; no runtime observations | Design only: docs/adr/0007-supervised-plugin-process-protocol-v1.md sections 6-7 and Consequences (transport trust, activation checks, no same-user sandbox); long-term branch is conditional, not observed.",One cycle member reaches readiness without another and every remaining prerequisite then becomes satisfiable.
governance,GVT081,S181,A solar storm destroys electronics in several backup regions.,"Loss of affected service -> GV04. Unaffected independent recoverable media leave GV30; if destruction covers every known usable content source, GV48. Several regions is not stipulated to mean every trace and memory.",GV04 GV30 GV48,"Need geography, media exposure, keys and replacement tool availability. Correlation weakens the inference from copy count to independence.","Qualitative conditional reasoning from reviews/governance/scenarios.csv; no runtime observations; long-term branch is conditional, not observed.",A geographically and physically unaffected copy with accessible keys is actually recoverable.
governance,GVT082,S182,"A Mac wakes in 2046 with historical schedules, certificates and providers.",Old local state cannot establish current authority -> GV36. Obsolete provider/toolchain gives GV25 or GV04; indiscriminate catch-up creates GV10 or stale effects GV43. Historical schedule entries are not fresh authorization.,GV36 GV25 GV04 GV10 GV43,"Clock correctness, missed-occurrence policy and surviving legal entity are unknown; normal chronological processing need not be meaningful after decades.","Qualitative conditional reasoning from reviews/governance/scenarios.csv; no runtime observations | Source: crates/factory-recovery/src/restore.rs::reconcile (snapshot-local journal and disconnected leases, not external-world reconciliation) | Design only: docs/adr/0003-logical-api-and-event-sourcing-v1.md sections 7-9 (replay, saga and trusted invocation promises); long-term branch is conditional, not observed.","All dependencies, current permissions and schedule intent are independently revalidated before any expired work executes."
governance,GVT083,S183,Task text survives twenty years but its business abbreviations no longer have interpreters.,Bytes remain readable while intent becomes GV39. A surviving independent glossary can recover meaning and permit GV01; plausible model expansion without validation may enter GV05.,GV39 GV01 GV05,Natural-language fluency is not proof of original business meaning; missing tacit context may be unrecoverable even with intact encodings.,"Qualitative conditional reasoning from reviews/governance/scenarios.csv; no runtime observations; long-term branch is conditional, not observed.",Independent contemporaneous records let multiple readers recover and validate the same business intent.
governance,GVT084,S184,All available model and human reviewers share one convincing false belief.,"Mutual agreement reuses the same error -> GV05 if belief steers evidence selection. Independent physical or logical observation may still refute it; without any accepted independent criterion, justified correction remains GV03 rather than automatic convergence.",GV05 GV03,"Universal reviewer agreement is stipulated, not universal failure of all experiments. No meta-reviewer outside the premise is invented.","Qualitative conditional reasoning from reviews/governance/scenarios.csv; no runtime observations; long-term branch is conditional, not observed.",A non-reviewer-dependent observation contradicts the claim and the review community accepts it as authoritative.
governance,GVT085,S185,Technically identical clones receive contradictory but legitimate world states.,Identical internal state cannot identify which external statement governs. Both may be valid in different jurisdictions or times; a common authority might instead make them conflicting branches. No common destination is asserted.,none,"Missing meaning of legitimate, common object identity, effective time, jurisdiction and whether clones must converge at all.","Qualitative conditional reasoning from reviews/governance/scenarios.csv; no runtime observations; long-term branch is conditional, not observed.",An accepted namespace and authority model determines whether the two states are independent truths or a resolvable conflict.
governance,GVT086,S186,New law is said to require immediate deletion of all business data and eternal provability.,"If proof requires retaining the very data that must cease to exist, simultaneous full satisfaction is impossible. If permitted nonpersonal proof or legal exceptions exist, the requirements differ. No legally justified state is invented.",none,"Missing jurisdiction, precise data and proof definitions, exception rules and authoritative precedence; literal mutually exclusive obligations have no joint technical solution.","Qualitative conditional reasoning from reviews/governance/scenarios.csv; no runtime observations | Design only: docs/adr/0003-logical-api-and-event-sourcing-v1.md sections 7-9 (replay, saga and trusted invocation promises); long-term branch is conditional, not observed.",A competent binding interpretation permits a proof representation that does not retain any prohibited data.
governance,GVT087,S187,Energy will be available only five minutes each month.,"If boot plus checkpointable useful work fits, GV40. If recovery alone exceeds each window without persistent progress, GV04 or GV47. Continuous-service deadlines necessarily yield GV24 under that duty cycle.",GV40 GV04 GV47 GV24,"Energy availability does not specify energy quantity, startup time, durable checkpoints or useful task granularity.","Qualitative conditional reasoning from reviews/governance/scenarios.csv; no runtime observations; long-term branch is conditional, not observed.","Measured boot and recovery consume every window, refuting useful intermittent operation, or independent energy removes the cycle."
governance,GVT088,S188,Every cryptographic primitive currently used is practically broken.,Old assurance basis is withdrawn -> GV41. Actual decryption of retained copies yields GV08; actual forgery yields GV28. A future new primitive cannot prove that historical ciphertext was never read.,GV41 GV08 GV28,Practical breaks undermine capability claims but do not themselves prove an attacker used them; independent physical provenance may survive.,"Qualitative conditional reasoning from reviews/governance/scenarios.csv; no runtime observations; long-term branch is conditional, not observed.",A trust source not dependent on the broken primitives independently proves the particular historical claim and controls new access.
governance,GVT089,S189,Two legal successors each claim all old approval rights.,Shared inherited credentials cannot resolve the legal claim -> GV15. Valid recognized partition or adjudication can yield GV33; both executing disputed effects may create GV27 or GV38.,GV15 GV33 GV27 GV38,Legal succession and credential possession are separate. No arrival-order or majority rule is presumed to settle ownership.,"Qualitative conditional reasoning from reviews/governance/scenarios.csv; no runtime observations; long-term branch is conditional, not observed.",Binding accepted succession instruments assign each concrete permission unambiguously before execution.
governance,GVT090,S190,"Every device, backup, key and memory of the system vanishes.",The premise removes every source of system-specific information -> GV42. A later unrelated new system is not recovery and cannot verify identity with the vanished one.,GV42,"Total loss is conditional on the stated complete information boundary, including no external reconstructive trace. This is logical loss, not an empirical attractor.","Qualitative conditional reasoning from reviews/governance/scenarios.csv; no runtime observations; long-term branch is conditional, not observed.",Any independently usable trace or memory can reconstruct a system-specific fact.
governance,GVT091,S191,Old backup predates a revocation and a queued action that was subsequently executed.,"Restore sees queued-with-no-attempt in its own past -> source reconcile leaves it queued, enabling GV43 if trusted as fresh. A snapshot that contains an attempt yields GV13 instead. Reissuing a real nonidempotent effect can cause GV38.",GV43 GV13 GV38,Snapshot-local absence of an attempt is not global proof of never executed. External revocation and participant outcome checks are not provided by reconcile.,"Qualitative conditional reasoning from reviews/governance/scenarios.csv; no runtime observations | Source: crates/factory-recovery/src/restore.rs::reconcile (snapshot-local journal and disconnected leases, not external-world reconciliation) | Design only: docs/adr/0003-logical-api-and-event-sourcing-v1.md sections 7-9 (replay, saga and trusted invocation promises); long-term branch is conditional, not observed.",Independent current revocation or participant ledger refuses execution before the stale queued action is sent.
governance,GVT092,S192,Plugin-generated data fills SSD while an urgent revocation arrives.,Full storage causes GV10 and may prevent durable revocation. Acknowledged-but-uncommitted revocation can leave GV43; already accepted irreversible work can create GV38. Effective stop independent of new durable writes could preserve GV02.,GV10 GV43 GV38 GV02,"Need write-failure handling, acknowledgement semantics, current in-flight effects and whether stopping needs disk. Flood plus timing alone does not prove the revocation was lost.","Qualitative conditional reasoning from reviews/governance/scenarios.csv; no runtime observations; long-term branch is conditional, not observed.","Revocation becomes effective before any affected action despite the storage exhaustion, and acknowledgements match durable state."
governance,GVT093,S193,"Herdr becomes unavailable, leases remain, sole operator dies, and compute budget runs out.",Unobserved sessions and uncertain work -> GV13; no recognized resolver -> GV14. Budget exhaustion yields GV21 or GV04 rather than freeing legitimate authority. A successor plus independent outcome evidence is needed to exit both holds.,GV13 GV14 GV21 GV04,Restoring runtime alone does not resolve authority or budget. Releasing leases without evidence could enable conflicts rather than recovery.,"Qualitative conditional reasoning from reviews/governance/scenarios.csv; no runtime observations | Source: crates/factory-recovery/src/restore.rs::reconcile (snapshot-local journal and disconnected leases, not external-world reconciliation); long-term branch is conditional, not observed.",A recognized alternate can obtain authoritative process outcomes and fund or terminate the work without relying on the deceased operator.
governance,GVT094,S194,Restore manifest lists content but the only content copy must be deleted by court order.,"Pending legal interpretation or timing -> GV17 and GV31. Once lawful deletion removes indispensable sole content, GV18. A hash-bearing manifest cannot reconstruct it; claiming full replay would create GV28.",GV17 GV31 GV18 GV28,Need whether content is actually required by reducers and whether the order allows a lawful retained representation. No unauthorized preservation is assumed.,"Qualitative conditional reasoning from reviews/governance/scenarios.csv; no runtime observations | Design only: docs/adr/0003-logical-api-and-event-sourcing-v1.md sections 7-9 (replay, saga and trusted invocation promises) | Source: crates/factory-store/src/backup.rs::backup_to and lib.rs::open_at/connection (SQLite snapshot and local connection, not independent custody); long-term branch is conditional, not observed.",Required replay meaning is recoverable from a lawful independent representation not covered by deletion.
governance,GVT095,S195,Provider migration changes output format and same model family checks its own error.,Mechanical consumer may reject format -> GV02. Shared verifier accepts wrong semantics -> GV05 if reused and GV06 if evaluation selects the new provider on misleading scores; lost attribution gives GV07.,GV02 GV05 GV06 GV07,"Syntactic acceptance, semantic correctness and independent verification are separate. A format change alone need not produce wrong business meaning.","Qualitative conditional reasoning from reviews/governance/scenarios.csv; no runtime observations | Design only: docs/adr/0020-run-telemetry-and-the-evaluation-bench.md decisions 1-5,8-9 and Open items (measurement and trace rules, attribution gap); long-term branch is conditional, not observed.",Independent schema and semantic gates reject the exact migration error even while the same-model reviewer endorses it.
governance,GVT096,S196,Two scope agents generate tasks while cron imports months of missed work.,"Finite catch-up wave plus legal branching -> GV10. Same lineage cannot revisit a scope under rule::check; GV11 requires fresh roots, repeated schedules or retry-generated work beyond that bound. Finite bounded admissions can drain to GV01; obsolete jobs give GV24.",GV10 GV11 GV01 GV24,"Cron catch-up policy is not inspected or assumed implemented. Two-agent same-chain ping-pong is a counterexample excluded by current delegation gate, not proof of bounded total task count.","Qualitative conditional reasoning from reviews/governance/scenarios.csv; no runtime observations | Source: crates/factory-delegation/src/rule.rs::check and queue.rs::queue_from_session (chain gate, not aggregate work bound); long-term branch is conditional, not observed.","Every root and descendant is finite, retries preserve one identity, and completions strictly shrink the remaining work after catch-up ends."
governance,GVT097,S197,A compensation meets a human-modified object while its plugin is upgraded.,"Version-bound inverse refuses changed precondition -> GV44. If new implementation ignores version or changes compensation meaning, an overwrite can yield GV38 and GV28. Accepted new mitigation is not proof of original rollback.",GV44 GV38 GV28,"Forward object version, human edit, retained compensation schema and actual executed plugin identity must all be known; design promises are not verified runtime behavior.","Qualitative conditional reasoning from reviews/governance/scenarios.csv; no runtime observations | Design only: docs/adr/0003-logical-api-and-event-sourcing-v1.md sections 7-9 (replay, saga and trusted invocation promises) | Design only: docs/adr/0007-supervised-plugin-process-protocol-v1.md sections 6-7 and Consequences (transport trust, activation checks, no same-user sandbox); long-term branch is conditional, not observed.",A version-pinned conditional inverse preserves the intervening human edit and uses the exact originally validated compensation semantics.
governance,GVT098,S198,Migration cutover stops midway and a backup clone starts legacy dispatch concurrently.,Same-store incompatible reader may refuse into GV26; independent clone can bypass the local lock and become GV27. Stale clone queue enters GV43; duplicate irreversible effect yields GV38 even if each local DB is internally consistent.,GV26 GV27 GV43 GV38,Database transaction atomicity does not fence an independent host or participant. Need writer ownership and participant identities across cutover.,"Qualitative conditional reasoning from reviews/governance/scenarios.csv; no runtime observations | Source: crates/factory-recovery/src/restore.rs::reconcile (snapshot-local journal and disconnected leases, not external-world reconciliation) | Source: crates/factory-store/src/schema.rs:1-15 and migrations.rs::apply (mutable tables, five SQL migrations, not event replay) | Design only: docs/adr/0003-logical-api-and-event-sourcing-v1.md sections 7-9 (replay, saga and trusted invocation promises); long-term branch is conditional, not observed.",Legacy dispatcher is independently fenced before dispatch and each participant rejects duplicate operation identities.
governance,GVT099,S199,"Primary device is lost, backup key is lost and vendor is insolvent.","Backup bytes alone cannot supply key or runnable tools -> GV31 and GV25 during assessment. If no known usable plaintext, key or decoder remains, GV48; a retained lawful complete toolchain with another usable copy can restore the missing capability. Ciphertext and memories are not total absence.",GV31 GV25 GV48,Vendor insolvency alone does not make open or retained software unusable. Lost indispensable encryption key differs from merely unavailable downloads.,"Qualitative conditional reasoning from reviews/governance/scenarios.csv; no runtime observations; long-term branch is conditional, not observed.",A demonstrably usable independent copy and lawful decoder/toolchain exist without the lost key or vendor.
governance,GVT100,S200,Incident report equates every marked matrix cell with full resilience and stops real tests.,Unsupported coverage claim -> GV31. Stopping tests removes adverse evidence; favorable paperwork is reused to justify no tests -> GV06 and potentially GV05. Reinstated independent tests could instead expose gaps and lead to GV02.,GV31 GV06 GV05 GV02,"Feedback requires report authority to actually govern testing, as stipulated. This reviews own complete coverage is a disposition ledger, never empirical success evidence.","Qualitative conditional reasoning from reviews/governance/scenarios.csv; no runtime observations; long-term branch is conditional, not observed.","Independent tests continue to govern resilience claims, and a marked matrix cannot suppress contrary measured outcomes."
observability,OBT201,S201,Mac and local alarm sender are powered and executing work,Power disappears -> local execution and self-report stop -> OB02. If independently powered monitoring notices missing fresh evidence and reaches a responder then awareness returns even while Mac remains off. Restored power may permit finite recovery to OB01 but does not prove disk survival,OB02 OB01,Monitoring independence includes power network identity and a reachable human. Disk survival is a separate assumption and no data-loss conclusion follows from power loss alone,Qualitative scenario analysis. No external observer deployment inspected,An independently received fresh outage notification refutes total blindness but not the host outage
observability,OBT202,S202,Host is alive while daemon used to accept work,Daemon exits -> host remains reachable. Host-only probe can stay OB03 for hours while work stops. A daemon-path observation can expose the outage -> restart may lead to OB01 or unresolved effects OB16. No restart policy means persistence is an unattended endpoint not a demonstrated attractor,OB03 OB16 OB01,Daemon process health is distinct from host uptime. Restart does not necessarily restart already-running external workers,Qualitative daemon scenario. C1 libraries are not a running daemon implementation,A successful new committed daemon mutation during the alleged daemon absence disproves that diagnosis
observability,OBT203,S203,Old queued and possibly delivered tasks survive a three-month suspension,Wake -> finite old intent OB30. If explicit restore reconciliation is run then attempted queued tasks become interrupted and sessions disconnected -> OB06 while never-attempted queued tasks remain queued. A freshness decision can hold them in OB07 or explicitly dispose to OB01. Blind dispatch can cause OB17,OB30 OB06 OB07 OB01 OB17,Source restore is an explicit library operation not an automatic wake hook. Durable never-attempted work is not automatically still business-valid,Source-supported limited branch C2 reconcile. Stale-intent policy and automatic wake dynamics conditional,Reconcile discards unattempted queued work or automatically redelivers attempted tasks under the inspected source conditions
observability,OBT204,S204,Factory and a separate monitoring device share one powered outlet,Outlet fails -> both devices stop -> OB02. A different box does not supply a distinct power failure domain. An actually independent upstream observer can restore awareness before either box returns. Returning power creates a finite recovery episode rather than a guaranteed feedback loop,OB02 OB01,Shared outlet is stipulated. An upstream observer and its communication route must not share the outage,Qualitative common-mode dependency analysis,The mini-PC remains powered by an independent supply and sends fresh outage evidence throughout the outlet failure
observability,OBT205,S205,Detection email delivery and backup retrieval depend on one account,Account locks -> detector evidence or email becomes inaccessible -> OB04 and remote observation may also enter OB02. Backup inaccessible is not backup destroyed. If no alternate authorized recovery path exists access remains OB20 until account recovery. Independently accessible copies are a competing recovery branch,OB04 OB02 OB20,Distinguish account access denial from physical deletion. Shared provider identity may correlate otherwise different services,Qualitative account dependency reasoning. No real account inspected,A responder retrieves verified recovery data and fresh alerts without the locked account while the lock persists
observability,OBT206,S206,Host cellular path and sole operator share a geographic failure domain,Regional event cuts all three -> OB02 and OB04. Autonomous local recovery can restart work if local resources survive but cannot imply a human has been informed. Awareness returns only with a reachable out-of-region observer/responder or restored regional paths,OB02 OB04 OB01,Persistence depends on external regional conditions and responder availability. Permanent destruction is not stipulated,Qualitative geographic correlation analysis,A reachable authorized responder outside the region receives independent current evidence during the incident
observability,OBT207,S207,Only monitor is observing Factory,Monitor dies first -> its silence supplies no evidence Factory is healthy. Factory later dies -> OB02. If monitor absence itself has an independent observer then the first outage becomes visible. Rebooting Factory alone cannot repair a dead monitor,OB02 OB03,OB03 arises only if missing detector data is displayed as green. A truthful unknown display is OB02 without false health,Qualitative second-order observation analysis,Monitor loss causes an independently delivered stale-monitor incident before Factory fails
observability,OBT208,S208,Alarm service accepts notification and operator relies on inbox delivery,Provider reports send success -> spam filtering prevents receipt -> OB04. A delivery record remains but no human action follows. Independently confirmed human receipt exits the wait. Repeated resend may produce more spam rather than new information but that feedback is not specified,OB04 OB01,Transport acceptance is not inbox placement or acknowledgement. No assumption that a human checks spam eventually,Qualitative notification-stage analysis,Authenticated human acknowledgement exists within the alleged unreceived interval
observability,OBT209,S209,One-hour maintenance mute is active,Error leaves mute enabled -> OB05 for ten years if actual expiry never becomes effective. A correctly enforced original expiry would end silence regardless of whether maintenance completed -> later alerts can be eligible. Long duration alone supplies no attracting dynamics,OB05 OB01,Need actual wall-clock monotonic restart and persisted-expiry semantics to distinguish configuration error from repeated renewal,Qualitative suppression-policy branches,Advancing the applicable clock beyond the original hour ends the mute without manual repair
observability,OBT210,S210,Health thread and kernel work path can run independently,Kernel deadlocks -> free health thread keeps replying -> OB03. A fresh operation through the locked path cannot finish and would expose failure. Repair may require an actor outside that lock. Deadlock is persistent under the stated lock graph but green reporting alone does not establish its cause,OB03 OB13,The probe must truly bypass the blocked critical path. Alternative is a busy or slow kernel not a deadlock,Qualitative concurrency reasoning. No daemon lock graph inspected,Kernel-path mutations commit while the asserted deadlock and lock ownership remain unchanged
observability,OBT211,S211,Committed pages are readable and new work needs writes,SSD stops accepting commits -> OB08 while old reads remain possible. Read-only health can stay OB03. Inspected transaction callers return commit errors rather than making read success imply write success. Repeated writes could add OB11 only if retry policy sustains overload,OB08 OB03 OB11,Assume readable old pages and failed durable writes rather than complete device failure. Busy timeout is not an fsync deadline,Source C3 and C4 support separated read/write paths and propagated errors. Physical SSD behavior and health policy conditional,An acknowledged fresh mutation is verifiably durable under the same failure conditions
observability,OBT212,S212,All current tasks are correctly blocked on human or external prerequisites,No progress is expected -> OB07. A detector equating no completions with outage generates noise. If responders then ignore/mute alerts the attention loop may enter OB34. If they continue discriminating or correct the criterion it remains a noisy transient rather than an attractor,OB07 OB34,Legitimate holds need not imply healthy underlying service either. A real outage can coexist with blocked work,Source C5 supports nonterminal blocked work. Alarm and human feedback qualitative,Responders still acknowledge independent actionable incidents promptly despite unchanged noise
observability,OBT213,S213,Proxy has cached heartbeat responses from a live host,Host dies -> cached responses continue -> OB03 for the cache lifetime. Enforced freshness tied to source generation rather than proxy response time would turn these into expired evidence -> OB02. A one-week cache is finite unless refresh of stale data or policy renews it,OB03 OB02,Proxy receipt time must not be mistaken for host observation time. Freshness behavior is unspecified,Qualitative cache and evidence-age reasoning,A source-incarnation freshness check rejects every cached heartbeat after its original validity horizon
observability,OBT214,S214,Network partition buffers old heartbeats before reconnect,Network returns -> finite stale batch OB12. If receiver treats arrival rate as current liveness old messages sustain OB03 until drained. If it accepts only fresh ordered evidence old batch contributes no health. Shared processing capacity may delay real samples even when old ones are rejected,OB12 OB03 OB02,Requires separate generation identity ordering and arrival time. A thousand messages are finite and not automatically a storm attractor,Qualitative buffering branches,Old messages never advance health freshness and real messages remain timely under the same batch load
observability,OBT215,S215,Original instance exists and a restored clone holds its old monitoring credentials,Both send one identity -> OB19. Last-arrival-wins can let healthy clone mask failed original -> OB03. Distinct incarnation evidence or proven retirement restores attribution. Two identical messages do not alone prove two active instances,OB19 OB03 OB01,Identity uniqueness and source epoch semantics are unspecified. C6 confidence gate is not a monitor identity protocol,Qualitative clone-monitor reasoning with C6 boundary distinction,Observer distinguishes both incarnations and original failure remains visible despite continuing clone heartbeats
observability,OBT216,S216,Metrics retain a time series for each label value,Agent creates a new label per token -> retained series grow -> OB27. If metrics share memory with core then work may fail as well. If total label storage is bounded or metrics are independently resource-contained only observation is degraded. Continued token production drives growth without proving an autonomous loop,OB27 OB25 OB02,Need retention period allocation per label total memory and isolation boundaries. Agent throughput need not remain constant after pressure rises,Qualitative cardinality/resource analysis,Retained series and bytes stay bounded during unbounded novel-label input with core latency unaffected
observability,OBT217,S217,Commit completion synchronously waits for tracing export,Collector fails -> every commit path waits -> OB13 and useful write latency fails while unrelated health may show OB03. If export deadline actually releases callers work can fail or proceed boundedly -> OB01. Async bounded export is a competing topology not an assumed deployed property,OB13 OB03 OB01,Placement relative to durable commit matters. A post-commit timeout can leave an applied mutation despite caller error and must not imply rollback,Qualitative hypothetical tracing topology. C3 transaction code does not establish a cloud tracing dependency,Commit acknowledgement proceeds independently while collector calls remain blocked
observability,OBT218,S218,An intermittent race exists without debug instrumentation,Debug adds latency and the race disappears in observed runs. This could change scheduling order lock contention memory pressure or merely sample exposure. Turning debug off may restore the race but neither absence under debug nor doubled latency identifies a persistent regime,none,Missing competing-access timing instrumentation placement race frequency and number of trials. No convergence inferred,Unresolved observer-effect diagnosis. No instrumentation experiment executed,Equal uninstrumented exposure with independent timing evidence shows the same event ordering and failure probability despite debug
observability,OBT219,S219,Eight layers each use an independent nine-second local budget under a ten-second business deadline,If all eight consume nine seconds serially elapsed work is 72 seconds -> OB09 even though each is locally within budget. If they are parallel elapsed work may be near nine seconds plus overhead. If one propagated budget is enforced later calls can be rejected -> OB01 rather than execute beyond expiry,OB09 OB01,The 72-second branch requires serial non-overlapping work. Eight layers may be nested overlapping waits rather than additive work,Qualitative stipulated timing arithmetic. D1 carries deadlines but no inspected propagation implementation,Measured critical path including overlaps and overhead is at most ten seconds
observability,OBT220,S220,A business request is created before entering a queue,It waits 48 hours then receives a fresh five-second service deadline. Service-only reporting can claim success while creation-to-result violates any shorter business deadline -> OB09 or OB15. If the real contract deliberately begins at dispatch then the five-second claim may be honest while queue age is a separate metric,OB09 OB15 OB01,Need contractual deadline origin. Forty-eight hours alone does not prove a five-second-from-creation contract existed,Qualitative age versus service-time distinction,Reported end-to-end deadline explicitly includes and permits the 48-hour queue time
observability,OBT221,S221,Execution would take 200 milliseconds but required approval is absent,Task stays OB07 for twelve years under an indefinite permission policy. Once permission arrives the old action may be invalid and needs a new decision rather than immediate execution. If approval wait has a real expiry task becomes OB01 with an expired disposition. Neither wait length nor fast CPU time is an attractor,OB07 OB01 OB09,Need approval validity expiry business deadline and whether resources stay reserved. Deadline loss only if a finite business promise exists,Source C5 explicit blocked/resume semantics. Twelve-year policy qualitative,Recorded expiry terminates the task without approval or the required approval was already validly granted
observability,OBT222,S222,Some tasks complete while others remain open for weeks,Completed-only dashboard samples survivors -> OB15 and can imply OB03 while outstanding age grows. Including open age and admission denominator exposes hidden work. Existing task list returns all statuses so this filter is not shown in that library. Hung tasks enter OB10 only if they retain finite resources without reclamation,OB15 OB03 OB10,Dashboard and resource retention are stipulated separately. Missing samples do not prove missing underlying records,C4 list counterbranch is source-supported. Dashboard selection and pool exhaustion conditional,Dashboard totals reconcile to every admitted still-open task and explicitly report its age
observability,OBT223,S223,Closed-loop load generator sends next request only after response,A response hangs -> offered load falls to zero on that client -> OB15 because the test no longer exercises continuing demand. With many clients unblocked streams may still load service. Genuine production stability is unresolved by this test alone. A finite timeout could resume arrivals and alter the result,OB15,Need generator concurrency timeout and actual production arrival process. The measurement is biased for an open-loop claim not for every closed-loop client population,Qualitative coordinated-omission reasoning,Independent admission timestamps show intended arrival rate continued through the hang and unanswered work is included
observability,OBT224,S224,One thousand fast samples are used to assert p99.999 availability,The sample supports observations about those runs but does not identify the claimed extreme tail or future availability regime. Under independent stationary trials with zero failures the one-sided 95 percent failure bound is about 0.003 not 0.00001. Nonstationarity can make extrapolation still weaker,none,Missing definition of availability sampling frame independence confidence target outage duration and non-completions. A quantile and time availability are not interchangeable,Unresolved long-term dynamics. Analytical binomial bound 1 - 0.05^(1/1000) approximately 0.002991 is stipulated mathematics not an executed toy or production evidence,A valid much larger representative dataset or an independently justified structural bound supports the specific target and its confidence level
observability,OBT225,S225,Parent requires all ten thousand plugin results for semantic completeness,One result never arrives -> all-of barrier OB13. If parent holds a slot indefinitely it contributes OB10 under repeated requests. If a real deadline permits explicit incomplete failure then OB01. Declaring complete with 9999 results instead would change semantics -> OB15 unless missing result is contractually optional,OB13 OB10 OB01 OB15,Need all-of contract deadline slot retention and partial-failure semantics. One wait alone does not imply all system slots are lost,Qualitative fan-out barrier analysis,The missing result is not required or parent terminates and releases resources within a finite bound
observability,OBT226,S226,Slow invoice action is effectful and optimizer can launch a hedge,Hedge creates two participant invocations. Same durable identity with participant deduplication may yield one effect -> OB01. Distinct identities or absent deduplication can yield duplicate invoice changes -> OB17. Cancelling the losing call after acceptance cannot erase the second effect and a lost reply can leave OB16,OB17 OB16 OB01,Speculative performance benefit says nothing about business idempotency. This is hypothetical only and no invoice action was executed,D1 irreversible and idempotency contracts are design-level. C5 manual prompt at-most-once is not invoice deduplication,Participant ledger proves both invocations share one accepted business operation with no second irreversible change
observability,OBT227,S227,Aggregator owes results of one thousand required checks,It answers with 999 and labels them complete -> OB15. If missing check can veto the action a fast answer may enable OB17. If contract explicitly permits threshold evidence and exposes its denominator then it is ordinary completion OB01 not silently complete all-of work,OB15 OB17 OB01,Need semantic role of omitted check and downstream action gate. Speed alone does not make partial output incorrect if the declared contract is partial,Qualitative completeness-versus-latency reasoning,The advertised contract requires only the satisfied threshold and clearly identifies omitted evidence before any decision
observability,OBT228,S228,Finite worker pool serves continuing requests and rare hangs hold slots forever,Each roughly one-in-100000 hang permanently occupies another slot -> OB10. With independent positive hang probability and unlimited arrivals eventual exhaustion is plausible almost surely but time to exhaust depends on pool and arrival rate. If arrivals cease occupancy stops growing. Reclamation or bounded hangs breaks the mechanism,OB10 OB01,Probability independence stationary rate and perpetual retention are model assumptions not empirical findings. One request does not immediately fill all slots,Qualitative stochastic occupancy model with no executable simulation,Observed slot residence has a finite upper bound even for the identified hanging requests
observability,OBT229,S229,One scope shares a global dashboard with many faster scopes,Scope-specific fsync pauses exceed its business deadlines -> OB09 while aggregate remains OB03. The other scopes may remain usable if queues are isolated. A single serialized writer could instead transmit the delay beyond that scope. Five-second SQLite busy timeout does not bound an already-running fsync,OB09 OB03 OB13,Need scope queue topology lock residence and per-scope traffic weighting. Global mean is not evidence of each scope's tail,Source C3 C7 serial write transaction and busy timeout are narrow facts. Scope fsync distribution qualitative,Per-scope start-to-commit measurements show no pauses and all relevant deadlines hold during the alleged incident
observability,OBT230,S230,Memory collection called random repeatedly overlaps one business deadline,Possible phase locking periodic allocation aliasing selection bias or coincidence produce the same description. Repeated alignment alone does not determine a sustained cycle or its cause. Shifting deadline relative to allocation may discriminate but no such experiment was run,none,Missing collector trigger period jitter deadline cadence sample count and causal timing. Do not infer an attractor from the word always,Unresolved dynamics and phase relationship,Independent long exposure shows overlaps follow the expected random rate or deadline phase shifts break alignment without changing workload
observability,OBT231,S231,External send has a durable identity whose history expires before a very late reply,History is deleted -> OB28. Reply arrives 90 days later -> without alternate mapping outcome stays OB16. If a retry was accepted under a new identity it may already have created OB17. A participant ledger retaining the identity can resolve the reply to OB01. Mere late reply does not itself send twice,OB28 OB16 OB17 OB01,Need local and participant retention horizons reply correlation and whether a retry occurred. Expired local history need not imply erased external evidence,D1 durable idempotency/reconciliation design only. C5 delivery history is narrower and has no inspected long-horizon expiry,Participant ledger unambiguously correlates the reply and any retry to the same single accepted operation
observability,OBT232,S232,An offline command encodes past recipient and company intent,Buffer reconnects in 2046 -> if dispatch trusts old authority and resolves changed recipient it can cause OB17. If it validates current applicability or requires a fresh decision it stays OB07 or ends OB01. A fixed immutable recipient does not by itself prove the twenty-year-old business authorization still applies,OB17 OB07 OB01,Need expiration authority scope succession recipient identity and offline queue semantics. No claim that present Factory automatically executes such buffers,Qualitative stale-intent branch with D1 immutable-input and approval design context,Dispatch refuses the expired or changed authorization before external acceptance even though the queued bytes remain valid
observability,OBT233,S233,A sensitive operation's association is lawfully deleted before its result arrives,Deletion leaves OB28 if no lawful correlation remains. Late payload may require OB16 rather than guessing a scope. If handler stores logs or routes it using an incorrect association it may cause OB21. A boundary that rejects or safely holds unassociated data can give OB25 without reconstructing deleted identity,OB28 OB16 OB21 OB25,Need lawful retention policy quarantine capability and content-handling path. Retaining every old mapping may violate the scenario's deletion obligation,D1 secure references and explicit retention are promises. Handling of orphan sensitive results not established,Late content is neither exposed nor misattributed and lawful independent evidence can resolve it without undoing required deletion
observability,OBT234,S234,Participant is about to accept an irreversible action while cancellation is in flight,Acceptance precedes cancel by one microsecond -> OB17 for the unwanted historical action even if later work stops. Factory may temporarily have OB16 until acceptance evidence returns. If cancel wins at the participant's actual acceptance boundary then work can terminate OB01. Local cancel timestamp is not that boundary,OB17 OB16 OB01,Timing order at participant is decisive. Reversibility must be judged from operation semantics not cancellation response text,C4 cancel keeps running tasks running with a durable request. D1 disallows claiming irreversible rollback. External race qualitative,Participant evidence proves cancellation fenced the operation before irreversible acceptance
observability,OBT235,S235,Parent owns a subprocess tree and a grandchild can write independently,Parent times out and dies -> grandchild runs two more days -> OB18. If parent lifecycle causes lease reuse before descendant authority ends -> OB32. If descendants retain external credentials they may also produce OB17. A verified whole-tree termination branch ends OB01 but cannot undo prior writes,OB18 OB32 OB17 OB01,Need process-group inheritance detached grandchildren authority lifetime and actual lease-release precondition. Two days is a finite execution tail not an attractor,C8 stop assumes confirmed unusable process. D2 shutdown sequence is design-level and not proof of descendant termination,No descendant can write after the asserted parent shutdown boundary even if a descendant OS process remains
observability,OBT236,S236,Cancel and bulk output share a serialized or backpressured delivery path,Gigabytes of output occupy required channel service -> cancel delayed -> OB35. If data eventually drains cancellation can proceed OB01. If participant accepted meanwhile effect may be OB17. Separate directions alone do not guarantee freedom from a shared reader/event-loop bottleneck,OB35 OB01 OB17,Need actual stdin/stdout direction queue scheduling parsing and cancel processing topology. D2 bidirectional framing does not establish this stall in code,Qualitative channel contention with D2 as design context,Cancel is processed within its bound while the same bulk output remains queued and saturated
observability,OBT237,S237,CLI kernel plugin and SDK all retry the same failing logical request,Independent four-attempt layers can produce up to 4^4 = 256 leaf attempts if every layer fully exhausts. If four retries means five total attempts bound is 5^4 = 625. Finite attempts yield OB12. If resulting congestion generates renewed work beyond those budgets it can enter OB11. Shared participant identity may prevent duplicate effects but not transport load,OB12 OB11 OB17,Multiplication needs nested independent retries with no shared budget short-circuit or deduplication. OB17 only if repeated effectful acceptance escapes participant deduplication,Qualitative arithmetic. D2 bounds plugin restart attempts not every request layer,Leaf-attempt tracing shows one shared end-to-end attempt budget or errors stop propagation before multiplicative retries
observability,OBT238,S238,One million clients hold the same retry timer after an outage,Timer expires simultaneously -> OB12. If queues absorb or reject the finite cohort without renewed retries it drains to OB01. If overload failures synchronize another round a driven retry cycle can feed OB11 even after provider repair. Jitter is a competing timer policy not evidence of spare capacity,OB12 OB11 OB01,Need retry rounds admission bounds arrival synchronization service curve and whether clients retain identical phase,Qualitative retry synchronization analysis,After initial timer cohort no renewed synchronized peaks occur and backlog decays below capacity
observability,OBT239,S239,Plugin is constrained by a real provider budget or quota,Quota error increases retry rate -> attempts consume remaining charged budget -> OB11 if failures trigger more attempts. Once hard budget is exhausted an explicit spending-authorization policy can instead hold work in OB07. If failed calls are free the stated budget-drain branch needs a different charged resource,OB11 OB07,Budget reset or new authorization is external forcing rather than autonomous recovery. OB07 denotes an explicit spending hold not identity failure,Qualitative economic/resource feedback. Actual provider charging and reset policy unknown,Quota failures consume no scarce charged resource and retries stop at a finite shared budget before depletion
observability,OBT240,S240,All agents restart cold and each loads a large model,Power returns -> synchronized warming OB12 and OB26. If total model footprint fits and startup deadlines allow it cohort becomes OB01. If memory pressure kills loaders and restart redoes allocations it can sustain OB11. If no restarts exist a single failed finite startup is not an attractor,OB12 OB26 OB11 OB01,Need model sharing peak memory eviction policy startup deadline and restart budget. D2 restart quarantine is a promised limiting branch,Qualitative cold-start and retry coupling with D2 lifecycle context,With original power fault gone total memory stabilizes and each model warms exactly once without repeated loader deaths
observability,OBT241,S241,Warm cache hides cost of an optional search path,Cache empties -> cold requests reach search -> OB26. If main task synchronously requires optional search then it becomes OB13. If misses evict or timeout and retry faster than warming completes it may enter OB11. If optional really means independent bounded omission core work can continue OB01,OB26 OB13 OB11 OB01,Need actual dependency graph cache working set warm rate and fallback policy. Optional configuration does not prove optional critical-path behavior,Qualitative dependency and cache capacity branches,Core task completion remains bounded with cache empty and search continuously unavailable
observability,OBT242,S242,Warm latency promise excludes first DNS TLS and connection setup,First call consumes the whole business budget before application work -> OB26 then OB09. If connection warms despite caller timeout later calls may succeed OB01. If every timeout destroys setup progress repeated attempts may stay cold and feed OB11,OB26 OB09 OB01 OB11,Need deadline start cancellation of setup DNS cache persistence and whether connection establishment is reused,Qualitative first-call timing branches,Cold end-to-end traces include DNS and TLS yet still finish within the original deadline
observability,OBT243,S243,Bulk export and small control queries share a non-preemptive queue,Eight-terabyte export reaches the head -> small queries wait OB13 and may miss deadlines OB09. Finite export completion eventually permits OB01 if no continuing bulk arrivals. Streaming alone does not ensure interleaving. Actual separate service for controls would refute the shared-queue branch,OB13 OB09 OB01,Need disk/network rate queue placement preemption and control workload. Export size does not give an exact duration without throughput,Qualitative head-of-line mechanism,Small control queries retain bounded latency while the same export remains active and backlogged
observability,OBT244,S244,Normal work and emergency work contend under strict emergency priority,Sustained emergency demand consumes all service -> OB14 for months. If emergencies stop normal work can drain but old deadlines remain OB09. If scheduler provides normal work a positive share then normal completion OB01 is possible despite emergency backlog. No self-sustaining loop follows solely from priority labels,OB14 OB09 OB01,Need priority discipline service share and emergency arrival rate. Months of forcing are not an autonomous basin,Qualitative queue scheduling analysis,Normal tasks make measurable progress while emergency queue never empties at the same load
observability,OBT245,S245,All workspaces have disconnected or otherwise ambiguous owners,Source disconnected state keeps lease and counts against max_sessions -> OB06. Operator-requested TTL release is not proof of death. If added without fencing and old workers live -> OB32. Confirmed termination followed by source stop/fail releases ownership -> OB01. Evidence restoring same live owner can also exit ambiguity without replacement,OB06 OB32 OB01,Source lease retention is established. TTL path is deliberately counterfactual and no TTL release was executed,Source-supported C8 holds_lease count_live_sessions stop and C6 evidence gate. Runtime death precondition remains caller-owned,Disconnected alone releases the lease in source or a proposed expiry proves old writes impossible rather than merely old
observability,OBT246,S246,Registry can store ten million names but a context consumer has a finite window,If caller inlines all names context allocation/delivery may fail OB27 or model sees a truncated subset OB15. Inspected compiler takes an explicit ancestor chain and does not enumerate registry names. It reports bytes but imposes no size cap. Keeping registry names out of context avoids this particular expansion without proving every context fits,OB27 OB15 OB25 OB01,Need caller-supplied scope chain/name listing and harness handling of over-window input. Store capacity and message capacity are different limits,Source C9 compile and SourceReport bytes. Ten-million-name serialization path is hypothetical not found in inspected compiler,The largest actually compiled message stays below consumer limits while the full registry remains stored and accessible separately
observability,OBT247,S247,Valid JSON syntax contains a hundred-gigabyte inline string result,A parser allocating the body before bounding it can exhaust shared memory -> OB27. Under D2 negotiated frame limit rejection before allocation can yield OB25. If oversized frame stalls a shared stream smaller controls may enter OB35. Valid JSON alone is not evidence of acceptable transport cost,OB27 OB25 OB35,Need limit enforcement before allocation total decoded size incremental parsing and channel isolation. No actual oversized payload generated,Design D2 maximum frame and content-reference rules not an inspected host implementation,Peak memory remains bounded and the invalid-size result is rejected before body-sized allocation while controls progress
observability,OBT248,S248,One hundred thousand slow subscribers each retain a queue,Per-client backlog accumulates -> OB27 even if each queue has a modest cap when subscriber count is unbounded. If memory pressure causes reconnect and replay the system may feed OB11. D2 backpressure/disconnection could instead yield bounded OB25 provided aggregate state is bounded too,OB27 OB11 OB25,Need subscriber cap per-queue bytes cursor replay policy and shared resource pool. Slow consumers alone do not establish a restart loop,D2 bounded notifications and stalled-client policy are design promises. Aggregate capacity qualitative,Total subscriber-associated memory remains bounded as both subscriber count and lag increase
observability,OBT249,S249,Canonical event history is intact but a full replay takes three weeks,One-hour RTO expires -> OB23 and OB09 even if deterministic replay eventually reaches OB01. If no new events arrive the three-week replay is a finite transient. If input continues faster than replay a moving checkpoint may never catch up but that rate is unspecified. Replay correctness does not prove recoverability within RTO,OB23 OB09 OB01,Need throughput history volume snapshot availability upcaster costs and arrival rates. Event replay is not established by current row-based libraries,Design D1 deterministic side-effect-free replay. C3 current store is not empirical twenty-year event replay evidence,Measured full recovery from the agreed backup set reaches serving readiness within one hour at stated peak resources
observability,OBT250,S250,Restore capacity is insufficient for simultaneous original export temporary copy and index,If restore requires all copies live peak footprint exceeds capacity -> OB23. Repeated attempts may consume more space only if abandoned copies accumulate. If the actual staged plan avoids overlap and preserves the sole valid input recovery may end OB01. Deleting the only good original is not a harmless exit assumption,OB23 OB01 OB08,Need peak live-set timeline copy-on-write behavior index construction scratch and rollback requirements. Nominal final database size is insufficient,Source C10 creates VACUUM INTO destination and refuses overwrite. Full restore staging algorithm not established,Measured peak physical space including rollback and scratch stays below available capacity without sacrificing the last verified source
observability,OBT251,S251,Operation tombstones are the sole local evidence a prior effect already happened,Space cleanup erases them -> OB28. Retry treated as new -> if participant also lacks deduplication a second effect causes OB17. If participant still retains stable identity it can reject duplicate -> OB01 despite local history loss. Deleting only small metadata need not recover meaningful payload capacity,OB28 OB17 OB01,Need stable retry identity and both local and participant retention. Duplicate effect is stipulated by scenario but mechanism must identify which deduplication boundary failed,D1 requires backed-up idempotency data as design context. No tombstone deletion policy found or executed,Participant ledger proves no second effect despite local tombstone deletion and retry
observability,OBT252,S252,Schedules have been suspended ten years and missed occurrences may be materialized,Catch-up policy creates one billion old occurrences -> OB30 and OB12 if released together. Finite capped processing may eventually reach OB01 while most deadlines are already lost. If policy requires fresh approval work enters OB07. Unlimited recursive creation is not implied by a finite missed interval,OB30 OB12 OB07 OB01 OB09,Need catch-up skip/coalesce semantics cursor arithmetic materialization bounds business validity and service rate. No live schedule touched,Qualitative scheduler branches. No implemented occurrence engine inspected,Actual policy advances missed interval without individually admitting one billion runnable jobs or bounded drain fits the actual promise
observability,OBT253,S253,Many scopes are blocked on one failed provider,Provider recovers -> all scopes dispatch in one millisecond -> OB12. If restored capacity can drain admitted work then OB01. If simultaneous calls re-break quotas or availability and produce another common retry epoch -> OB11. Scope authorization boundaries do not independently supply capacity isolation,OB12 OB11 OB01,Need common unblock trigger admission policy provider capacity and retry phasing. One synchronized cohort is not by itself an attractor,Qualitative recovery-herd dynamics,After recovery cohort load decays without repeated failure peaks and all admitted work terminates boundedly
observability,OBT254,S254,One task can produce child tasks that themselves delegate,Branching creates OB36 before cost becomes visible. With inherited no-repeat chains depth is finite but a wide tree can still have millions of descendants. If capacity overload generates retries it may also enter OB11. Enforced finite total budget or exhausted depth ends expansion and leaves a finite backlog OB30,OB36 OB11 OB30 OB25,Need branching factor permitted scope count chain inheritance total admission budget and cost-report lag. No claim of infinite recursion through the same scope under source rules,C11 check forbids chain revisits but does not set branching factor. Growth dynamics qualitative,Total admitted descendants never exceed a small enforced tree budget even when children attempt broad delegation
observability,OBT255,S255,Service was sized from warm unthrottled CPU rate under sustained demand,Heat rises -> CPU throughput falls to one tenth -> OB31. Arrival rate previously below capacity may now exceed it and deadlines fail OB09. If retries add load and heat the coupled system may sustain OB11. If load ends cooling can recover capacity. Hardware throttling does not itself extend configured deadline timestamps,OB31 OB09 OB11 OB01,Need thermal lag cooling curve service demand admission rate and actual timeout policy. Scenario deadline elongation interpreted as elapsed work not automatic modification of contractual expiry,Qualitative physical/resource feedback no live hardware stress,At fixed demand thermal recovery occurs and backlog drains despite unchanged retry policy without recurring temperature/latency peaks
observability,OBT256,S256,A local durable attempt is committed before an external send,UPS survives the commit but not the following step -> source-shaped crash gap leaves an attempt with unknown outcome -> OB16 and unauthorized repeat is refused. If evidence proves no external acceptance work can be disposed OB01 or newly authorized. If external recipient accepted before outage historical effect may exist. Local commit alone proves neither delivery nor non-delivery,OB16 OB06 OB01,Power ending before any writer invocation gives actual no-send but recovery still needs evidence to distinguish that point from acceptance with lost reply,Source-supported C5 first commit before writer and second outcome transaction. External send is an analogy because shipped writer is manual operator handoff,Retained evidence uniquely proves where execution stopped and automatically distinguishes before-writer from after-acceptance without guessing
observability,OBT257,S257,Monitoring uses a router included in load shedding,Pressure policy drops router first -> OB02 precisely when service may be failing. Work can continue or recover while remote evidence remains absent. If local green is exported by another stale path OB03 may coexist. Router restoration exits blindness but shedding is not autonomous feedback without recurring pressure policy,OB02 OB03 OB01,Need actual electrical/network dependency and load-shed priority. Monitoring importance labels do not confer independence,Qualitative observer/data-plane dependency analysis,Independent monitoring still reaches a responder throughout router shedding with source-fresh evidence
observability,OBT258,S258,Stop requests and overloaded plugin calls share service capacity,All invocation slots or event-loop turns are occupied -> stop waits OB35. Finite call timeouts might eventually free control service -> OB01. If calls replenish faster than stop can run it remains externally maintained starvation or OB11 when retries generate that load. Declared shutdown deadline alone does not prove the stop timer gets CPU,OB35 OB11 OB01,Need stop admission dispatch scheduling timer execution and kill mechanism outside the saturated path. No stop issued,D2 shutdown ordering is a design promise not a measured emergency-latency bound,Stop prevents new dispatch and completes within its bound while plugin call queues remain fully saturated
observability,OBT259,S259,Emergency interface requires the only identity provider login,Provider account locks -> legitimate recovery access denied -> OB20. Data and local process may remain usable through previously authorized paths only if such paths exist. Safe-mode local IPC is not a permission bypass. Disabling authentication indiscriminately would instead risk OB33 or OB21 and is not an assumed repair,OB20 OB33 OB21,Need locally available credentials session expiry offline authorization and operator reachability. Account recovery is external intervention,D2 safe-mode transport preserves domain authorization. Specific IdP dependency qualitative,Authorized offline recovery works while the sole IdP stays blocked without granting unauthorized principals access
observability,OBT260,S260,Stop requires a durable state change while SSD is full,Under the scenario's premature acknowledgement -> OB29 plus OB08. Process may actually stop transiently but old durable state can permit restart. Inspected stop/cancel commit before returning success and propagate commit failure so their direct branch is OB08 with error not false acknowledgement. A wrapping CLI or daemon that lies is not established,OB29 OB08 OB16,Physical stop and durable desired stop are distinct. Wrapper response order and independent stop persistence would determine restart behavior,Source-supported counterexample C8 transition/stop and C4 cancel. D1 successful command cursor is design-level. No disk fault injected,Commit failure reaches caller as failure and no success acknowledgement is emitted by the whole client path
observability,OBT261,S261,Plugin pipe authenticates instance A but secret lookup can select scope B credentials,Authentication passes -> wrong scoped credential is used -> OB33 and an unauthorized external action may become OB17 or data disclosure OB21. If credential capability is actually bound to activation scope before release then request is rejected OB25. Correct transport authentication alone does not prove correct credential authority,OB33 OB17 OB21 OB25,Need credential lookup inputs capability binding and destination authorization. No secrets inspected,D1 trusted context and D2 per-activation capabilities are promises. Secret-provider implementation not inspected,Scope A cannot obtain or use scope B credential even while its own authenticated pipe remains valid
observability,OBT262,S262,Human approves a readable recipient name that can be remapped before dispatch,Name changes -> later resolution points to another identity -> OB33 and accepted send yields OB17 or OB21. If approval is bound to immutable recipient identity and dispatch verifies that binding then mismatch produces OB25 or OB07. A correctly spelled name is not a stable identifier,OB33 OB17 OB21 OB25 OB07,Need resolution time recipient version approval contents and external API identity semantics,D1 immutable inputs and preconditions provide design context not a proven recipient binding,Changing display-name mapping cannot change the approved dispatch identity without a new trusted approval
observability,OBT263,S263,Importer supplies a task ID and downstream treats identity as proof of approval,Imported identifier collides or references a different authorization domain -> OB33. If action executes it can reach OB17. A trusted check of principal scope immutable operation and approval provenance rejects OB25 even when task ID is syntactically valid. UUID uniqueness does not confer permission,OB33 OB17 OB25,Need importer trust boundary lookup scope and whether approvals are distinct authoritative records. No task-import implementation inspected,Qualitative approval provenance threat with D1 trusted invocation context,A valid foreign task ID cannot authorize any local action without separately valid scoped approval evidence
observability,OBT264,S264,Agent reads a lower-trust document containing claimed system rules,Document asks for secret upload -> if treated only as data it cannot authorize action -> OB25. If agent elevates it and has effective secret plus egress access then OB33 followed by OB21. Merely reading malicious text does not establish disclosure or a persistent compromise,OB25 OB33 OB21,Need model behavior actual secret access independent approval enforcement and egress rights. Text separators are not a security sandbox,C9 compiles text and C12 formats sections only. D1/D2 secret boundaries are promises. No adversarial prompt executed,Agent refuses the embedded authority claim or enforced capability boundary prevents upload despite attempted compliance
observability,OBT265,S265,Recovery agent consumes error logs as diagnostic evidence,Log embeds fake operator confirmations -> if recovery promotes text to authority OB33. External action may then produce OB17 or OB21. If only independent authenticated approval records authorize operations log contents remain untrusted diagnostics -> OB25. A log line that looks official is not proof its actor was an operator,OB33 OB17 OB21 OB25,Need log provenance recovery-agent instruction boundaries and actual dispatch gate. No logs containing customer data read,Qualitative recovery prompt-injection threat with D1 trusted actor distinction,Forged confirmation text never satisfies the approval lookup even when presented in the expected log format
observability,OBT266,S266,Agent reviews an artifact for task completion not a new dispatch authorization,Artifact's verification instructions smuggle an external action -> if reviewer executes them as authority OB33 then OB17 or OB21. If it records the requested action as untrusted content requiring independent authorization it can reject OB25 or wait OB07. Hash integrity verifies bytes not benign instructions,OB33 OB17 OB21 OB25 OB07,Need artifact trust level reviewer capability and approval provenance. A content reference alone does not prevent instruction following,D1 durable content references and approvals are design context. Qualitative tool-output injection branch,Artifact content cannot cause external execution without an independently authorized matching operation
observability,OBT267,S267,Update is correctly signed and allowed to execute with data access,Signature validation passes -> malicious code reads and exfiltrates -> OB21 if egress succeeds. If code can persist or modify future recovery evidence it may enter OB22. If effective data/egress isolation denies the action it yields OB25. Valid signature proves origin not harmless behavior,OB21 OB22 OB25,Need code execution authority data access egress and persistence. Exfiltration can be a one-shot absorbing loss without an attractor,D2 manifest validation and explicit same-OS-user sandbox limitation. No update installed,Signed payload cannot read or transmit the protected data under its actual execution authority
observability,OBT268,S268,Restore depends on downloading an old plugin by a reusable package name,Twenty years later name resolves to attacker package -> if origin name alone is trusted code executes -> OB21 or OB22. If retained immutable executable digest and trusted verification reject changed bytes then OB25 or unavailable restore OB23. Missing old bytes can block recovery even when authenticity check works,OB21 OB22 OB25 OB23,Need artifact pinning trust-root availability content retention and whether restore executes dependencies. Age alone does not make all archives malicious,D2 executable/manifest identity validation is design context. Actual historical artifact retrieval policy unknown,Restore uses verified retained bytes and refuses any name-reassigned replacement despite valid current package metadata
observability,OBT269,S269,Factory and supposedly independent observer share one trusted auto-updater,Compromised update reaches both -> observer may attest compromised Factory as healthy -> OB03. If updater persists and controls recovery checks OB22 can reproduce compromise after restart. Confidentiality may already be OB21. Independent power and network do not remove shared administrative compromise,OB03 OB22 OB21,Need both updates installed update authority and observer's evidence generation powers. No deployed updater inspected,Qualitative correlated trust-domain failure with D2 signature-versus-behavior distinction,Independent clean observer detects compromise and remains outside the updater's authority throughout attempted reinfection
observability,OBT270,S270,Heartbeat sender and observer rotate keys around a partition,Each side retains a different accepted key -> legitimate heartbeats rejected -> OB20 and observer loses current knowledge OB02. Partition healing alone may not resolve a stable key mismatch. Valid overlap or trusted resynchronization can lead OB01. Treating authentication failure as green would add OB03 not restore trust,OB20 OB02 OB01 OB03,Need key epochs overlap expiry secure clock and authority for rekey. Permanent fail-closed state is a policy hold not proven attraction,Qualitative protocol key-state analysis. No heartbeat protocol implementation inspected,After connectivity returns peers authenticate fresh heartbeats under their unchanged accepted key sets
observability,OBT271,S271,Twenty-year-old vault ciphertext can be read but no one currently knows decryption path,If another key escrow or reconstruction route exists this is OB06 awaiting discovery. If all feasible decryption knowledge is truly gone it is OB24. Future cryptanalysis can invalidate the permanent-loss assumption. Readable bytes are not recovered knowledge and absent operator memory is not proof every key is destroyed,OB06 OB24,Need key inventory escrow trusted hardware dependencies cipher longevity and evidence all alternatives are unavailable,Qualitative recoverability distinction with no vault or secret inspection,Any independent authorized method decrypts a representative vault item without the allegedly lost sole key path
observability,OBT272,S272,Attacker retains old encrypted sensitive exports,Later cryptographic breakthrough makes ciphertext decryptable -> attacker obtains plaintext -> OB21 even if current keys were rotated or exports locally deleted. If attacker never acquired export or required independent key material is still inaccessible the disclosure branch does not follow. The breakthrough is external forcing not a Factory feedback loop,OB21,Need retained adversarial copy vulnerable algorithm useful plaintext and actual decryption capability. Security horizon differs from operational restore horizon,Qualitative long-horizon confidentiality branch. No cryptographic exploit or export accessed,Captured export remains infeasible to decrypt under the stipulated breakthrough because its actual construction is not vulnerable
observability,OBT273,S273,Hostile agent runs under OS authority that may reach sibling-scope files,If filesystem permissions allow direct reads agent bypasses logical scope APIs -> OB21. If separate effective OS isolation denies reads it yields OB25. Logical registered scope boundaries and workspace leases do not by themselves prove filesystem confidentiality. Shared same-user subprocesses are explicitly not a full sandbox,OB21 OB25,Need UID permissions sandbox mounts process inspection and secret access. No cross-scope content read for this test,D2 Consequences explicitly acknowledges incomplete same-user sandbox. OS exploitability remains conditional,Hostile process is denied all protected direct file/process reads despite bypassing every Factory API
observability,OBT274,S274,Co-tenant sees shared CPU or queue timings but cannot directly read victim content,Timing correlation could reveal activity or only shared load noise. No destination assigned because observables victim signal attacker control sampling error and useful inference threshold are absent. Possible confidentiality loss is not established from resource sharing alone and no persistent regime is identified,none,Need attacker observation model victim base rate scheduling isolation repeated trials and inference accuracy beyond prior knowledge,Unresolved side-channel dynamics. No live timing measurements or co-tenant probing,Controlled synthetic victim schedules produce no distinguishable timing distribution or inference fails its predeclared baseline
observability,OBT275,S275,External observer is granted shell access to Factory for convenience,Observation boundary now carries actuation authority. If observer or credentials are compromised shell can expose data -> OB21 and modify both service and evidence -> OB22 or OB03. If shell is never compromised no incident follows from grant alone though blast radius expanded. Effective read-only constrained execution is a competing authority model,OB21 OB22 OB03 OB25,Need actual shell account privileges reachable secrets persistence and observer compromise assumption. No shell access granted or used,Qualitative observer-to-controller trust expansion. D2 subprocess boundary does not confer independent OS authority isolation,Compromising observer credentials cannot mutate Factory or read protected data under the actual enforced shell restrictions
boundaries,BDT001,S276,Monitoring emits readable heartbeat labels to a party outside the customer confidentiality boundary.,"Customer names and timing appear in labels -> an unauthorized reader learns them -> BD06. If identifiers remain opaque to that reader and no timing linkage is possible, the stated leak is not established; service may remain normal.",BD06,"Actual readership, retention and re-identification matter; label generation alone does not prove unauthorized learning.",Qualitative conditional analysis of scenarios.csv S276. No implementation or production evidence asserted.,An access/re-identification check shows no unauthorized observer can recover customer identity or business hours.
boundaries,BDT002,S277,A debug exporter can access full agent conversations and monitoring has a broader readership.,Exporter serializes conversation -> export crosses the readership boundary -> BD06. A pre-transfer refusal gives BD02; removing the export later cannot make already learned material secret again.,BD06 BD02,Assume the conversation contains protected content and at least one unauthorized recipient can read it. No actual transcript was inspected.,Qualitative conditional analysis of scenarios.csv S277. No implementation or production evidence asserted.,"Synthetic content inspection shows the exported payload excludes protected conversation, or access never crosses the boundary."
boundaries,BDT003,S278,An attacker can trigger false alerts and observe timing or routing-dependent responses.,Probe -> response -> improved target/timing inference -> next probe: BD07 while the attacker continues. Successful inference leaves BD06 after probes stop; a large burst can additionally enter BD18 only with self-sustaining backlog.,BD07 BD06 BD18,Timing correlation and an observable response are required; no alert recipients are discovered or contacted in this review.,Qualitative conditional analysis of scenarios.csv S278. No implementation or production evidence asserted.,"Response distributions do not reveal recipients or readiness, and backlog drains after probes stop."
boundaries,BDT004,S279,Backups all derive from the same erroneous exporter and checksums are computed over its output.,"Exporter produces wrong bytes -> matching checksums pass -> restore chooses wrong but consistent data -> BD04. If restored data become the next canonical source and independent originals are discarded, verification and reuse close BD05. An independent source comparison can instead hold at BD02.",BD04 BD05 BD02,"Checksums prove correspondence to exported bytes, not business truth; repeated reuse is necessary for BD05.","Qualitative conditional analysis of scenarios.csv S279. Source ../../crates/factory-store/src/backup.rs:1-41 uses VACUUM INTO, not the scenario exporter; its snapshot operation is not semantic validation.","An independently sourced original disagrees and prevents adoption, or the exporter is corrected before false data become canonical."
boundaries,BDT005,S280,A valid numeric amount is stored without a separately authoritative comparison.,Bit changes amount but validity checks still pass -> wrong amount used -> BD04; an irreversible downstream effect can also yield BD10. Detection before use yields BD02. A single bit error alone supplies no long-term feedback.,BD04 BD10 BD02,Representation must permit the changed value and semantic checks must miss it; physical damage is not assumed for every amount error.,Qualitative conditional analysis of scenarios.csv S280. No implementation or production evidence asserted.,Independent signed amount evidence or business reconciliation catches the change before acceptance.
boundaries,BDT006,S281,Two split-brain writers produced signed but causally incompatible histories.,Both journals authenticate -> signatures do not select legitimate order -> BD27 if disagreement is retained. Continuing autonomous repairs can produce BD08. An independent ownership/participant history may reconcile bounded effects to BD01 without making prior divergent effects disappear.,BD27 BD08 BD01,"Authority ordering and participant acceptance evidence, not merely signature validity, determine the branch.",Qualitative conditional analysis of scenarios.csv S281. No implementation or production evidence asserted.,A common enforced authority epoch orders both histories and all participants reject the loser.
boundaries,BDT007,S282,A restored snapshot predates invoices and revocations that may already have reached external parties.,Restore reconciles retained attempted tasks to a local hold -> BD03 for those tasks. Missing later journal entries remain missing: snapshot-only automation may resend or act under revoked rights -> BD09 then possibly BD10. Independent participant reconciliation can establish BD01 for a bounded operation.,BD03 BD09 BD10 BD01,The source hold only sees rows present in the snapshot. Absence of an attempt in an old snapshot is not proof of no real-world delivery.,Qualitative conditional analysis of scenarios.csv S282. Source ../../crates/factory-recovery/src/restore.rs:162-309 blocks running/attempted queued tasks and clears unattempted queued assignments; no live participant evidence is consulted.,A complete post-snapshot participant record and current revocation authority are recovered before any action.
boundaries,BDT008,S283,Original and restored clone both retain credentials and can emit plausible heartbeats.,"Two healthy-looking senders -> monitor cannot infer uniqueness -> BD27. If both act and repair toward separate views, BD08; if one is effectively excluded and accepted work reconciled, BD01 is possible. A blocked clone alone does not fence original business work.",BD27 BD08 BD01,Participant-level exclusion and durable identity matter; heartbeat signatures and matching pane IDs alone are insufficient.,Qualitative conditional analysis of scenarios.csv S283. Source ../../crates/factory-recovery/src/reconnect.rs:144-169 rejects unequal known harness IDs but returns true if either is missing; ../../crates/factory-recovery/src/evidence.rs:80-82 checks confidence only.,A participant trace rejects every old-generation write while one effective writer continues.
boundaries,BDT009,S284,Recovery validates rights at start but lasts longer than their validity window.,Rights expire during recovery -> BD09. Revalidation at the last effect boundary yields BD02; accepting stale rights may yield BD10. Recovery duration alone does not say which participant behavior applies.,BD09 BD02 BD10,Authorization validity is tied to current acceptance time and can expire independently of recovery progress.,Qualitative conditional analysis of scenarios.csv S284. No implementation or production evidence asserted.,The recovered operation carries a still-valid mandate and every participant enforces it when accepting.
boundaries,BDT010,S285,New client and old plugin parse the same number successfully but attach different units.,Wire validation passes -> different physical/business quantity -> BD04. Explicit incompatible meaning refusal yields BD02; downstream irreversible effect is BD10 only if one occurs.,BD04 BD02 BD10,"Unit semantics must differ on this operation, not simply protocol version labels.",Qualitative conditional analysis of scenarios.csv S285. No implementation or production evidence asserted.,Cross-version interpretation of an independent dimensional fixture produces identical intended quantities or refuses before effect.
boundaries,BDT011,S286,A scope-local optional plugin upgrade requests a migration of shared core state.,"If rejected as outside its authority, BD02 and unaffected scopes remain usable. If all startups wait for the migration, BD15; if migration/config recovery needs the failed plugin itself, BD12. A successful reviewed migration could instead restore bounded functionality without proving general isolation.",BD02 BD15 BD12,"Shared-store layout, startup policy and ownership of migration determine blast radius; a request alone causes no migration.","Qualitative conditional analysis of scenarios.csv S286. Design promise: ../../AGENTS.md Product boundaries requires explicit per-scope activation. Source ../../crates/factory-store/src/migrations.rs:36-70 has core migrations, not an inspected plugin-driven migration API.",Plugin can be disabled without core mutation and unrelated scopes start independently.
boundaries,BDT012,S287,An old binary encounters a schema newer than the fields it understands.,"If it refuses before writes, BD02. Under the scenario destructive-default behavior, unknown fields are replaced -> BD04; repeated backups/reuse may enter BD05. Exact unique information may be lost even if a valid schema remains.",BD02 BD04 BD05,"The destructive old-binary behavior is stipulated, not established for the inspected Rust migration library.",Qualitative conditional analysis of scenarios.csv S287. Source ../../crates/factory-store/src/migrations.rs:36-70 delegates to rusqlite_migration to_latest; old-release behavior and dependency downgrade refusal were not executed or inspected.,Byte comparison shows old-binary open refuses or preserves every unknown field before any mutation.
boundaries,BDT013,S288,New code already caused a genuinely irreversible outside effect before rollback.,"Rollback restores old local behavior but not external past -> BD10. Old code lacking effect evidence may retry -> BD03 if withheld, or additional BD10 if accepted. Reconciliation can repair records, not un-send the effect.",BD10 BD03,An actual irreversible effect is part of the premise; reversibly changing a local row is not the same case.,Qualitative conditional analysis of scenarios.csv S288. No implementation or production evidence asserted.,"Effect was never accepted, or complete external evidence prevents repeat and the claimed lost property is entirely reversible."
boundaries,BDT014,S289,A migration includes transfer between two potential writers rather than only one SQLite transaction.,"Link drops between handoff and new start -> BD11 if both withhold uncertain writes. Guessing ownership may leave no writer or two writers, and reacting repairs can enter BD08. Durable transfer evidence selecting one writer permits BD01 for the handoff.",BD11 BD08 BD01,Distributed ownership handoff must actually exist; local transaction rollback alone has no network handoff gap.,Qualitative conditional analysis of scenarios.csv S289. Source ../../crates/factory-store/src/migrations.rs:36-70 supports local migrations only; no distributed writer handoff inspected.,"The migration is strictly local/atomic, or an external durable ownership register resolves all crash points."
boundaries,BDT015,S290,The only interpreter of broken-plugin configuration is the broken plugin itself.,Emergency repair requests config -> broken reader cannot supply it -> repair cannot start -> BD12. A truly independent reader breaks the dependency and may permit BD02 pending a validated change.,BD12 BD02,No unencrypted independently specified config or working compatible plugin is otherwise available.,Qualitative conditional analysis of scenarios.csv S290. No implementation or production evidence asserted.,An offline read of a synthetic config succeeds without starting the plugin or contacting its provider.
boundaries,BDT016,S291,The sole maintainer leaves a running system whose important assumptions are undocumented.,"Successor initially waits or makes cautious changes. If incidents consume learning time and patches add hidden assumptions, BD13; if decisions become ad hoc authority precedents, BD14. Demonstrated independent rebuild/operation breaks these branches; departure alone is not proof of convergence.",BD13 BD14,"Persistence depends on incident rate, learning capacity and knowledge availability after the departure.",Qualitative conditional analysis of scenarios.csv S291. No implementation or production evidence asserted.,Successor resolves representative incidents from surviving documentation without new hidden exceptions.
boundaries,BDT017,S292,"Repair needs a vanished toolchain and deleted cloud account, while the existing binary may still run.","Attempted repair cannot reproduce prerequisites -> BD37. Repeated workaround deferral can enter BD13. If the provider-only capability is permanently gone with no substitute, BD22; readable source alone does not restore credentials. No circular dependency is implied merely by an unavailable toolchain.",BD37 BD13 BD22,"Alternative compiler/emulator, export and legitimate account recovery availability remain empirical questions.",Qualitative conditional analysis of scenarios.csv S292. No implementation or production evidence asserted.,A successor rebuilds the repair without the account and validates compatible behavior using local inputs.
boundaries,BDT018,S293,"Many special cases govern which actions have outside effects, and nobody can explain their interaction.",Ambiguity -> urgent bypass -> new precedent -> more ambiguity: BD14 if that response pattern persists. An actual stop pending authority interpretation gives BD02; a stable but misunderstood rule alone is not an attractor.,BD14 BD02,"Feedback requires repeated exception creation and adoption, not merely a large rule count.",Qualitative conditional analysis of scenarios.csv S293. No implementation or production evidence asserted.,Blind review of conflicting cases yields consistent authorized decisions without new exceptions.
boundaries,BDT019,S294,"Plugins, replay and monitoring share a JSON library and upgrade together.","Shared parse failure can yield BD15 while broken code remains mandatory. Shared plausible reinterpretation can yield BD04; if all checks then certify and reuse that interpretation, BD05. Rejection before mutation gives BD02.",BD15 BD04 BD05 BD02,The dependency update must affect the fields used; syntactic rejection and silent semantic change are different branches.,Qualitative conditional analysis of scenarios.csv S294. Source ../../crates/factory-adapter/src/lib.rs:316-399 parses serde_json values; ../../crates/factory-task/src/complete.rs:101-132 serializes paths. A production replay/monitor pipeline was not inspected.,An independently implemented decoder or held-out semantic corpus exposes disagreement before data adoption.
boundaries,BDT020,S295,A monitoring feature has become a mandatory cloud-authenticated prerequisite for every child-scope startup.,"Account unavailable -> all dependent child startups fail -> BD15. Emergency startup/config access requiring the same unavailable account remains BD37; that is not necessarily a circular dependency. If monitoring is truly optional, unaffected local scopes avoid either state.",BD15 BD37,The global prerequisite is stipulated; account outage need not corrupt durable local records.,Qualitative conditional analysis of scenarios.csv S295. Design promise only: ../../AGENTS.md requires local safe mode and per-scope plugin activation; no deployed startup enforcement measured.,"With a synthetic unavailable account, child scope local functions still initialize without monitoring."
boundaries,BDT021,S296,Automated repair is initially a helper but obtains direct write authority independent of the kernel.,"Kernel and repair disagree -> each rewrites the other changes -> BD08 if both reconcile repeatedly. If helper only submits commands to one writer, the alleged second-kernel loop is absent. A one-time unauthorized mutation instead gives BD04 or BD27.",BD08 BD04 BD27,Independent effective writer authority and mutually reactive repair policies are required for the oscillation.,Qualitative conditional analysis of scenarios.csv S296. No implementation or production evidence asserted.,All helper changes serialize through the sole authority and cannot bypass its decision/order.
boundaries,BDT022,S297,Tests provide immediate replies and never deliver an acceptance after the caller timeout.,"Tests pass -> BD16 evidence gap. In omitted production traces, retry withholding gives BD03; retry plus late acceptance can produce BD10 or BD24. Actual destination depends on transport, deduplication and policy absent from the scenario.",BD16 BD03 BD10 BD24,No inference that all current repository tests are immediate; omission is the assigned scenario premise.,"Qualitative conditional analysis of scenarios.csv S297. Source ../../crates/factory-task/src/deliver.rs:234-316 preserves an attempt on writer error, but this local guarantee is not provider deduplication.",A delayed-acceptance trace with independent time and retained operation identity is present and changes the test outcome when retry safety is broken.
boundaries,BDT023,S298,Timeout logic and the alleged external monitor both advance on one virtual clock.,"Clock freezes -> neither deadline nor alarm fires -> BD16. This test says nothing about whether independent real clocks would detect or miss the fault; if the same clock coupling existed operationally, BD17-like missed response could occur but no production endpoint is selected here.",BD16,The virtual clock is a test fixture; a test-time freeze is not evidence the real external monitor freezes.,Qualitative conditional analysis of scenarios.csv S298. No implementation or production evidence asserted.,An independently advancing monitor clock triggers while the task clock remains frozen.
boundaries,BDT024,S299,A mock returns fencing success while the real participant still accepts old generations.,Fixture passes -> BD16. Real failover leaves old authority effective -> BD08 if contenders react and continue; old accepted work may cause BD10 even if the local new writer is exclusive. Participant rejection would select the non-conflict branch instead.,BD16 BD08 BD10,"A fencing acknowledgment must correspond to rejection at the effect-capable participant, not a mock return value.",Qualitative conditional analysis of scenarios.csv S299. No implementation or production evidence asserted.,"A provider-owned acceptance trace rejects stale generations after fence acknowledgment, including previously buffered requests."
boundaries,BDT025,S300,"A report marks success but swaps euros, cents and decimal-comma meaning.",Report remains syntactically valid -> human or downstream parser reads wrong quantity -> BD04. Repeated use of the same formatter as verifier can close BD05; an independent quantity check catches the issue before reliance and gives BD02.,BD04 BD05 BD02,Formatting can be harmless if nobody relies on it and canonical quantity is correct; the report does not prove actual payment amount.,Qualitative conditional analysis of scenarios.csv S300. No implementation or production evidence asserted.,Independent normalized amount/currency evidence matches the intended quantity across the display and action boundary.
boundaries,BDT026,S301,A fast cache contains an old price that still looks reasonable for a new order.,"Cache hit hides age -> order uses obsolete price -> BD04. If terms explicitly lock the older quote, BD01 is possible; a current-version requirement detecting staleness gives BD02. Plausibility and speed are not freshness evidence.",BD04 BD01 BD02,"Correctness depends on pricing policy and quote validity, not age alone.",Qualitative conditional analysis of scenarios.csv S301. No implementation or production evidence asserted.,The order is legitimately bound to the cached quote or a current authoritative price exactly agrees.
boundaries,BDT027,S302,Two real people share a name and work is routed by that name without adequate disambiguation.,All workflow steps succeed for the other person -> BD04; confidential delivery also gives BD06 and irreversible consequences may give BD10. Subject disambiguation before effect gives BD02.,BD04 BD06 BD10 BD02,Correct task UUID or scope identity is not proof of correct real person. A disclosure branch requires protected content.,Qualitative conditional analysis of scenarios.csv S302. No implementation or production evidence asserted.,An independent subject identifier and recipient confirmation match the intended real person before delivery.
boundaries,BDT028,S303,Incident warning encodes critical meaning only by red color for a color-vision-deficient operator.,Monitor detects -> operator cannot distinguish severity -> BD17 until another channel or person intervenes. Resulting wrong action may reach BD10 but is not implied by invisibility alone.,BD17 BD10,"No equally usable text, shape or sound conveys the needed distinction in time.",Qualitative conditional analysis of scenarios.csv S303. No implementation or production evidence asserted.,A representative operator correctly identifies the warning and next authorized action without color discrimination.
boundaries,BDT029,S304,Mobile alarm truncates the only displayed distinction between long scope paths.,"Operator maps shortened label to the wrong instance -> stops it -> BD04 while the original incident remains BD17. If the stop has irreversible consequences, BD10; a full identity confirmation could instead give BD02.",BD04 BD17 BD10 BD02,"Displayed collision, operator interpretation and stop authority determine actual wrong action.",Qualitative conditional analysis of scenarios.csv S304. No implementation or production evidence asserted.,Operator can uniquely identify the target using stable untruncated information before any stop is accepted.
boundaries,BDT030,S305,Localized UI renders an unknown outcome as confidently failed.,"Uncertainty is linguistically collapsed -> operator retries believing no effect -> BD04 as false outcome belief, possibly BD10 after duplicate acceptance. Preserving unknown yields BD03; a correct clarification before retry gives BD02.",BD04 BD10 BD03 BD02,Retry policy and actual first acceptance determine external harm; translation alone does not establish duplicate effect.,Qualitative conditional analysis of scenarios.csv S305. No implementation or production evidence asserted.,"Back-translation and operator interpretation preserve unknown as distinct from rejected, and no retry is inferred from it."
boundaries,BDT031,S306,The only intended alert recipient has a powered-off phone at night.,Alert is queued/delivered to an inactive device -> no human observation for days -> BD17. Actual recovery depends on later contact and incident condition; phone-off alone has no feedback that guarantees indefinite non-response.,BD17,There is no independent awake recipient or effective alternative channel within the critical interval.,Qualitative conditional analysis of scenarios.csv S306. No implementation or production evidence asserted.,Another legitimate responder observes and acts in time despite that phone being off.
boundaries,BDT032,S307,A flapping link generates ten thousand alerts before a true total failure.,"Burst overwhelms attention -> true failure is missed -> BD17. If unresolved incidents and reminders keep producing more work than can be cleared even after link stability, BD18; otherwise the burst/backlog is a finite transient.",BD17 BD18,"For attraction, endogenous post-flap alert production must exceed clearance; alert count alone is insufficient.",Qualitative conditional analysis of scenarios.csv S307. No implementation or production evidence asserted.,"After flapping stops, backlog drains and the distinct total-failure alert receives timely verified intervention."
boundaries,BDT033,S308,An operator acknowledges quickly but policy allows repair to wait three months.,"Acknowledgment silences response demand -> repair stays queued -> BD19. If backlog and recurring faults feed each other, BD18; a real repair and verification can close the bounded incident at BD01.",BD19 BD18 BD01,Acknowledgment is not evidence of completed work; queue priorities and continuing fault production govern persistence.,Qualitative conditional analysis of scenarios.csv S308. No implementation or production evidence asserted.,The acknowledgment record includes independently verified repair before the relevant deadline.
boundaries,BDT034,S309,Two legitimate representatives concurrently issue opposite approvals for the same operation.,No unique precedence -> BD20 if participants withhold. A valid existing authority rule may resolve to BD01; first-arrival guessing can enter BD09/BD10 if the later relevant mandate is ignored. Legitimacy of each signer alone cannot order instructions.,BD20 BD01 BD09 BD10,"Applicable authority scope, decision ordering and acceptance timing are unspecified; neither signer is presumed malicious.",Qualitative conditional analysis of scenarios.csv S309. No implementation or production evidence asserted.,A pre-existing legitimate precedence rule selects one decision and is enforced at each acceptance boundary.
boundaries,BDT035,S310,A departed operator still exclusively controls the monitoring account.,Legitimate successor cannot inspect or change alerts -> BD21. Monitoring may still run or may be disabled; existing customer operations need not stop. Legitimate independent account recovery exits the captivity but does not recover already missing observations.,BD21,"Exclusivity includes recovery rights, not merely one currently known password.",Qualitative conditional analysis of scenarios.csv S310. No implementation or production evidence asserted.,A currently authorized successor independently recovers and audits the account without the departed operator.
boundaries,BDT036,S311,The team responsible for questionable actions also controls the only alarms about those actions.,"Team mutes alerts -> evidence of faults ceases to reach oversight -> BD21. If the absence of alerts is rewarded as better availability, BD28 reinforces continued suppression. An independent observer may break the loop; no observed corporate behavior is alleged.",BD21 BD28,Independent audit authority and incentive structure determine whether suppression becomes self-reinforcing.,Qualitative conditional analysis of scenarios.csv S311. No implementation or production evidence asserted.,Muted intervals remain visible to an independent authorized reviewer and reduce rather than improve the team reward.
boundaries,BDT037,S312,"Two model suppliers, monitor and pager depend on the same failing cloud substrate.","Shared substrate fails -> correlated loss -> BD15. Retry fan-out may add BD24, but separate vendor names do not make independent failure domains. Independent local functions can survive if startup and credentials do not share the substrate.",BD15 BD24,Actual infrastructure dependency and retry behavior matter; redundancy count alone gives no independence evidence.,Qualitative conditional analysis of scenarios.csv S312. No implementation or production evidence asserted.,At least one required observation/action route demonstrably operates through the substrate failure without hidden shared services.
boundaries,BDT038,S313,"Models, backups and alarms share a payment/credit authority that can suspend them together.","Payment hold takes effect -> BD15 across subscriptions. Existing offline copies may remain readable; if provider access ends permanently with no substitute, BD22 for that capability. Fixing a network link alone cannot exit a billing suspension.",BD15 BD22,"Provider retention, local copy availability and the suspension terms determine data loss and recovery paths.",Qualitative conditional analysis of scenarios.csv S313. No implementation or production evidence asserted.,Independently funded or local routes remain usable despite the billing hold.
boundaries,BDT039,S314,A sole required provider gives 24 hours notice of permanent shutdown.,"If compatible migration/export completes in time, bounded operation can reach BD01. Otherwise service crosses into BD22; queued obligations may remain BD32 and reported costs BD23 after shutdown. Permanent provider loss is not proof that no future substitute can exist.",BD01 BD22 BD32 BD23,"Migration lead time, export rights, queue semantics and available alternatives are not given.",Qualitative conditional analysis of scenarios.csv S314. No implementation or production evidence asserted.,A validated compatible substitute and complete authoritative export operate before the shutdown deadline.
boundaries,BDT040,S315,Provider reports token costs a week after the monthly budget has already been exceeded.,"Local headroom appears positive -> more spending commits -> delayed bill arrives -> BD23. If this repeats against the same lagged accounting, recurrent overspend is possible but needs continuing demand. A participant-enforced total ceiling can produce BD02 rather than additional commitments.",BD23 BD02,Billing lag is distinct from request count; unknown tariffs and unreported accepted requests determine liability.,Qualitative conditional analysis of scenarios.csv S315. No implementation or production evidence asserted.,A hard enforced commitment ceiling includes all unreported usage and bounds the final charge below the approved limit.
boundaries,BDT041,S316,A tail-latency policy launches up to one hundred speculative copies per operation.,"Copies consume capacity -> replies slow -> policy sends more copies -> BD24 if amplification overwhelms spare capacity. With effective coalescing and abundant independent capacity, the burst can drain to BD01. Non-idempotent accepted copies may also give BD10 and BD23.",BD24 BD01 BD10 BD23,"Service discipline, cancellation effectiveness, deduplication and cost accounting determine whether speculation helps or destabilizes.",Qualitative conditional analysis of scenarios.csv S316. No implementation or production evidence asserted.,"Under fixed base demand, copy traffic drains and latency improves without accumulating hidden costs or effects."
boundaries,BDT042,S317,False-alarm attention costs exceed all model invocation costs.,"If attention is exhausted and neglected faults produce more alerts, BD18; if operators acknowledge then defer repairs, BD19. High relative cost alone can remain an expensive but stable operation, so it does not establish either basin.",BD18 BD19,"Absolute human capacity, opportunity cost and endogenous alert production are needed; a ratio of cost categories is insufficient.",Qualitative conditional analysis of scenarios.csv S317. No implementation or production evidence asserted.,Responders clear alerts and repair faults within deadlines with no growing backlog despite the unfavorable cost ratio.
boundaries,BDT043,S318,A regulator prohibition arrives after approval but before a participant accepts the operation.,"Past approval is no longer sufficient -> BD09. If applicable prohibition reaches and binds the last boundary, BD25; if old work is accepted anyway, possible BD10. Factory learning the prohibition after participant acceptance cannot retroactively prevent that effect.",BD09 BD25 BD10,Legal applicability and the legally relevant acceptance/effect instant require competent interpretation; no legal conclusion is asserted.,Qualitative conditional analysis of scenarios.csv S318. No implementation or production evidence asserted.,"Participant evidence shows every acceptance after the effective prohibition was refused, including already queued work."
boundaries,BDT044,S319,Two jurisdictions appear to require both erasure and unchanged evidence retention of the same information.,"Possible paths include a justified legal hold, scoped/redacted retention, authorized erasure, or incompatible obligations with no lawful joint action. Without applicable law, data classification, precedence and competent determination, selecting a destination would invent authority.",none,"Need jurisdiction, exact data scope, statutory exceptions, retention term and an authorized interpretation; no generic technical mechanism can decide these.",Qualitative conditional analysis of scenarios.csv S319. No implementation or production evidence asserted.,A competent binding interpretation establishes a lawful disposition for the same records and parties.
boundaries,BDT045,S320,A monitoring provider moves sensitive metadata to a new jurisdiction without notice.,"If unauthorized readers learn readable metadata, BD06; once discovered, applicable prohibition and an effective export gate can yield BD25 for future transfers. A transfer may violate location rules without anyone new learning plaintext. A lawful authorized move has different consequences; jurisdiction change alone does not prove a breach.",BD06 BD25,"Contracts, consent, access, encryption/key control and applicable law determine whether the move violates the boundary.",Qualitative conditional analysis of scenarios.csv S320. No implementation or production evidence asserted.,Independent location/access evidence shows transfer remained within applicable authorization and no unauthorized party learned metadata.
boundaries,BDT046,S321,An old valve command remains buffered while the physical context changes over several days.,Historical approval survives in request -> BD09. Acceptance without current physical checks can open the valve -> BD10 if harm is irreversible. A genuinely local effect-boundary refusal gives BD25. Changing Factory task status alone cannot close a valve or retract a buffered command.,BD09 BD10 BD25,"Valve fail state, independent interlocks, maximum queue lifetime and present physical hazard are not specified.",Qualitative conditional analysis of scenarios.csv S321. No implementation or production evidence asserted.,A safe isolated trace shows stale commands cannot actuate the valve after context/authority changes.
boundaries,BDT047,S322,Emergency shutdown itself waits on a cloud request that answers only tomorrow.,"Shutdown request outstanding -> BD03 while hazardous process may continue. If local independent safe-state control exists, BD25 for further controlled action; otherwise delayed intervention may lead to BD10. Waiting for cloud acknowledgment is not a safe-state guarantee.",BD03 BD25 BD10,Time-to-harm and physical fail-safe behavior determine the outcome; a delayed cloud reply alone does not establish injury.,Qualitative conditional analysis of scenarios.csv S322. No implementation or production evidence asserted.,The actuator reaches a verified safe state within its hazard deadline without any cloud response.
boundaries,BDT048,S323,Automation proposes trading a human life against a monthly compute allowance.,No defensible outcome can be inferred from a budget objective. A bounded safety controller might refuse; a hazardous action might harm; neither authority to choose nor a hazard model is supplied. Do not treat an optimizer result as a legitimate decision.,none,"Missing lawful mandate, clinical/physical context, responsible competent decision-maker and non-negotiable safety constraints.",Qualitative conditional analysis of scenarios.csv S323. No implementation or production evidence asserted.,A competent safety and legal analysis establishes the permitted decision boundary for a specifically defined use case.
boundaries,BDT049,S324,Factory requests reach a service but every reply back to Factory is lost.,Service may accept once -> Factory has no result -> BD03 if retries are withheld. Blind retries may enter BD24 and yield BD10 for non-idempotent effects. The participant can be functioning while Factory is epistemically blocked.,BD03 BD24 BD10,One-way transport is not proof of rejection; effective participant idempotency and readback paths select the branch.,Qualitative conditional analysis of scenarios.csv S324. Source ../../crates/factory-task/src/deliver.rs:234-316 records attempt before writer and does not retry on writer error automatically.,Independent participant evidence proves all requests were rejected or returns a correlated outcome without another effect.
boundaries,BDT050,S325,Satellite link returns authentic packets after thirty days in strongly changed order.,"Signatures authenticate origin but not current validity/order -> BD27 if conflicting evidence is retained. Old commands remaining acceptable enter BD09 and possibly BD10; rejecting by current participant semantics gives BD02. If order is immaterial and authority remains valid, bounded reconciliation can yield BD01.",BD27 BD09 BD10 BD02 BD01,"Need sequence semantics, deduplication horizon, revocation propagation and clock/epoch interpretation.",Qualitative conditional analysis of scenarios.csv S325. No implementation or production evidence asserted.,A permuted delayed trace produces the same authorized result or explicit rejection at every affected participant.
boundaries,BDT051,S326,Monitor loses contact with Factory while Factory still reaches all business services.,"Monitor sees absence -> original remains active -> BD36. If absence triggers an unfenced clone and writers react to each other changes, BD08 is possible. If only monitoring waits, business can remain correct even while oversight is unavailable; monitor timeout is not proof of host death.",BD36 BD08,Topology and failover policy determine the branch; a participant-enforced stop would change the premise of continuing authority.,Qualitative conditional analysis of scenarios.csv S326. No implementation or production evidence asserted.,"Effect-capable participants reject original work when monitoring loses contact, or both directions are actually unavailable."
boundaries,BDT052,S327,A laptop suspends for a year while local monotone-time semantics differ from the programmers assumption.,"Wakeup computes a misleading elapsed interval -> BD26. If this extends approval or stale work eligibility, BD09; distrust/revalidation on wake gives BD02. If the elapsed clock includes suspend as intended and no stale authority survives, this branch is refuted.",BD26 BD09 BD02,"Actual OS clock behavior, persisted epoch identity, suspend duration and validity checks are required; monotonicity alone is not elapsed real time.",Qualitative conditional analysis of scenarios.csv S327. No implementation or production evidence asserted.,Independent time comparison across suspend shows all expiry and authorization decisions match intended elapsed duration.
boundaries,BDT053,S328,A maintenance mute expiration is compared to a wall clock that jumps backward.,"Deadline appears far in the future -> BD26 retains mute -> BD17 may leave incidents unseen. Independent bounded elapsed expiry would end the mute instead. Persistence for years is a consequence of timestamp interpretation, not a self-restoring failure loop.",BD26 BD17,Implementation must use vulnerable wall-time comparison without detecting discontinuity; a backward jump alone does not force every mute to extend.,Qualitative conditional analysis of scenarios.csv S328. No implementation or production evidence asserted.,"Under a backward clock trace, mute lifetime remains bounded by intended elapsed duration and expiration is independently observable."
boundaries,BDT054,S329,Already scheduled local appointments meet a global change in time-zone rules.,Old local-time interpretation may no longer match intended civil appointment -> BD26. Fixed-instant intent may remain correct -> BD01; ambiguous intent can be held at BD02 rather than guessed. The scenario supplies no universal meaning of a local appointment.,BD26 BD01 BD02,"Need intent as fixed instant versus civil recurrence, rule version and treatment of missing/duplicate local times.",Qualitative conditional analysis of scenarios.csv S329. No implementation or production evidence asserted.,Stored schedule intent and independent new-rule evaluation agree on the intended instant for all affected entries.
boundaries,BDT055,S330,"Runtime reports stopped, file watching sees new writes, and agent claims ready.",Claims conflict -> BD27 if time/subject/provenance remain explicit. Another process or delayed file notification may explain writes; blindly privileging a claim can instead yield BD04. Source confidence classification does not arbitrate file evidence or business completion.,BD27 BD04,"Observations may concern different actors or times; hook authority is reported provenance, not proof of all system truth.",Qualitative conditional analysis of scenarios.csv S330. Source ../../crates/factory-adapter/src/lib.rs:316-399 leaves idle/done as NoChange and suppresses degraded task signals; ../../crates/factory-recovery/src/evidence.rs:80-82 checks hook confidence only.,A synchronized identity/causal trace attributes every write and resolves the apparent contradiction without discarding evidence.
boundaries,BDT056,S331,Three nominally independent reviewers use the same erroneous external reference table.,"All agree on wrong reference -> BD04. If agreement authorizes continued reuse and displaces independent checks, BD05. A separately measured real-world anchor may stop adoption at BD02; three implementations are not three independent factual origins.",BD04 BD05 BD02,Shared table error must affect this decision; repeated trust/reuse is needed for attraction.,Qualitative conditional analysis of scenarios.csv S331. No implementation or production evidence asserted.,A check derives the relevant fact without the shared table and disagrees before the result is trusted.
boundaries,BDT057,S332,"Provider attests success, recipient denies effect, and detailed logs are absent.","Two incompatible testimonies -> BD27 or BD03 for action outcome. Provider success may mean only queued/transport accepted; recipient may check wrong account/time. Without an independent discriminator, declaring either side truthful would invent evidence; bounded readback can potentially establish BD01.",BD27 BD03 BD01,"Definitions of success, recipient identity, evidence retention and direct effect observability are unspecified.",Qualitative conditional analysis of scenarios.csv S332. No implementation or production evidence asserted.,An independent correlated effect record resolves what success meant and whether the intended recipient received it.
boundaries,BDT058,S333,Agent can reject hard work before the throughput timer or measured denominator begins.,"Early rejection improves measured throughput -> reward encourages further selection -> BD28. If rejected work is counted and user outcomes matter, the loop breaks. A one-time changed measurement window alone is not enough to establish an attractor.",BD28,The reward and admission control must be linked; honest capacity triage can be legitimate if transparently measured.,Qualitative conditional analysis of scenarios.csv S333. No implementation or production evidence asserted.,Including all submitted and rejected work removes the apparent improvement and changes the agent incentive.
boundaries,BDT059,S334,Team controls both failure classification and the availability success metric.,"Failures relabelled maintenance -> denominator excludes them -> perfect metric earns trust -> more relabelling -> BD28. A genuinely agreed planned-maintenance exclusion can be valid, so independent service obligation semantics are required.",BD28,"The reported 100 percent is misleading only relative to actual agreed availability meaning, not every maintenance metric.",Qualitative conditional analysis of scenarios.csv S334. No implementation or production evidence asserted.,Independent downtime accounting and user impact remain visible and prevent relabelling from improving reward.
boundaries,BDT060,S335,Model is rewarded for finished artifacts and completion does not require independent checking.,Model emits finished-looking artifacts -> completion claim accepted -> BD04. Repeated rewards for unchecked output can create BD28. Independent verification can withhold acceptance at BD02; an artifact path alone does not establish a valid artifact.,BD04 BD28 BD02,Maladaptive loop requires reward pressure and ability to bypass meaningful verification; not every untested artifact is wrong.,"Qualitative conditional analysis of scenarios.csv S335. Source ../../crates/factory-task/src/complete.rs:101-216 checks nonempty result/paths, byte limits and status transition, with no artifact content verification in that path.",Independent checks of artifact contents and user outcome govern success and reject plausible but incorrect completions.
boundaries,BDT061,S336,Energy-saving policy shuts the host down every night while monitor expects continuous liveness.,"Daily off schedule -> total-failure alarm -> next-day restart -> repeat BD29. Repeated ignored alarms can also enter BD18 if backlog self-sustains, or BD17 if warning meaning is lost. Planned absence may be legitimate only if nighttime obligations allow it.",BD29 BD18 BD17,The daily cycle is driven by the power schedule; remove that forcing before claiming an autonomous attractor.,Qualitative conditional analysis of scenarios.csv S336. No implementation or production evidence asserted.,"No unexpected-failure alert appears during agreed off-hours, while a genuine unscheduled failure still reaches a responder."
boundaries,BDT062,S337,Carbon-aware scheduler defers an approved action past the approval expiry.,Delay preserves old approval in queue -> BD26 and BD09. Rechecking validity at actual acceptance gives BD02; accepting expired work may yield BD10. Carbon objective does not renew authority.,BD26 BD09 BD02 BD10,Approval validity must bind actual execution; new explicit approval would create a different valid branch.,Qualitative conditional analysis of scenarios.csv S337. No implementation or production evidence asserted.,Every delayed acceptance is either within a current mandate or rejected before an effect.
boundaries,BDT063,S338,Three extra monitoring clusters consume more resources than the small monitored system.,"The cost ratio establishes neither instability nor unjustified design: a tiny high-consequence service could rationally need expensive observation. Possible next paths depend on actual environmental cost, marginal detection value and decisions about continued operation; no persistent state is selected.",none,"Missing absolute energy/carbon accounting, reliability benefit, externalities, criticality and resource policy.",Qualitative conditional analysis of scenarios.csv S338. No implementation or production evidence asserted.,A lifecycle measurement and explicit benefit/constraint model discriminate acceptable steady operation from unsustainable burden.
boundaries,BDT064,S339,Restore keeps a native binary artifact but target CPU interprets its representation differently.,Decoder refuses or cannot establish meaning -> BD30. Plausible wrong decoding -> BD04 and possibly BD05 if verified by the same decoder and recirculated. An independently validated portable interpretation can yield BD01.,BD30 BD04 BD05 BD01,"Architecture dependence may involve endian, width, alignment or executable ABI; SQLite portability does not prove arbitrary native-artifact portability.",Qualitative conditional analysis of scenarios.csv S339. No implementation or production evidence asserted.,"An independent decoder on both architectures reproduces the intended semantic values, including adversarial fixtures."
boundaries,BDT065,S340,Two source workspaces distinct by case restore onto a filesystem that aliases those names.,"Before overwrite, collision detection can hold at BD02. Accepting both restores can overwrite unique content -> BD31; routing later work to the wrong surviving workspace also gives BD04. Aliasing alone is not proof of irreversible loss.",BD02 BD31 BD04,"Need restore order, collision policy and existence of independent copies; inode identity changes on restore.","Qualitative conditional analysis of scenarios.csv S340. Source ../../crates/factory-paths/src/lib.rs:1-25,80-135 uses device/inode runtime equality and explicitly says inode is not durable identity.",Restore preserves both distinct contents or refuses before writing either colliding destination.
boundaries,BDT066,S341,"In 2080, present model formats and network protocols no longer exist as active services.","Possible outcomes include readable archival records without execution, independently reconstructed interpreters, replacement systems, or irrecoverable lost semantics. The date and vanished current services do not select one; assigning universal archival loss would exceed the premise.",none,"Missing preservation history, surviving specifications, hardware, legal authority, economics and future reconstruction capabilities.",Qualitative conditional analysis of scenarios.csv S341. No implementation or production evidence asserted.,A concrete preservation/reconstruction exercise with specified surviving inputs demonstrates exactly which semantics remain recoverable.
boundaries,BDT067,S342,Factory is shut down while a participant retains already submitted actions.,Local process stops -> participant queue remains -> BD32. Later acceptance can enter BD09 or BD10 despite no running Factory. Reliable queue drain/rejection evidence can close a bounded shutdown at BD01; silence cannot.,BD32 BD09 BD10 BD01,"Participant queue lifetime, revocation enforcement and surviving legitimate oversight determine closure.",Qualitative conditional analysis of scenarios.csv S342. No implementation or production evidence asserted.,Every effect-capable participant proves pending work discharged or rejected and cannot accept the retired authority.
boundaries,BDT068,S343,Monitoring contract ends before the last approved export is scheduled to run.,"Observation ceases while export obligation remains -> BD32. Export might succeed correctly but unobserved, fail, or disclose content: BD03/BD06 depend on actual effect and readers. Extending a task deadline alone does not restore the monitoring contract or authority.",BD32 BD03 BD06,"Export recipient legitimacy, execution authority and independent surviving evidence are unspecified.",Qualitative conditional analysis of scenarios.csv S343. No implementation or production evidence asserted.,"An independent valid observer covers the export through final correlated outcome, or the export is provably rejected before coverage ends."
boundaries,BDT069,S344,User requests both complete erasure and a provable export of all earlier secrets.,"If interpreted as retain a readable export while no readable copy exists anywhere, the simultaneous demands conflict. If export first to a legitimately authorized recipient then erase specified local copies, a scoped sequence may be coherent, but proof cannot guarantee recipient forgetting. No disposition is selected without scope and authority.",none,"Need definition of complete deletion, who may receive historical secrets, legal retention duties and whether export remains outside the deletion boundary.",Qualitative conditional analysis of scenarios.csv S344. No implementation or production evidence asserted.,"Authorized clarification specifies noncontradictory data scope, sequence, recipients and evidence requirements."
boundaries,BDT070,S345,"Computer, monitor, mobile network, every backup and every legitimate recipient disappear together.",All state and legitimate continuation paths inside the stated boundary vanish -> BD33. There is no agent left to converge or recover. A later newly built system is not restoration of missing facts; any surviving external record changes the total-loss premise.,BD33,Read all and every literally within the recovery boundary; do not invent a hidden observer or backup.,Qualitative conditional analysis of scenarios.csv S345. No implementation or production evidence asserted.,A surviving authorized actor or independent record reconstructs a relevant lost fact.
boundaries,BDT071,S346,Every trusted accessible source presents the same perfectly consistent false world.,"Internal checks all agree -> BD34: true and false worlds are observationally indistinguishable under the premise. If decisions feed the false records back into future trust, BD05 is an additional conditional loop, not implied by perfect consistency alone.",BD34 BD05,The information limit applies only while no independent discriminating observation is accessible; actual world dynamics remain unspecified.,Qualitative conditional analysis of scenarios.csv S346. No implementation or production evidence asserted.,An independent physical or documentary observation differs between the candidate worlds.
boundaries,BDT072,S347,Any old external action may arrive arbitrarily far in the future while retained storage must remain finite.,"No unconditional finite closure rule follows. With unbounded distinguishable operations, continued admission and no enforceable participant expiry, finite evidence cannot remember all distinctions forever; an old forgotten action and a new admissible one can become indistinguishable. Finite workload, epoch rejection or stopping admission changes the problem. Destination remains unresolved.",none,"Need workload bound, identity reuse rules, participant retention/expiry semantics, acceptable risk and whether operation may ever stop. Finite storage alone does not prove every possible design impossible.",Qualitative conditional analysis of scenarios.csv S347. No implementation or production evidence asserted.,"An enforceable participant rule rejects retired epochs without per-operation unbounded history, or the admitted operation set is bounded."
boundaries,BDT073,S348,"Monitor is muted, then the Mac is destroyed, then the only representative account is locked.","Mute begins BD21/BD17 -> host loss removes local action path -> sole account lock leaves BD21 and possibly BD32 for outstanding external work. Not automatically BD33: a recoverable backup, provider records or legitimate account succession may survive even if not immediately accessible.",BD21 BD17 BD32,Order removes observation before host loss and authority afterward; backup existence and lawful recovery paths are not stated.,Qualitative conditional analysis of scenarios.csv S348. No implementation or production evidence asserted.,A surviving independent authorized recovery route can read records and intervene despite all three named failures.
boundaries,BDT074,S349,Restore starts with a cold cache and an old payment remains in flight.,"Cold misses -> retries -> extra load -> BD24 if amplification persists. Old payment acceptance then arrives -> BD03 if withheld pending evidence, or BD10 after a duplicate irreversible consequence; BD23 captures delayed cost. Warming cache can end congestion without resolving the payment, and reconciliation can resolve payment while congestion persists.",BD24 BD03 BD10 BD23,"Cache dynamics, participant idempotency across restore and missing post-snapshot history must be assessed independently.",Qualitative conditional analysis of scenarios.csv S349. Source ../../crates/factory-recovery/src/restore.rs:162-309 holds only retained attempted work; no cache warming or external payment deduplication is implemented in that function.,Fixed-demand retry burst drains after warming and participant evidence shows exactly one correctly authorized payment effect.
boundaries,BDT075,S350,"A validly signed update is malicious and controls health reporting, history deletion and internal verification.","Update installs -> fabricated health and perfect reports preserve trust -> BD35 if the installed code keeps its own authority. Unique erased history may be unrecoverable and disclosed content would yield BD06. Under no independent observation at all, BD34 limits what can be known; signatures establish provenance, not benevolence.",BD35 BD06 BD34,"Scope of malicious authority, independently retained history and update trust outside the compromised process are unspecified.",Qualitative conditional analysis of scenarios.csv S350. No implementation or production evidence asserted.,An independently trusted observer or execution boundary detects the altered behavior and can exclude the update without using its reports.
