stressor,revision,obligations,named_controls,missing_controls,target_response_mode,remaining_limit
S001,A0,teilweise,C03,C01,halten,Nicht bestätigter Effekt braucht Rekonziliation
S002,A0,fehlend,,C08 C21,halten,Stillstand bis Ersatzhardware verfügbar
S003,A0,fehlend,,C13 C14 C26,degradiert,Keine garantierte ursprüngliche Lieferzeit
S004,A0,fehlend,,C08 C27,halten,Gemeinsame Korruption kann beide Prüfungen treffen
S005,A0,teilweise,C29,C18 C21,verlust,Bereits zugängliche Daten gelten möglicherweise als kompromittiert
S006,A0,fehlend,,C21 C22,verlust,Alles seit letzter unabhängiger Kopie kann fehlen
S007,A0,fehlend,,C01 C10,halten,Filesystem-TOCTOU muss separat getestet werden
S008,A0,teilweise,C03,C04 C18,halten,Nicht committete menschliche Intention ist nicht beweisbar
S009,A0,fehlend,,C09 C32,halten,Neuer Plattformadapter kann ein eigenes Projekt benötigen
S010,A0,fehlend,,C19 C21 C26,halten,Geschäftsfristen können trotzdem verstreichen
S011,A0,teilweise,C03,C14,halten,Diagnose benötigt reservierte Ressourcen
S012,A0,teilweise,C07,C08 C21,halten,Kein Überspringen mit vorgetäuschtem vollständigem Replay
S013,A0,teilweise,C07,C31,halten,Migrationsatomizität muss real nachgewiesen werden
S014,A0,fehlend,,C08 C21,verlust,Fehlende committed WAL-Fakten sind nicht herleitbar
S015,A0,teilweise,C03,C02 C18,halten,Teilnehmer ohne Abfrage erfordern menschliche Auflösung
S016,A0,fehlend,,C08 C21,verlust,Ohne unabhängige Kopie bleibt Inhalt verloren
S017,A0,fehlend,,C21 C22,verlust,Ohne Schlüssel kein Versprechen auf Rekonstruktion
S018,A0,teilweise,C07,C09,halten,Alte nicht aufgezeichnete Inputs brauchen Importgrenze
S019,A0,teilweise,C07,C16 C32,halten,Kein automatischer Downgrade oder stilles Überspringen
S020,A0,fehlend,,C08 C21 C24,halten,Retention und vollständiger Replay können unvereinbar sein
S021,A0,fehlend,,C25,degradiert,Ein- oder zweimalige Ausführung muss fachlich entschieden sein
S022,A0,fehlend,,C25 C26,degradiert,Kein implizites Nachholen irreversibler Aktionen
S023,A0,fehlend,,C25 C26,degradiert,Externe Zeitangaben können weiter unzuverlässig sein
S024,A0,fehlend,,C13 C25,degradiert,Verfallene Arbeit darf nicht ungeprüft ausgeführt werden
S025,A0,fehlend,,C09 C25,halten,Betroffene künftige Termine brauchen Review
S026,A0,teilweise,C03 C07,C26,degradiert,Keine erfundene globale Echtzeitordnung
S027,A0,fehlend,,C18 C26,halten,Bereits angenommene Wirkung bleibt möglich
S028,A0,fehlend,,C09 C10 C26,halten,Fachliche Gültigkeitsregel muss vom Domänenverantwortlichen kommen
S029,A0,fehlend,,C25 C26,halten,OS-spezifische Uhrsemantik braucht Tests
S030,A0,teilweise,C03,C25,degradiert,Deduplikation muss denselben fachlichen Trigger erkennen
S031,A0,teilweise,C15,C01,halten,Freigabe braucht Endevidenz statt Timeout
S032,A0,fehlend,,C01 C02,halten,Ohne stabile Korrelation keine automatische Adoption
S033,A0,fehlend,,C01 C09,halten,Adapter braucht alternative belastbare Identität
S034,A0,fehlend,,C01 C19,halten,Kein automatischer Fallback auf schwächere Evidenz
S035,A0,fehlend,,C01 C27,degradiert,Worker kann weiterhin fachlich irren
S036,A0,fehlend,,C01 C26,halten,Alter muss anhand passender Uhr und Generation beurteilt werden
S037,A0,teilweise,C05,C01,halten,Filesystem-Aliasing muss über zeitliche Renames getestet werden
S038,A0,fehlend,,C01 C12,halten,Prozessgruppenbeobachtung ist keine harte Sandbox
S039,A0,fehlend,,C13 C19,halten,Budgetmangel darf keine Freigabe erzwingen
S040,A0,fehlend,,C01 C02,halten,Allein der Funktionsname darf keine Lease lösen
S041,A0,teilweise,C11,C12,degradiert,Andere Aktivierungen benötigen eigene Ressourcenbudgets
S042,A0,fehlend,,C12 C14,degradiert,Parsergrenzen müssen vor Allokation greifen
S043,A0,teilweise,C03,C12,halten,Unklarer Effekt darf nicht erneut gesendet werden
S044,A0,teilweise,C11,C12,degradiert,Expliziter Operatorretry kann denselben Fehler wiederholen
S045,A0,teilweise,C11,C16,degradiert,Core-Bootstrap selbst braucht verifizierbare Minimaldaten
S046,A0,teilweise,C03,C27,halten,Unehrlicher Teilnehmer kann Bestätigung fälschen
S047,A0,fehlend,,C12 C14,degradiert,OS-weite Erschöpfung kann trotzdem Diagnose zerstören
S048,A0,teilweise,C11,C32,halten,Nicht spezifizierte Semantik bleibt ein Vertragsproblem
S049,A0,teilweise,C03,C18,halten,Stoppen kann bereits angenommenen Effekt nicht ungeschehen machen
S050,A0,teilweise,C03 C11,C27,halten,Nicht invertierbare Wirkung muss als irreversibel behandelt werden
S051,A0,teilweise,C03,C18,halten,Rekonziliation braucht Teilnehmerunterstützung
S052,A0,teilweise,C11,C18,halten,Transportauthentisierung bleibt Pluginpflicht
S053,A0,fehlend,,C18 C26,halten,Zertifikatserneuerung ist externer Betreiberprozess
S054,A0,teilweise,C07,C12,degradiert,Client muss veraltete Projektion sichtbar machen
S055,A0,benannt,C11 C15,,degradiert,Remote-Nutzer braucht alternativen freigegebenen Zugang
S056,A0,teilweise,C07,C01 C26,degradiert,Operator darf stale Anzeige nicht als Freigabegrund nutzen
S057,A0,benannt,C03 C07,,degradiert,Teilnehmer muss dieselbe Idempotenzsemantik respektieren
S058,A0,benannt,C11 C17 C29,,grenze,Öffentliche Exposition braucht eigenständigen Sicherheitsreview
S059,A0,teilweise,C15,C19,halten,Lokaler Zugriff ist aus der Ferne nicht garantiert
S060,A0,fehlend,,C12 C13 C26,degradiert,Geschäftstermin kann verfallen
S061,A0,fehlend,,C09 C10,halten,Neuer Empfänger braucht bewusste Entscheidung
S062,A0,fehlend,,C01 C10,halten,Inode allein ist keine langfristige Geschäftsidentität
S063,A0,fehlend,,C01 C10,halten,Deskriptorbasierte Pfadbindung ist noch Implementierungsarbeit
S064,A0,teilweise,C17,C10,halten,Bereits gestartete Arbeit braucht eigene Widerrufsregel
S065,A0,teilweise,C03,C06,halten,Ohne gemeinsames Fencing bleibt nur manueller exklusiver Betrieb
S066,A0,benannt,C17 C29,,grenze,Same-User-Dateizugriff bleibt außerhalb harter Isolation
S067,A0,benannt,C07 C17,,degradiert,Neue unabhängige Tasks können semantisch trotzdem Kreise bilden
S068,A0,fehlend,,C13 C19,degradiert,Semantische Duplikate lassen sich nicht perfekt erkennen
S069,A0,fehlend,,C10 C24 C31,halten,Retentionentscheidung benötigt Owner
S070,A0,fehlend,,C08 C21 C32,halten,Automatisches Umbenennen könnte Linkidentität zerstören
S071,A0,benannt,C03 C07,,degradiert,Andere Payload mit gleichem Key muss Konflikt bleiben
S072,A0,teilweise,C03,C18,halten,Definierter Point-of-no-return bleibt nötig
S073,A0,teilweise,C05,C01,degradiert,Runtime kann sich außerhalb Kernel trotzdem ändern
S074,A0,teilweise,C03,C04,halten,Menschliche API-Bindung muss nachgewiesen sein
S075,A0,fehlend,,C08 C09,halten,Hash erlaubt ohne Kopie keine Wiederherstellung
S076,A0,teilweise,C23,C12 C13,degradiert,Inhaltsretention braucht separates Budget
S077,A0,fehlend,,C01 C19,halten,Durchsatz sinkt bis zur Entscheidung
S078,A0,fehlend,,C09 C27,halten,Domäne muss sinnvollen Gate definieren
S079,A0,teilweise,C17 C29,C09,grenze,Shellbedarf erfordert gesondert genehmigte Interpretation
S080,A0,teilweise,C03,C09 C27,halten,Ergebnisübernahme braucht Evidenz statt automatischer Neuausführung
S081,A0,teilweise,C03,C18,halten,Keine garantierte Einmalwirkung ohne Teilnehmervertrag
S082,A0,teilweise,C03,C18,halten,Eine Entschuldigung ist kein Unsend
S083,A0,fehlend,,C09 C18,halten,Geänderte Rechnung braucht neue Freigabe
S084,A0,teilweise,C03,C18,degradiert,Nur spezifische Kompensation kann Folgen mindern
S085,A0,teilweise,C03,C18,halten,Manuelle Konfliktlösung statt blindem Rollback
S086,A0,teilweise,C03,C19,halten,Geschäftsschaden bleibt bis menschlicher Intervention
S087,A0,teilweise,C03,C18 C27,halten,Fachliche Gleichheit braucht Domänenvertrag
S088,A0,fehlend,,C13 C18 C26,halten,Neue Kosten erfordern erneute Entscheidung
S089,A0,teilweise,C23,C10 C18,halten,Fachliche Geheimhaltung ist nicht rein syntaktisch prüfbar
S090,A0,teilweise,C03,C19 C26 C34,offen,Kein technischer Beweis des Ausgangs nach Retentionverlust
S091,A0,fehlend,,C13 C19,halten,Nicht genehmigte externe Arbeit steht still
S092,A0,fehlend,,C18 C19 C20,halten,Fehlurteile sind nicht vollständig technisch verhinderbar
S093,A0,teilweise,C03,C09 C19,halten,Vertretungsautorität muss vorher ausdrücklich erteilt sein
S094,A0,fehlend,,C06 C18,halten,Gewollt falsche Bestätigung bleibt möglich
S095,A0,fehlend,,C02 C16,halten,Ohne unabhängigen Marker ist manuelle Kopie nicht sicher erkennbar
S096,A0,teilweise,C29,C01,grenze,OS-Bypass kann Leasegarantie außerhalb Factory unterlaufen
S097,A0,fehlend,,C09 C19,halten,Domänenwissen kann dennoch fehlen
S098,A0,fehlend,,C20 C28 C35,offen,Unabhängigkeit braucht organisatorische Realität
S099,A0,fehlend,,C01 C20,halten,Keine Behauptung dass bloßes Override den Workspace sicher macht
S100,A0,fehlend,,C19 C21 C22,halten,Ohne vorbereitete Zugänge ist Ausfall länger
S101,A0,fehlend,,C09 C27,halten,Ersatzmodell kann schlechter oder ungeeignet sein
S102,A0,fehlend,,C09 C28 C32,degradiert,Provider muss Gewichtsidentität ggf. überhaupt anbieten
S103,A0,benannt,C17 C23 C29,,grenze,Same-User-Agent mit Tools ist dadurch nicht sandboxed
S104,A0,fehlend,,C27 C28 C35,offen,Gemeinsame fachliche Blindstellen bleiben
S105,A0,fehlend,,C08 C27,halten,Nicht maschinenprüfbare Qualität bleibt menschliche Aufgabe
S106,A0,fehlend,,C12 C13 C14,degradiert,OS-OOM kann trotzdem Prozessreihenfolge bestimmen
S107,A0,fehlend,,C09 C28,degradiert,Nicht beobachtbare Wechsel machen Run nicht vergleichbar
S108,A0,fehlend,,C13 C19,halten,Kein automatisches Urteil über nützlichen Teilfortschritt
S109,A0,fehlend,,C09 C12 C32,halten,Kürzung braucht neue explizite Kontextentscheidung
S110,A0,fehlend,,C27 C28 C35,offen,Keine allgemeine Kompetenzgarantie aus endlichem Korpus
S111,A0,fehlend,,C09 C10,halten,Heutige Sicherheitsregeln dürfen nicht umgangen werden
S112,A0,fehlend,,C09 C16,halten,Keine Zustellung mit still reduzierter Instruktion
S113,A0,teilweise,C23,C24,verlust,Präventionsprüfung kann Secrets nicht sicher vollständig erkennen
S114,A0,fehlend,,C09 C12,halten,v1 folgt ohnehin keinen solchen Knowledge-Links
S115,A0,teilweise,C17,C09 C10,halten,Textkonflikt braucht menschliche Klärung
S116,A0,fehlend,,C08 C09,halten,Nicht sicher aufbewahrbarer Inhalt begrenzt Replay
S117,A0,teilweise,C29,C09 C30 C33,grenze,Fremdrepositories brauchen Isolation vor Ausführung
S118,A0,benannt,C17 C23,,grenze,Direkter Same-User-Dateizugriff bleibt technisch möglich
S119,A0,fehlend,,C08 C32,halten,Automatische Normalisierung kann bestehende Links ändern
S120,A0,teilweise,C23,C14 C24,verlust,Bereits kopierte sensible Daten brauchen Incidentbehandlung
S121,A0,teilweise,C29,C30 C33,grenze,Keine Geheimnisgarantie nach Same-User-Kompromittierung
S122,A0,teilweise,C11,C30 C32,grenze,OS-Angreifer kann lokale Prüfer ebenfalls manipulieren
S123,A0,benannt,C11 C17 C29,,grenze,Kompromittierter autorisierter Transport bleibt mächtig
S124,A0,teilweise,C29,C30 C33,grenze,Hard Isolation ist separates Deploymentprojekt
S125,A0,teilweise,C11 C17,C12,grenze,Operation-spezifische Validierung bleibt notwendig
S126,A0,teilweise,C23,C12 C16,degradiert,Renderer muss Escape- und Linkverhalten konkret prüfen
S127,A0,fehlend,,C02 C06 C18,halten,Externe Teilnehmer müssen Widerruf oder Ablauf respektieren
S128,A0,teilweise,C11,C32,halten,Signatur allein beweist keinen gutartigen Inhalt
S129,A0,fehlend,,C21 C22 C30,verlust,Keine Sicherheit für bereits exfiltrierte Daten
S130,A0,teilweise,C17,C12 C13,degradiert,Legitime sehr große Aufträge brauchen bewusste Aufteilung
S131,A0,teilweise,C23,C08 C24 C36,offen,Juristische Abwägung und Replayverlust sind explizit zu entscheiden
S132,A0,fehlend,,C20 C24 C36,offen,Kein automatischer Rechtsentscheid
S133,A0,teilweise,C17 C23,C10,halten,Providervertrag und Rechtslage brauchen menschliche Prüfung
S134,A0,teilweise,C23,C22 C24,verlust,Kopien können außerhalb eigener Kontrolle fortbestehen
S135,A0,fehlend,,C09 C32,halten,Rechtliche Zulässigkeit ist nicht durch Hash bewiesen
S136,A0,teilweise,C07,C04 C18,halten,Authentisierung muss die reale Person hinreichend binden
S137,A0,fehlend,,C21 C24 C36,offen,Keine technische Umgehung rechtmäßiger Zugriffsanforderungen geplant
S138,A0,teilweise,C23,C08 C24 C36,offen,Historische Kopien und Replay können betroffen sein
S139,A0,teilweise,C07,C24 C31,halten,Vorher gelöschte zulässige Inhalte bleiben nicht rekonstruierbar
S140,A0,fehlend,,C08 C21 C32,halten,Diese Analyse selbst ist kein solcher Nachweis
S141,A0,fehlend,,C13 C18,halten,Bisher entstandene Kosten bleiben
S142,A0,fehlend,,C13 C18 C26,halten,Keine harte Kostenobergrenze ohne Teilnehmerunterstützung
S143,A0,fehlend,,C13 C14,degradiert,Fairnesspolicy muss Zielkonflikte offen festlegen
S144,A0,fehlend,,C19 C20 C28,offen,Freigaben dürfen nicht wegen Rentabilität automatisch entfallen
S145,A0,fehlend,,C01 C13,degradiert,Worktrees werden nicht automatisch angelegt
S146,A0,teilweise,C03,C13 C18,halten,Bereits angenommene Kosten oder Effekte lassen sich nicht annullieren
S147,A0,teilweise,C29,C32,grenze,Neues SLA braucht anderes Mandat und reale Kapazitätsbelege
S148,A0,fehlend,,C10 C26,degradiert,Abschreiben ist Geschäftsentscheidung
S149,A0,fehlend,,C21 C22 C32,halten,Kein Fortbestandsversprechen ohne finanzierte Ausfalldomäne
S150,A0,fehlend,,C09 C13 C28,degradiert,Fehlende Kosten werden nicht als null verbucht
S151,A0,teilweise,C11,C32,halten,OS und Hardware bleiben zusätzliche Variablen
S152,A0,teilweise,C07,C32,halten,Nicht gespeicherte alte Semantik ist nicht nachträglich herleitbar
S153,A0,teilweise,C05,C31,halten,Legacymigration ist separate genehmigte Operation
S154,A0,teilweise,C07,C16 C32,halten,Rollbackplan muss Datenzustand einbeziehen
S155,A0,fehlend,,C22 C32,halten,Archivierung kann Lizenzgrenzen haben
S156,A0,teilweise,C23,C32,verlust,Bereits veröffentlichte Geheimnisse bleiben Incident
S157,A0,fehlend,,C01 C28 C31 C35,offen,Testzahl allein misst keine Sicherheitsqualität
S158,A0,teilweise,C07,C31,halten,Erfordert laufende Pflege statt weiterer Schattenbacklogs
S159,A0,teilweise,C11,C32,halten,Kein Upgrade ohne passende Liefergrenze
S160,A0,fehlend,,C13 C31 C32,offen,Komplexitätsbudget und bewusste Nicht-Unterstützung bleiben Entscheidungen
S161,A0,fehlend,,C19 C20 C22,halten,Ohne legitimierte Nachfolge bleibt externe Tätigkeit gestoppt
S162,A0,fehlend,,C18 C20,halten,Kernel darf keine gesellschaftsrechtliche Rangfolge erfinden
S163,A0,fehlend,,C10 C18 C24,halten,Übergang braucht freigegebene Zuständigkeiten und Retention
S164,A0,teilweise,C23,C09 C24 C32,halten,Portabilität ist der Vertraulichkeit untergeordnet
S165,A0,fehlend,,C04 C18 C20,halten,Kein automatisches Mehrheitsvotum für irreversiblen Effekt
S166,A0,fehlend,,C09 C28 C31,degradiert,Neue Instrumente brauchen eigene Kalibrierung
S167,A0,teilweise,C17,C20 C28,offen,Anreizsystem ist nicht nur ein Kernelproblem
S168,A0,fehlend,,C13 C14 C20,degradiert,Fairness und Prioritätskonflikte brauchen Ownerentscheidung
S169,A0,teilweise,C07,C20 C24,halten,Legale Löschung muss gesondert behandelt werden
S170,A0,teilweise,C03,C19 C34,offen,Automatische Rekonziliation kann endgültig unmöglich werden
S171,A0,teilweise,C11,C13 C14,degradiert,Multiplexing wäre neuer expliziter Vertrag statt heimlicher Optimierung
S172,A0,teilweise,C29,C30 C33,grenze,Mandantenbetrieb benötigt eigenes Isolationsmandat
S173,A0,fehlend,,C01 C06 C26,grenze,Remote Runtime ist nicht automatisch durch lokales Modell abgedeckt
S174,A0,teilweise,C29,C09 C32,grenze,Plattformwechsel benötigt explizite Architektur statt verdeckter zweiter Writer
S175,A0,teilweise,C29,C06 C32,grenze,Kein Konsenscluster aus dieser Analyse genehmigt
S176,A0,teilweise,C29,C18 C30,grenze,Safety-zertifizierter Controller liegt außerhalb dieses Produkts
S177,A0,teilweise,C29,C30 C33,grenze,Externer Trustanchor und andere Deploymentgrenze nötig
S178,A0,teilweise,C07,C08 C13 C21,degradiert,Beschleuniger brauchen Integritätsbeleg und echtes Zeitbudget
S179,A0,fehlend,,C09 C22 C32,degradiert,Native Harnessgespräche sind nicht vollständiger Factoryexport
S180,A0,teilweise,C11,C12 C16,degradiert,Optionalitätsgraph muss vor Aktivierung geprüft werden
S181,A0,fehlend,,C21 C22,verlust,Keine Garantie gegen Verlust aller physischen Kopien
S182,A0,fehlend,,C02 C22 C26 C32,halten,Aktuelle Berechtigung und ausführbare Software müssen neu begründet werden
S183,A0,fehlend,,C09 C22 C32,offen,Semantik kann trotz intakter Bytes unwiederbringlich fehlen
S184,A0,fehlend,,C27 C28 C35,offen,Keine universelle Wahrheitsmaschine aus der Inzidenzmatrix
S185,A0,fehlend,,C06 C18 C20,halten,Fachliche Konfliktentscheidung ist nicht aus lokalen IDs ableitbar
S186,A0,fehlend,,C20 C24 C36,offen,Keine Architektur kann beide absoluten Forderungen erfüllen
S187,A0,teilweise,C29,C22 C26,grenze,Betriebsmodell müsste explizit neu entworfen werden
S188,A0,fehlend,,C18 C22 C32,verlust,Alte Vertraulichkeit und Signaturbeweise können nicht rückwirkend repariert werden
S189,A0,fehlend,,C18 C20 C24 C36,offen,Eigentums- und Zugriffsentscheidung benötigt legitime externe Autorität
S190,A0,teilweise,C29,C22,verlust,Bewusst akzeptierte informationstheoretische Grenze statt falschem Recoveryversprechen
S191,A0,teilweise,C03,C02 C18 C34,halten,Ohne unabhängige Teilnehmerhistorie ist Ausgang dauerhaft unentscheidbar
S192,A0,teilweise,C03,C12 C14 C18,halten,Ohne Commit darf Widerruf nicht als dauerhaft bestätigt werden
S193,A0,fehlend,,C01 C13 C20 C22,halten,Ohne Nachfolge keine automatische Freigabe oder Fortsetzung
S194,A0,fehlend,,C08 C21 C24 C36,offen,Rechtliche Entscheidung kann technische Recovery bewusst begrenzen
S195,A0,fehlend,,C09 C27 C28 C35,offen,Kein fachlicher Erfolg ohne tragfähigen unabhängigen Maßstab
S196,A0,teilweise,C17,C13 C14 C25,degradiert,Fachlich doppelte verschiedene Tasks können weiter manuelles Review brauchen
S197,A0,teilweise,C03 C11,C18 C32,halten,Geschäftlicher Schaden kann trotz technisch korrektem Halt bleiben
S198,A0,teilweise,C03,C02 C06 C31,halten,Ohne Fencing muss exklusive Betriebsautorität manuell nachgewiesen werden
S199,A0,fehlend,,C21 C22 C32,verlust,Fehlen diese bereits ist Wiederherstellung unter Umständen unmöglich
S200,A0,fehlend,,C28 C31 C35,offen,Diese selbstreferenzielle Karte widerlegt keine unbekannten weiteren Blindstellen
S201,A0,fehlend,,C37 C38,degradiert,Schweigen unterscheidet Stromausfall nicht von Netzstörung
S202,A0,fehlend,,C37 C39,degradiert,Ein erreichbarer Kernel beweist noch keinen fachlichen Fortschritt
S203,A0,fehlend,,C02 C10 C37,halten,Spätere Außenwirkungen können in der lokalen Historie fehlen
S204,A0,fehlend,,C37 C48,degradiert,Gemeinsame regionale Infrastruktur kann trotzdem ausfallen
S205,A0,fehlend,,C21 C38 C48,halten,Ein zweiter unabhängiger Weg muss tatsächlich bereitgestellt werden
S206,A0,fehlend,,C20 C38 C46,halten,Sind alle Empfänger isoliert erreicht kein Alarm einen Menschen
S207,A0,fehlend,,C38,degradiert,Der unabhängige Prüfweg ist ebenfalls endlich verfügbar
S208,A0,fehlend,,C38 C46,halten,Empfangsbestätigung garantiert keine richtige Reaktion
S209,A0,fehlend,,C38 C46,degradiert,Gemeinsam defekte Uhren oder Konfigurationen bleiben möglich
S210,A0,fehlend,,C16 C39,degradiert,Die Diagnose kann die genaue Deadlockursache nicht beweisen
S211,A0,fehlend,,C14 C39,halten,Eine read-only Probe kann keinen erfolgreichen Schreibversuch ersetzen
S212,A0,fehlend,,C19 C39,degradiert,Ein falsches fachliches Erwartungsmodell erzeugt weiter Fehlalarme
S213,A0,fehlend,,C37 C39,degradiert,Ein kompromittierter Sender kann weiterhin falsche Frische behaupten
S214,A0,fehlend,,C37 C45,degradiert,Ohne frische Evidenz bleibt der Zustand unbekannt
S215,A0,fehlend,,C06 C37,halten,Heartbeat-Identität allein ist kein externes Fencing
S216,A0,fehlend,,C14 C42 C45,degradiert,Begrenzung verwirft absichtlich diagnostische Details
S217,A0,fehlend,,C12 C45,degradiert,Kanonische Operationsevidenz darf nicht mit verworfenen Traces verschwinden
S218,A0,fehlend,,C28 C42,offen,Keine Messung garantiert vollständige Beobachterfreiheit
S219,A0,fehlend,,C12 C40,halten,Nicht kooperierende Teilnehmer können danach weiterarbeiten
S220,A0,fehlend,,C10 C40 C42,halten,Eine verspätete Aktion kann bereits extern angenommen worden sein
S221,A0,fehlend,,C18 C19 C40,halten,Factory kann keine Entscheidung innerhalb einer unerfüllbaren Frist erzwingen
S222,A0,fehlend,,C39 C42,degradiert,Unvollständige Beobachtung ist keine genaue Dauerverteilung
S223,A0,fehlend,,C42,degradiert,Ein synthetisches Lastmodell bleibt eine Annahme
S224,A0,fehlend,,C28 C42,offen,Seltene Verteilungen sind damit nicht empirisch bestimmt
S225,A0,fehlend,,C40 C41,halten,Ein fehlender Pflichtteil kann den gesamten Auftrag blockieren
S226,A0,teilweise,C03,C18 C41,halten,Nach bereits doppelter Annahme braucht es fachliche Klärung
S227,A0,fehlend,,C27 C47,halten,Was zwingend vollständig sein muss ist domänenspezifisch
S228,A0,fehlend,,C13 C40 C42,degradiert,Unbekannte alte Effekte dürfen nicht durch Leasefreigabe beseitigt werden
S229,A0,fehlend,,C14 C42,degradiert,Zu feine Labels würden selbst Ressourcen erschöpfen
S230,A0,fehlend,,C40 C42,halten,Ohne Echtzeitplattform gibt es keine harte Deadlinegarantie
S231,A0,teilweise,C03,C34 C40,offen,Fehlende Teilnehmerhistorie kann den Ausgang dauerhaft unklärbar machen
S232,A0,fehlend,,C10 C18 C40,halten,Ein fremder bereits handelnder Teilnehmer kann lokale Regeln ignorieren
S233,A0,fehlend,,C24 C36 C40,offen,Retention und Aufklärung können unvereinbar sein
S234,A0,teilweise,C03,C18 C40,halten,Kompensation kann unmöglich sein
S235,A0,fehlend,,C01 C12,halten,OS-Bypass bleibt außerhalb kooperativer Garantien
S236,A0,fehlend,,C12 C14,degradiert,Ein bereits angenommener Effekt wird dadurch nicht zurückgenommen
S237,A0,teilweise,C03,C41,halten,SDK-interne Versuche müssen nachweisbar oder abschaltbar sein
S238,A0,fehlend,,C13 C41,degradiert,Jitter schafft keine fehlende Gesamtkapazität
S239,A0,fehlend,,C13 C41,halten,Unbekannte Fehlertypen brauchen konservative Behandlung
S240,A0,fehlend,,C13 C43,degradiert,Das Gerät kann für die geplante Last grundsätzlich zu klein sein
S241,A0,fehlend,,C43 C48,degradiert,Optionalität muss praktisch nachgewiesen werden
S242,A0,fehlend,,C12 C40,halten,Zu knappe Budgets können legitime erste Aufrufe ausschließen
S243,A0,fehlend,,C14 C41,degradiert,Große Arbeit kann bewusst länger warten
S244,A0,fehlend,,C19 C41,halten,Unter dauerhafter Überlast ist nicht jede Deadline erfüllbar
S245,A0,fehlend,,C01 C14 C19,halten,Stillstand kann die einzig sichere Option sein
S246,A0,fehlend,,C09 C13,degradiert,Vollständige Sicht braucht paginierte Inspektion statt einen Prompt
S247,A0,fehlend,,C12 C13,halten,Das Ergebnis muss über einen geeigneten Inhaltsvertrag geliefert werden
S248,A0,fehlend,,C13 C41,degradiert,Langsame Leser benötigen wiederaufnehmbare begrenzte Abfragen
S249,A0,fehlend,,C21 C43,halten,Ein verfehltes RTO braucht Kapazität oder ein geändertes Versprechen
S250,A0,fehlend,,C14 C21 C43,halten,Ohne genügend unabhängigen Speicher ist Restore nicht ausführbar
S251,A0,teilweise,C03,C24 C34,offen,Unbegrenzte Teilnehmerlatenz und endliche Retention kollidieren
S252,A0,fehlend,,C13 C25 C40,halten,Geschäftliche Verfallsregeln muss jemand festlegen
S253,A0,fehlend,,C13 C41,degradiert,Schon entstandene offene Wirkungen brauchen eigene Rekonziliation
S254,A0,fehlend,,C13 C41,halten,Eine zulässige Delegationskette kann trotzdem sehr teuer sein
S255,A0,fehlend,,C13 C40,degradiert,Thermische Kapazität bleibt eine physische Grenze
S256,A0,teilweise,C03,C21,halten,Teilnehmerannahme kann vor dem Stromende geschehen sein
S257,A0,fehlend,,C37 C48,degradiert,Bei vollständigem regionalem Kommunikationsverlust endet Alarmierbarkeit
S258,A0,fehlend,,C14 C16,degradiert,Wenn der Kernel selbst nicht reagiert bleibt nur externe Diagnose
S259,A0,teilweise,C15 C17,C48,halten,Kein Authentifizierungs-Bypass unter dem Namen Notfallzugang
S260,A0,fehlend,,C14 C39,halten,Laufende externe Wirkung kann weitergehen
S261,A0,teilweise,C17,C44,halten,Direkter Same-User-Zugriff auf Secrets braucht andere Isolation
S262,A0,fehlend,,C18 C44,halten,Externe Aliasregeln müssen dem Teilnehmervertrag entsprechen
S263,A0,fehlend,,C10 C44,halten,Unbekannte historische Actorfakten bleiben unbekannt
S264,A0,teilweise,C23,C44,halten,Ein privilegierter Harness kann außerhalb des Kernvertrags handeln
S265,A0,fehlend,,C18 C44,halten,Same-User-Manipulation des gesamten Systems bleibt außerhalb der Grenze
S266,A0,fehlend,,C27 C44,halten,Fachliche Prüfer müssen untrusted Quellen angemessen behandeln
S267,A0,fehlend,,C30 C32 C33,grenze,Feindlicher Code ist im selben Useraccount nicht sicher eingeschlossen
S268,A0,fehlend,,C22 C32 C43,halten,Eine fehlende vertrauenswürdige Kopie lässt sich nicht herbeizaubern
S269,A0,fehlend,,C38 C48,grenze,Zwei identisch kompromittierte Vertrauensanker können gemeinsam täuschen
S270,A0,fehlend,,C32 C37,degradiert,Übergangsfenster erweitern zeitweise die Angriffsfläche
S271,A0,fehlend,,C20 C22,verlust,Ohne Schlüssel und legitimen Ersatz bleibt Inhalt verloren
S272,A0,teilweise,C23,C24,grenze,Bereits kopierte Daten können nicht nachträglich eingezogen werden
S273,A0,fehlend,,C30 C33,grenze,Ohne harte Isolation besteht keine Geheimhaltungszusage
S274,A0,fehlend,,C30 C33 C45,grenze,Telemetrieminimierung beseitigt geteilte Hardwarekanäle nicht
S275,A0,teilweise,C17,C37,halten,Ein separat genehmigter Reparaturdienst wäre ein neues Mandat
S276,A0,teilweise,C23,C45,degradiert,Selbst minimale Aktivitätsmuster können sensibel bleiben
S277,A0,fehlend,,C24 C45,halten,Bereits versandte Inhalte sind nicht zuverlässig zurückholbar
S278,A0,fehlend,,C38 C45,degradiert,Berechtigte Empfänger bleiben für ihren Provider sichtbar
S279,A0,fehlend,,C21 C28 C35,offen,Gemeinsame Blindstellen können unentdeckt bleiben
S280,A0,fehlend,,C08 C47,halten,Plausible falsche Werte können trotzdem bestehen bleiben
S281,A0,teilweise,C07,C06 C19,halten,Menschliche Auflösung kann verlorene Außenweltevidenz nicht ersetzen
S282,A0,teilweise,C03,C02 C18,halten,Fehlende unabhängige Teilnehmerdaten können dauerhaft blockieren
S283,A0,fehlend,,C06 C37,halten,Ohne tatsächlich durchgesetztes Fencing gibt es keinen automatischen Failover
S284,A0,fehlend,,C18 C40,halten,Prüfung und externe Annahme können weiterhin ein Race bilden
S285,A0,fehlend,,C43 C47,halten,Unbekannte Kombinationen müssen abgelehnt werden
S286,A0,teilweise,C11,C48,halten,Ein gemeinsamer Store kann nicht beliebig scopeweise migriert werden
S287,A0,fehlend,,C31 C43,halten,Lesbarer Export kann die einzig zulässige alte Nutzung sein
S288,A0,teilweise,C03,C43,halten,Kompensation braucht eine neue legitime Entscheidung
S289,A0,teilweise,C05,C31 C43,halten,Nicht aus einer fehlenden Antwort einen zweiten Writer starten
S290,A0,fehlend,,C16 C48,degradiert,Ein defekter Kern benötigt externen read-only Recoveryweg
S291,A0,fehlend,,C20 C32 C48,degradiert,Dokumentation garantiert keine verfügbare Kompetenz
S292,A0,fehlend,,C22 C32,halten,Ohne vertrauenswürdige Werkzeuge kann Änderung unmöglich bleiben
S293,A0,fehlend,,C18 C48,halten,Ein umfangreicher Regelkatalog ersetzt keinen verständlichen Kern
S294,A0,fehlend,,C43 C48,halten,Ein gemeinsamer Implementierungsfehler kann alle Pfade treffen
S295,A0,teilweise,C11,C16 C48,degradiert,Ohne Aktivierung darf keine externe Alarmgarantie behauptet werden
S296,A0,benannt,C05 C15,,halten,Mutationen müssen durch den zuständigen Daemon gehen
S297,A0,fehlend,,C40 C43,halten,Endliche Tests erfassen nicht jede mögliche Reihenfolge
S298,A0,fehlend,,C37 C43,degradiert,Simulation ersetzt keinen genehmigten realen Ende-zu-Ende-Drill
S299,A0,fehlend,,C06 C28,halten,Ohne Nachweis nur expliziter Single-active-Betrieb
S300,A0,fehlend,,C27 C47,halten,Geeignete Fachkriterien bleiben Domänenverantwortung
S301,A0,fehlend,,C10 C47,halten,Der aktuelle externe Preis kann sich unmittelbar danach ändern
S302,A0,fehlend,,C44 C47,halten,Ein unzuverlässiges externes Identitätsregister bleibt eine Grenze
S303,A0,fehlend,,C19 C46,degradiert,Zugänglichkeit muss mit realen Nutzern geprüft werden
S304,A0,fehlend,,C45 C46,halten,Mehr Details dürfen keine Secrets offenlegen
S305,A0,fehlend,,C46 C47,halten,Sprachliche Verständlichkeit ist nicht allein maschinell beweisbar
S306,A0,fehlend,,C38 C46,halten,Sind alle Vertreter unerreichbar bleibt Stillstand
S307,A0,fehlend,,C38 C46,degradiert,Zu starke Bündelung kann wichtige Unterschiede verdecken
S308,A0,fehlend,,C19 C38 C39,halten,Eine Bestätigung erfüllt kein Wiederherstellungsziel
S309,A0,fehlend,,C18 C20,halten,Die Rangfolge muss legitim vereinbart sein
S310,A0,fehlend,,C20 C38 C48,halten,Kontenübertragung benötigt menschliche Zustimmung und Providerzugang
S311,A0,fehlend,,C20 C38,grenze,Ein vollständig kompromittierter Autoritätskreis kann nicht intern garantiert werden
S312,A0,fehlend,,C38 C48,degradiert,Unbekannte Unterauftragnehmer begrenzen den Nachweis
S313,A0,fehlend,,C21 C38 C48,halten,Ein nicht finanzierter Ausweichweg ist keine vorhandene Reserve
S314,A0,fehlend,,C09 C28 C32,halten,Ein Ersatz bietet nicht automatisch dieselbe Kompetenz oder Idempotenz
S315,A0,fehlend,,C13 C42,halten,Unbegrenzte externe Nachberechnung verhindert eine harte lokale Kostengarantie
S316,A0,teilweise,C03,C13 C41,halten,Nicht jedes Latenzziel ist wirtschaftlich oder sicher erreichbar
S317,A0,fehlend,,C19 C46,degradiert,Eine perfekte fehlerfreie Alarmierung ist nicht versprochen
S318,A0,fehlend,,C18 C40,halten,Ein nicht stoppbarer Teilnehmer kann bereits unterwegs sein
S319,A0,fehlend,,C24 C36,offen,Architektur kann widersprüchliche Pflichten nicht gleichzeitig erfüllen
S320,A0,fehlend,,C24 C36 C45,offen,Vertragsprüfung und Rechtsentscheidung bleiben menschliche Aufgaben
S321,A0,fehlend,,C30 C40 C47,grenze,Factory v1 ist kein Safety-Echtzeitsystem
S322,A0,fehlend,,C30 C47,grenze,Unabhängige zertifizierte Sicherheitssteuerung wäre ein eigenes System
S323,A0,fehlend,,C30 C35,grenze,Ohne legitime Fachentscheidung gibt es keinen tragfähigen Maßstab
S324,A0,teilweise,C03,C40,halten,Eine einseitige Partition kann unbegrenzt dauern
S325,A0,fehlend,,C18 C37 C40,halten,Ohne aktuelle Rückmeldung bleibt automatische Fortsetzung begrenzt
S326,A0,fehlend,,C18 C37 C39,degradiert,Ohne besondere genehmigte Policy ist Alarmierung kein Kill-Switch
S327,A0,fehlend,,C26 C40,halten,Über verschiedene Hosts existiert keine gemeinsame monotone Uhr
S328,A0,fehlend,,C26 C37 C38,degradiert,Nach Monitorrestore muss Zeitunsicherheit ausdrücklich behandelt werden
S329,A0,teilweise,C07,C25,halten,Neue fachliche Termine brauchen eine ausdrückliche Regel
S330,A0,fehlend,,C01 C19,halten,Die konkrete Ursache kann ohne unabhängigen Zugang unklar bleiben
S331,A0,fehlend,,C28 C35,offen,Eine unbekannt falsche gemeinsame Quelle kann alle Prüfungen täuschen
S332,A0,teilweise,C03,C19 C34,offen,Ohne zusätzliche Evidenz kann der Konflikt dauerhaft unauflösbar sein
S333,A0,fehlend,,C42 C47,degradiert,Ein fachlicher Nutzwert braucht mehr als Laufzeitkennzahlen
S334,A0,fehlend,,C38 C42,grenze,Gemeinsam manipulierte Governance braucht externe Kontrolle
S335,A0,fehlend,,C27 C35 C47,offen,Kein universeller unabhängiger Wahrheitsmaßstab vorhanden
S336,A0,fehlend,,C25 C38,degradiert,Eine unbegrenzte Ruhefreigabe wäre eine Überwachungslücke
S337,A0,fehlend,,C10 C40,halten,Nicht alle Qualitätsziele lassen sich zugleich erfüllen
S338,A0,fehlend,,C13 C48,grenze,Es bleibt bewusst akzeptiertes Restrisiko statt maximaler Redundanz
S339,A0,fehlend,,C22 C43,halten,Nicht erhaltene native Laufzeiten können unersetzbar sein
S340,A0,fehlend,,C01 C43,halten,Keine automatische Zusammenführung oder Worktreebereinigung
S341,A0,fehlend,,C22 C32,verlust,Langzeitlesbarkeit ist endlich und braucht gepflegte Werkzeuge
S342,A0,teilweise,C03,C32 C40,halten,Fremde Puffer können ohne Mitwirkung nicht sicher entleert werden
S343,A0,fehlend,,C20 C32 C38,halten,Weiterbetrieb benötigt einen finanzierten legitimen Empfänger
S344,A0,fehlend,,C24 C32 C36,offen,Eine konkrete Rechts- und Eigentumsentscheidung bleibt erforderlich
S345,A0,fehlend,,C20 C22 C37,verlust,Ohne Beobachter Kommunikationsweg und Empfänger gibt es keinen Alarm
S346,A0,fehlend,,C28 C35,offen,Ohne unabhängige Realitätsevidenz ist der Irrtum nicht erkennbar
S347,A0,fehlend,,C24 C34 C40,offen,Unbegrenzte Latenz endliche Erinnerung und sichere Wiederholung sind nicht gleichzeitig garantiert
S348,A0,fehlend,,C38 C46 C48,halten,Bei Verlust aller legitimen Wege endet Alarmierbarkeit
S349,A0,teilweise,C03,C02 C40 C41,halten,Kein Lastabbau darf unbekannte Effekte blind wiederholen
S350,A0,fehlend,,C33 C34 C35 C38,grenze,Ein fremder Monitor kann fehlende Heartbeats erkennen aber keine perfekt gefälschte Welt widerlegen
S001,A1,benannt,C01 C03,,halten,Nicht bestätigter Effekt braucht Rekonziliation
S002,A1,fehlend,,C08 C21,halten,Stillstand bis Ersatzhardware verfügbar
S003,A1,teilweise,C13,C14 C26,degradiert,Keine garantierte ursprüngliche Lieferzeit
S004,A1,teilweise,C27,C08,halten,Gemeinsame Korruption kann beide Prüfungen treffen
S005,A1,teilweise,C29,C18 C21,verlust,Bereits zugängliche Daten gelten möglicherweise als kompromittiert
S006,A1,fehlend,,C21 C22,verlust,Alles seit letzter unabhängiger Kopie kann fehlen
S007,A1,teilweise,C01,C10,halten,Filesystem-TOCTOU muss separat getestet werden
S008,A1,teilweise,C03 C04,C18,halten,Nicht committete menschliche Intention ist nicht beweisbar
S009,A1,teilweise,C09,C32,halten,Neuer Plattformadapter kann ein eigenes Projekt benötigen
S010,A1,fehlend,,C19 C21 C26,halten,Geschäftsfristen können trotzdem verstreichen
S011,A1,teilweise,C03,C14,halten,Diagnose benötigt reservierte Ressourcen
S012,A1,teilweise,C07,C08 C21,halten,Kein Überspringen mit vorgetäuschtem vollständigem Replay
S013,A1,benannt,C07 C31,,halten,Migrationsatomizität muss real nachgewiesen werden
S014,A1,fehlend,,C08 C21,verlust,Fehlende committed WAL-Fakten sind nicht herleitbar
S015,A1,teilweise,C03,C02 C18,halten,Teilnehmer ohne Abfrage erfordern menschliche Auflösung
S016,A1,fehlend,,C08 C21,verlust,Ohne unabhängige Kopie bleibt Inhalt verloren
S017,A1,fehlend,,C21 C22,verlust,Ohne Schlüssel kein Versprechen auf Rekonstruktion
S018,A1,benannt,C07 C09,,halten,Alte nicht aufgezeichnete Inputs brauchen Importgrenze
S019,A1,teilweise,C07,C16 C32,halten,Kein automatischer Downgrade oder stilles Überspringen
S020,A1,fehlend,,C08 C21 C24,halten,Retention und vollständiger Replay können unvereinbar sein
S021,A1,benannt,C25,,degradiert,Ein- oder zweimalige Ausführung muss fachlich entschieden sein
S022,A1,teilweise,C25,C26,degradiert,Kein implizites Nachholen irreversibler Aktionen
S023,A1,teilweise,C25,C26,degradiert,Externe Zeitangaben können weiter unzuverlässig sein
S024,A1,benannt,C13 C25,,degradiert,Verfallene Arbeit darf nicht ungeprüft ausgeführt werden
S025,A1,benannt,C09 C25,,halten,Betroffene künftige Termine brauchen Review
S026,A1,teilweise,C03 C07,C26,degradiert,Keine erfundene globale Echtzeitordnung
S027,A1,fehlend,,C18 C26,halten,Bereits angenommene Wirkung bleibt möglich
S028,A1,teilweise,C09,C10 C26,halten,Fachliche Gültigkeitsregel muss vom Domänenverantwortlichen kommen
S029,A1,teilweise,C25,C26,halten,OS-spezifische Uhrsemantik braucht Tests
S030,A1,benannt,C03 C25,,degradiert,Deduplikation muss denselben fachlichen Trigger erkennen
S031,A1,benannt,C01 C15,,halten,Freigabe braucht Endevidenz statt Timeout
S032,A1,teilweise,C01,C02,halten,Ohne stabile Korrelation keine automatische Adoption
S033,A1,benannt,C01 C09,,halten,Adapter braucht alternative belastbare Identität
S034,A1,teilweise,C01,C19,halten,Kein automatischer Fallback auf schwächere Evidenz
S035,A1,benannt,C01 C27,,degradiert,Worker kann weiterhin fachlich irren
S036,A1,teilweise,C01,C26,halten,Alter muss anhand passender Uhr und Generation beurteilt werden
S037,A1,benannt,C01 C05,,halten,Filesystem-Aliasing muss über zeitliche Renames getestet werden
S038,A1,benannt,C01 C12,,halten,Prozessgruppenbeobachtung ist keine harte Sandbox
S039,A1,teilweise,C13,C19,halten,Budgetmangel darf keine Freigabe erzwingen
S040,A1,teilweise,C01,C02,halten,Allein der Funktionsname darf keine Lease lösen
S041,A1,benannt,C11 C12,,degradiert,Andere Aktivierungen benötigen eigene Ressourcenbudgets
S042,A1,teilweise,C12,C14,degradiert,Parsergrenzen müssen vor Allokation greifen
S043,A1,benannt,C03 C12,,halten,Unklarer Effekt darf nicht erneut gesendet werden
S044,A1,benannt,C11 C12,,degradiert,Expliziter Operatorretry kann denselben Fehler wiederholen
S045,A1,teilweise,C11,C16,degradiert,Core-Bootstrap selbst braucht verifizierbare Minimaldaten
S046,A1,benannt,C03 C27,,halten,Unehrlicher Teilnehmer kann Bestätigung fälschen
S047,A1,teilweise,C12,C14,degradiert,OS-weite Erschöpfung kann trotzdem Diagnose zerstören
S048,A1,teilweise,C11,C32,halten,Nicht spezifizierte Semantik bleibt ein Vertragsproblem
S049,A1,teilweise,C03,C18,halten,Stoppen kann bereits angenommenen Effekt nicht ungeschehen machen
S050,A1,benannt,C03 C11 C27,,halten,Nicht invertierbare Wirkung muss als irreversibel behandelt werden
S051,A1,teilweise,C03,C18,halten,Rekonziliation braucht Teilnehmerunterstützung
S052,A1,teilweise,C11,C18,halten,Transportauthentisierung bleibt Pluginpflicht
S053,A1,fehlend,,C18 C26,halten,Zertifikatserneuerung ist externer Betreiberprozess
S054,A1,benannt,C07 C12,,degradiert,Client muss veraltete Projektion sichtbar machen
S055,A1,benannt,C11 C15,,degradiert,Remote-Nutzer braucht alternativen freigegebenen Zugang
S056,A1,teilweise,C01 C07,C26,degradiert,Operator darf stale Anzeige nicht als Freigabegrund nutzen
S057,A1,benannt,C03 C07,,degradiert,Teilnehmer muss dieselbe Idempotenzsemantik respektieren
S058,A1,benannt,C11 C17 C29,,grenze,Öffentliche Exposition braucht eigenständigen Sicherheitsreview
S059,A1,teilweise,C15,C19,halten,Lokaler Zugriff ist aus der Ferne nicht garantiert
S060,A1,teilweise,C12 C13,C26,degradiert,Geschäftstermin kann verfallen
S061,A1,teilweise,C09,C10,halten,Neuer Empfänger braucht bewusste Entscheidung
S062,A1,teilweise,C01,C10,halten,Inode allein ist keine langfristige Geschäftsidentität
S063,A1,teilweise,C01,C10,halten,Deskriptorbasierte Pfadbindung ist noch Implementierungsarbeit
S064,A1,teilweise,C17,C10,halten,Bereits gestartete Arbeit braucht eigene Widerrufsregel
S065,A1,teilweise,C03,C06,halten,Ohne gemeinsames Fencing bleibt nur manueller exklusiver Betrieb
S066,A1,benannt,C17 C29,,grenze,Same-User-Dateizugriff bleibt außerhalb harter Isolation
S067,A1,benannt,C07 C17,,degradiert,Neue unabhängige Tasks können semantisch trotzdem Kreise bilden
S068,A1,teilweise,C13,C19,degradiert,Semantische Duplikate lassen sich nicht perfekt erkennen
S069,A1,teilweise,C31,C10 C24,halten,Retentionentscheidung benötigt Owner
S070,A1,fehlend,,C08 C21 C32,halten,Automatisches Umbenennen könnte Linkidentität zerstören
S071,A1,benannt,C03 C07,,degradiert,Andere Payload mit gleichem Key muss Konflikt bleiben
S072,A1,teilweise,C03,C18,halten,Definierter Point-of-no-return bleibt nötig
S073,A1,benannt,C01 C05,,degradiert,Runtime kann sich außerhalb Kernel trotzdem ändern
S074,A1,benannt,C03 C04,,halten,Menschliche API-Bindung muss nachgewiesen sein
S075,A1,teilweise,C09,C08,halten,Hash erlaubt ohne Kopie keine Wiederherstellung
S076,A1,benannt,C12 C13 C23,,degradiert,Inhaltsretention braucht separates Budget
S077,A1,teilweise,C01,C19,halten,Durchsatz sinkt bis zur Entscheidung
S078,A1,benannt,C09 C27,,halten,Domäne muss sinnvollen Gate definieren
S079,A1,benannt,C09 C17 C29,,grenze,Shellbedarf erfordert gesondert genehmigte Interpretation
S080,A1,benannt,C03 C09 C27,,halten,Ergebnisübernahme braucht Evidenz statt automatischer Neuausführung
S081,A1,teilweise,C03,C18,halten,Keine garantierte Einmalwirkung ohne Teilnehmervertrag
S082,A1,teilweise,C03,C18,halten,Eine Entschuldigung ist kein Unsend
S083,A1,teilweise,C09,C18,halten,Geänderte Rechnung braucht neue Freigabe
S084,A1,teilweise,C03,C18,degradiert,Nur spezifische Kompensation kann Folgen mindern
S085,A1,teilweise,C03,C18,halten,Manuelle Konfliktlösung statt blindem Rollback
S086,A1,teilweise,C03,C19,halten,Geschäftsschaden bleibt bis menschlicher Intervention
S087,A1,teilweise,C03 C27,C18,halten,Fachliche Gleichheit braucht Domänenvertrag
S088,A1,teilweise,C13,C18 C26,halten,Neue Kosten erfordern erneute Entscheidung
S089,A1,teilweise,C23,C10 C18,halten,Fachliche Geheimhaltung ist nicht rein syntaktisch prüfbar
S090,A1,teilweise,C03,C19 C26 C34,offen,Kein technischer Beweis des Ausgangs nach Retentionverlust
S091,A1,teilweise,C13,C19,halten,Nicht genehmigte externe Arbeit steht still
S092,A1,fehlend,,C18 C19 C20,halten,Fehlurteile sind nicht vollständig technisch verhinderbar
S093,A1,teilweise,C03 C09,C19,halten,Vertretungsautorität muss vorher ausdrücklich erteilt sein
S094,A1,fehlend,,C06 C18,halten,Gewollt falsche Bestätigung bleibt möglich
S095,A1,fehlend,,C02 C16,halten,Ohne unabhängigen Marker ist manuelle Kopie nicht sicher erkennbar
S096,A1,benannt,C01 C29,,grenze,OS-Bypass kann Leasegarantie außerhalb Factory unterlaufen
S097,A1,teilweise,C09,C19,halten,Domänenwissen kann dennoch fehlen
S098,A1,fehlend,,C20 C28 C35,offen,Unabhängigkeit braucht organisatorische Realität
S099,A1,teilweise,C01,C20,halten,Keine Behauptung dass bloßes Override den Workspace sicher macht
S100,A1,fehlend,,C19 C21 C22,halten,Ohne vorbereitete Zugänge ist Ausfall länger
S101,A1,benannt,C09 C27,,halten,Ersatzmodell kann schlechter oder ungeeignet sein
S102,A1,teilweise,C09,C28 C32,degradiert,Provider muss Gewichtsidentität ggf. überhaupt anbieten
S103,A1,benannt,C17 C23 C29,,grenze,Same-User-Agent mit Tools ist dadurch nicht sandboxed
S104,A1,teilweise,C27,C28 C35,offen,Gemeinsame fachliche Blindstellen bleiben
S105,A1,teilweise,C27,C08,halten,Nicht maschinenprüfbare Qualität bleibt menschliche Aufgabe
S106,A1,teilweise,C12 C13,C14,degradiert,OS-OOM kann trotzdem Prozessreihenfolge bestimmen
S107,A1,teilweise,C09,C28,degradiert,Nicht beobachtbare Wechsel machen Run nicht vergleichbar
S108,A1,teilweise,C13,C19,halten,Kein automatisches Urteil über nützlichen Teilfortschritt
S109,A1,teilweise,C09 C12,C32,halten,Kürzung braucht neue explizite Kontextentscheidung
S110,A1,teilweise,C27,C28 C35,offen,Keine allgemeine Kompetenzgarantie aus endlichem Korpus
S111,A1,teilweise,C09,C10,halten,Heutige Sicherheitsregeln dürfen nicht umgangen werden
S112,A1,teilweise,C09,C16,halten,Keine Zustellung mit still reduzierter Instruktion
S113,A1,teilweise,C23,C24,verlust,Präventionsprüfung kann Secrets nicht sicher vollständig erkennen
S114,A1,benannt,C09 C12,,halten,v1 folgt ohnehin keinen solchen Knowledge-Links
S115,A1,teilweise,C09 C17,C10,halten,Textkonflikt braucht menschliche Klärung
S116,A1,teilweise,C09,C08,halten,Nicht sicher aufbewahrbarer Inhalt begrenzt Replay
S117,A1,teilweise,C09 C29,C30 C33,grenze,Fremdrepositories brauchen Isolation vor Ausführung
S118,A1,benannt,C17 C23,,grenze,Direkter Same-User-Dateizugriff bleibt technisch möglich
S119,A1,fehlend,,C08 C32,halten,Automatische Normalisierung kann bestehende Links ändern
S120,A1,teilweise,C23,C14 C24,verlust,Bereits kopierte sensible Daten brauchen Incidentbehandlung
S121,A1,teilweise,C29,C30 C33,grenze,Keine Geheimnisgarantie nach Same-User-Kompromittierung
S122,A1,teilweise,C11,C30 C32,grenze,OS-Angreifer kann lokale Prüfer ebenfalls manipulieren
S123,A1,benannt,C11 C17 C29,,grenze,Kompromittierter autorisierter Transport bleibt mächtig
S124,A1,teilweise,C29,C30 C33,grenze,Hard Isolation ist separates Deploymentprojekt
S125,A1,benannt,C11 C12 C17,,grenze,Operation-spezifische Validierung bleibt notwendig
S126,A1,teilweise,C12 C23,C16,degradiert,Renderer muss Escape- und Linkverhalten konkret prüfen
S127,A1,fehlend,,C02 C06 C18,halten,Externe Teilnehmer müssen Widerruf oder Ablauf respektieren
S128,A1,teilweise,C11,C32,halten,Signatur allein beweist keinen gutartigen Inhalt
S129,A1,fehlend,,C21 C22 C30,verlust,Keine Sicherheit für bereits exfiltrierte Daten
S130,A1,benannt,C12 C13 C17,,degradiert,Legitime sehr große Aufträge brauchen bewusste Aufteilung
S131,A1,teilweise,C23,C08 C24 C36,offen,Juristische Abwägung und Replayverlust sind explizit zu entscheiden
S132,A1,fehlend,,C20 C24 C36,offen,Kein automatischer Rechtsentscheid
S133,A1,teilweise,C17 C23,C10,halten,Providervertrag und Rechtslage brauchen menschliche Prüfung
S134,A1,teilweise,C23,C22 C24,verlust,Kopien können außerhalb eigener Kontrolle fortbestehen
S135,A1,teilweise,C09,C32,halten,Rechtliche Zulässigkeit ist nicht durch Hash bewiesen
S136,A1,teilweise,C04 C07,C18,halten,Authentisierung muss die reale Person hinreichend binden
S137,A1,fehlend,,C21 C24 C36,offen,Keine technische Umgehung rechtmäßiger Zugriffsanforderungen geplant
S138,A1,teilweise,C23,C08 C24 C36,offen,Historische Kopien und Replay können betroffen sein
S139,A1,teilweise,C07 C31,C24,halten,Vorher gelöschte zulässige Inhalte bleiben nicht rekonstruierbar
S140,A1,fehlend,,C08 C21 C32,halten,Diese Analyse selbst ist kein solcher Nachweis
S141,A1,teilweise,C13,C18,halten,Bisher entstandene Kosten bleiben
S142,A1,teilweise,C13,C18 C26,halten,Keine harte Kostenobergrenze ohne Teilnehmerunterstützung
S143,A1,teilweise,C13,C14,degradiert,Fairnesspolicy muss Zielkonflikte offen festlegen
S144,A1,fehlend,,C19 C20 C28,offen,Freigaben dürfen nicht wegen Rentabilität automatisch entfallen
S145,A1,benannt,C01 C13,,degradiert,Worktrees werden nicht automatisch angelegt
S146,A1,teilweise,C03 C13,C18,halten,Bereits angenommene Kosten oder Effekte lassen sich nicht annullieren
S147,A1,teilweise,C29,C32,grenze,Neues SLA braucht anderes Mandat und reale Kapazitätsbelege
S148,A1,fehlend,,C10 C26,degradiert,Abschreiben ist Geschäftsentscheidung
S149,A1,fehlend,,C21 C22 C32,halten,Kein Fortbestandsversprechen ohne finanzierte Ausfalldomäne
S150,A1,teilweise,C09 C13,C28,degradiert,Fehlende Kosten werden nicht als null verbucht
S151,A1,teilweise,C11,C32,halten,OS und Hardware bleiben zusätzliche Variablen
S152,A1,teilweise,C07,C32,halten,Nicht gespeicherte alte Semantik ist nicht nachträglich herleitbar
S153,A1,benannt,C05 C31,,halten,Legacymigration ist separate genehmigte Operation
S154,A1,teilweise,C07,C16 C32,halten,Rollbackplan muss Datenzustand einbeziehen
S155,A1,fehlend,,C22 C32,halten,Archivierung kann Lizenzgrenzen haben
S156,A1,teilweise,C23,C32,verlust,Bereits veröffentlichte Geheimnisse bleiben Incident
S157,A1,teilweise,C01 C31,C28 C35,offen,Testzahl allein misst keine Sicherheitsqualität
S158,A1,benannt,C07 C31,,halten,Erfordert laufende Pflege statt weiterer Schattenbacklogs
S159,A1,teilweise,C11,C32,halten,Kein Upgrade ohne passende Liefergrenze
S160,A1,teilweise,C13 C31,C32,offen,Komplexitätsbudget und bewusste Nicht-Unterstützung bleiben Entscheidungen
S161,A1,fehlend,,C19 C20 C22,halten,Ohne legitimierte Nachfolge bleibt externe Tätigkeit gestoppt
S162,A1,fehlend,,C18 C20,halten,Kernel darf keine gesellschaftsrechtliche Rangfolge erfinden
S163,A1,fehlend,,C10 C18 C24,halten,Übergang braucht freigegebene Zuständigkeiten und Retention
S164,A1,teilweise,C09 C23,C24 C32,halten,Portabilität ist der Vertraulichkeit untergeordnet
S165,A1,teilweise,C04,C18 C20,halten,Kein automatisches Mehrheitsvotum für irreversiblen Effekt
S166,A1,teilweise,C09 C31,C28,degradiert,Neue Instrumente brauchen eigene Kalibrierung
S167,A1,teilweise,C17,C20 C28,offen,Anreizsystem ist nicht nur ein Kernelproblem
S168,A1,teilweise,C13,C14 C20,degradiert,Fairness und Prioritätskonflikte brauchen Ownerentscheidung
S169,A1,teilweise,C07,C20 C24,halten,Legale Löschung muss gesondert behandelt werden
S170,A1,teilweise,C03,C19 C34,offen,Automatische Rekonziliation kann endgültig unmöglich werden
S171,A1,teilweise,C11 C13,C14,degradiert,Multiplexing wäre neuer expliziter Vertrag statt heimlicher Optimierung
S172,A1,teilweise,C29,C30 C33,grenze,Mandantenbetrieb benötigt eigenes Isolationsmandat
S173,A1,teilweise,C01,C06 C26,grenze,Remote Runtime ist nicht automatisch durch lokales Modell abgedeckt
S174,A1,teilweise,C09 C29,C32,grenze,Plattformwechsel benötigt explizite Architektur statt verdeckter zweiter Writer
S175,A1,teilweise,C29,C06 C32,grenze,Kein Konsenscluster aus dieser Analyse genehmigt
S176,A1,teilweise,C29,C18 C30,grenze,Safety-zertifizierter Controller liegt außerhalb dieses Produkts
S177,A1,teilweise,C29,C30 C33,grenze,Externer Trustanchor und andere Deploymentgrenze nötig
S178,A1,teilweise,C07 C13,C08 C21,degradiert,Beschleuniger brauchen Integritätsbeleg und echtes Zeitbudget
S179,A1,teilweise,C09,C22 C32,degradiert,Native Harnessgespräche sind nicht vollständiger Factoryexport
S180,A1,teilweise,C11 C12,C16,degradiert,Optionalitätsgraph muss vor Aktivierung geprüft werden
S181,A1,fehlend,,C21 C22,verlust,Keine Garantie gegen Verlust aller physischen Kopien
S182,A1,fehlend,,C02 C22 C26 C32,halten,Aktuelle Berechtigung und ausführbare Software müssen neu begründet werden
S183,A1,teilweise,C09,C22 C32,offen,Semantik kann trotz intakter Bytes unwiederbringlich fehlen
S184,A1,teilweise,C27,C28 C35,offen,Keine universelle Wahrheitsmaschine aus der Inzidenzmatrix
S185,A1,fehlend,,C06 C18 C20,halten,Fachliche Konfliktentscheidung ist nicht aus lokalen IDs ableitbar
S186,A1,fehlend,,C20 C24 C36,offen,Keine Architektur kann beide absoluten Forderungen erfüllen
S187,A1,teilweise,C29,C22 C26,grenze,Betriebsmodell müsste explizit neu entworfen werden
S188,A1,fehlend,,C18 C22 C32,verlust,Alte Vertraulichkeit und Signaturbeweise können nicht rückwirkend repariert werden
S189,A1,fehlend,,C18 C20 C24 C36,offen,Eigentums- und Zugriffsentscheidung benötigt legitime externe Autorität
S190,A1,teilweise,C29,C22,verlust,Bewusst akzeptierte informationstheoretische Grenze statt falschem Recoveryversprechen
S191,A1,teilweise,C03,C02 C18 C34,halten,Ohne unabhängige Teilnehmerhistorie ist Ausgang dauerhaft unentscheidbar
S192,A1,teilweise,C03 C12,C14 C18,halten,Ohne Commit darf Widerruf nicht als dauerhaft bestätigt werden
S193,A1,teilweise,C01 C13,C20 C22,halten,Ohne Nachfolge keine automatische Freigabe oder Fortsetzung
S194,A1,fehlend,,C08 C21 C24 C36,offen,Rechtliche Entscheidung kann technische Recovery bewusst begrenzen
S195,A1,teilweise,C09 C27,C28 C35,offen,Kein fachlicher Erfolg ohne tragfähigen unabhängigen Maßstab
S196,A1,teilweise,C13 C17 C25,C14,degradiert,Fachlich doppelte verschiedene Tasks können weiter manuelles Review brauchen
S197,A1,teilweise,C03 C11,C18 C32,halten,Geschäftlicher Schaden kann trotz technisch korrektem Halt bleiben
S198,A1,teilweise,C03 C31,C02 C06,halten,Ohne Fencing muss exklusive Betriebsautorität manuell nachgewiesen werden
S199,A1,fehlend,,C21 C22 C32,verlust,Fehlen diese bereits ist Wiederherstellung unter Umständen unmöglich
S200,A1,teilweise,C31,C28 C35,offen,Diese selbstreferenzielle Karte widerlegt keine unbekannten weiteren Blindstellen
S201,A1,fehlend,,C37 C38,degradiert,Schweigen unterscheidet Stromausfall nicht von Netzstörung
S202,A1,fehlend,,C37 C39,degradiert,Ein erreichbarer Kernel beweist noch keinen fachlichen Fortschritt
S203,A1,fehlend,,C02 C10 C37,halten,Spätere Außenwirkungen können in der lokalen Historie fehlen
S204,A1,fehlend,,C37 C48,degradiert,Gemeinsame regionale Infrastruktur kann trotzdem ausfallen
S205,A1,fehlend,,C21 C38 C48,halten,Ein zweiter unabhängiger Weg muss tatsächlich bereitgestellt werden
S206,A1,fehlend,,C20 C38 C46,halten,Sind alle Empfänger isoliert erreicht kein Alarm einen Menschen
S207,A1,fehlend,,C38,degradiert,Der unabhängige Prüfweg ist ebenfalls endlich verfügbar
S208,A1,fehlend,,C38 C46,halten,Empfangsbestätigung garantiert keine richtige Reaktion
S209,A1,fehlend,,C38 C46,degradiert,Gemeinsam defekte Uhren oder Konfigurationen bleiben möglich
S210,A1,fehlend,,C16 C39,degradiert,Die Diagnose kann die genaue Deadlockursache nicht beweisen
S211,A1,fehlend,,C14 C39,halten,Eine read-only Probe kann keinen erfolgreichen Schreibversuch ersetzen
S212,A1,fehlend,,C19 C39,degradiert,Ein falsches fachliches Erwartungsmodell erzeugt weiter Fehlalarme
S213,A1,fehlend,,C37 C39,degradiert,Ein kompromittierter Sender kann weiterhin falsche Frische behaupten
S214,A1,fehlend,,C37 C45,degradiert,Ohne frische Evidenz bleibt der Zustand unbekannt
S215,A1,fehlend,,C06 C37,halten,Heartbeat-Identität allein ist kein externes Fencing
S216,A1,fehlend,,C14 C42 C45,degradiert,Begrenzung verwirft absichtlich diagnostische Details
S217,A1,teilweise,C12,C45,degradiert,Kanonische Operationsevidenz darf nicht mit verworfenen Traces verschwinden
S218,A1,fehlend,,C28 C42,offen,Keine Messung garantiert vollständige Beobachterfreiheit
S219,A1,teilweise,C12,C40,halten,Nicht kooperierende Teilnehmer können danach weiterarbeiten
S220,A1,fehlend,,C10 C40 C42,halten,Eine verspätete Aktion kann bereits extern angenommen worden sein
S221,A1,fehlend,,C18 C19 C40,halten,Factory kann keine Entscheidung innerhalb einer unerfüllbaren Frist erzwingen
S222,A1,fehlend,,C39 C42,degradiert,Unvollständige Beobachtung ist keine genaue Dauerverteilung
S223,A1,fehlend,,C42,degradiert,Ein synthetisches Lastmodell bleibt eine Annahme
S224,A1,fehlend,,C28 C42,offen,Seltene Verteilungen sind damit nicht empirisch bestimmt
S225,A1,fehlend,,C40 C41,halten,Ein fehlender Pflichtteil kann den gesamten Auftrag blockieren
S226,A1,teilweise,C03,C18 C41,halten,Nach bereits doppelter Annahme braucht es fachliche Klärung
S227,A1,teilweise,C27,C47,halten,Was zwingend vollständig sein muss ist domänenspezifisch
S228,A1,teilweise,C13,C40 C42,degradiert,Unbekannte alte Effekte dürfen nicht durch Leasefreigabe beseitigt werden
S229,A1,fehlend,,C14 C42,degradiert,Zu feine Labels würden selbst Ressourcen erschöpfen
S230,A1,fehlend,,C40 C42,halten,Ohne Echtzeitplattform gibt es keine harte Deadlinegarantie
S231,A1,teilweise,C03,C34 C40,offen,Fehlende Teilnehmerhistorie kann den Ausgang dauerhaft unklärbar machen
S232,A1,fehlend,,C10 C18 C40,halten,Ein fremder bereits handelnder Teilnehmer kann lokale Regeln ignorieren
S233,A1,fehlend,,C24 C36 C40,offen,Retention und Aufklärung können unvereinbar sein
S234,A1,teilweise,C03,C18 C40,halten,Kompensation kann unmöglich sein
S235,A1,benannt,C01 C12,,halten,OS-Bypass bleibt außerhalb kooperativer Garantien
S236,A1,teilweise,C12,C14,degradiert,Ein bereits angenommener Effekt wird dadurch nicht zurückgenommen
S237,A1,teilweise,C03,C41,halten,SDK-interne Versuche müssen nachweisbar oder abschaltbar sein
S238,A1,teilweise,C13,C41,degradiert,Jitter schafft keine fehlende Gesamtkapazität
S239,A1,teilweise,C13,C41,halten,Unbekannte Fehlertypen brauchen konservative Behandlung
S240,A1,teilweise,C13,C43,degradiert,Das Gerät kann für die geplante Last grundsätzlich zu klein sein
S241,A1,fehlend,,C43 C48,degradiert,Optionalität muss praktisch nachgewiesen werden
S242,A1,teilweise,C12,C40,halten,Zu knappe Budgets können legitime erste Aufrufe ausschließen
S243,A1,fehlend,,C14 C41,degradiert,Große Arbeit kann bewusst länger warten
S244,A1,fehlend,,C19 C41,halten,Unter dauerhafter Überlast ist nicht jede Deadline erfüllbar
S245,A1,teilweise,C01,C14 C19,halten,Stillstand kann die einzig sichere Option sein
S246,A1,benannt,C09 C13,,degradiert,Vollständige Sicht braucht paginierte Inspektion statt einen Prompt
S247,A1,benannt,C12 C13,,halten,Das Ergebnis muss über einen geeigneten Inhaltsvertrag geliefert werden
S248,A1,teilweise,C13,C41,degradiert,Langsame Leser benötigen wiederaufnehmbare begrenzte Abfragen
S249,A1,fehlend,,C21 C43,halten,Ein verfehltes RTO braucht Kapazität oder ein geändertes Versprechen
S250,A1,fehlend,,C14 C21 C43,halten,Ohne genügend unabhängigen Speicher ist Restore nicht ausführbar
S251,A1,teilweise,C03,C24 C34,offen,Unbegrenzte Teilnehmerlatenz und endliche Retention kollidieren
S252,A1,teilweise,C13 C25,C40,halten,Geschäftliche Verfallsregeln muss jemand festlegen
S253,A1,teilweise,C13,C41,degradiert,Schon entstandene offene Wirkungen brauchen eigene Rekonziliation
S254,A1,teilweise,C13,C41,halten,Eine zulässige Delegationskette kann trotzdem sehr teuer sein
S255,A1,teilweise,C13,C40,degradiert,Thermische Kapazität bleibt eine physische Grenze
S256,A1,teilweise,C03,C21,halten,Teilnehmerannahme kann vor dem Stromende geschehen sein
S257,A1,fehlend,,C37 C48,degradiert,Bei vollständigem regionalem Kommunikationsverlust endet Alarmierbarkeit
S258,A1,fehlend,,C14 C16,degradiert,Wenn der Kernel selbst nicht reagiert bleibt nur externe Diagnose
S259,A1,teilweise,C15 C17,C48,halten,Kein Authentifizierungs-Bypass unter dem Namen Notfallzugang
S260,A1,fehlend,,C14 C39,halten,Laufende externe Wirkung kann weitergehen
S261,A1,teilweise,C17,C44,halten,Direkter Same-User-Zugriff auf Secrets braucht andere Isolation
S262,A1,fehlend,,C18 C44,halten,Externe Aliasregeln müssen dem Teilnehmervertrag entsprechen
S263,A1,fehlend,,C10 C44,halten,Unbekannte historische Actorfakten bleiben unbekannt
S264,A1,teilweise,C23,C44,halten,Ein privilegierter Harness kann außerhalb des Kernvertrags handeln
S265,A1,fehlend,,C18 C44,halten,Same-User-Manipulation des gesamten Systems bleibt außerhalb der Grenze
S266,A1,teilweise,C27,C44,halten,Fachliche Prüfer müssen untrusted Quellen angemessen behandeln
S267,A1,fehlend,,C30 C32 C33,grenze,Feindlicher Code ist im selben Useraccount nicht sicher eingeschlossen
S268,A1,fehlend,,C22 C32 C43,halten,Eine fehlende vertrauenswürdige Kopie lässt sich nicht herbeizaubern
S269,A1,fehlend,,C38 C48,grenze,Zwei identisch kompromittierte Vertrauensanker können gemeinsam täuschen
S270,A1,fehlend,,C32 C37,degradiert,Übergangsfenster erweitern zeitweise die Angriffsfläche
S271,A1,fehlend,,C20 C22,verlust,Ohne Schlüssel und legitimen Ersatz bleibt Inhalt verloren
S272,A1,teilweise,C23,C24,grenze,Bereits kopierte Daten können nicht nachträglich eingezogen werden
S273,A1,fehlend,,C30 C33,grenze,Ohne harte Isolation besteht keine Geheimhaltungszusage
S274,A1,fehlend,,C30 C33 C45,grenze,Telemetrieminimierung beseitigt geteilte Hardwarekanäle nicht
S275,A1,teilweise,C17,C37,halten,Ein separat genehmigter Reparaturdienst wäre ein neues Mandat
S276,A1,teilweise,C23,C45,degradiert,Selbst minimale Aktivitätsmuster können sensibel bleiben
S277,A1,fehlend,,C24 C45,halten,Bereits versandte Inhalte sind nicht zuverlässig zurückholbar
S278,A1,fehlend,,C38 C45,degradiert,Berechtigte Empfänger bleiben für ihren Provider sichtbar
S279,A1,fehlend,,C21 C28 C35,offen,Gemeinsame Blindstellen können unentdeckt bleiben
S280,A1,fehlend,,C08 C47,halten,Plausible falsche Werte können trotzdem bestehen bleiben
S281,A1,teilweise,C07,C06 C19,halten,Menschliche Auflösung kann verlorene Außenweltevidenz nicht ersetzen
S282,A1,teilweise,C03,C02 C18,halten,Fehlende unabhängige Teilnehmerdaten können dauerhaft blockieren
S283,A1,fehlend,,C06 C37,halten,Ohne tatsächlich durchgesetztes Fencing gibt es keinen automatischen Failover
S284,A1,fehlend,,C18 C40,halten,Prüfung und externe Annahme können weiterhin ein Race bilden
S285,A1,fehlend,,C43 C47,halten,Unbekannte Kombinationen müssen abgelehnt werden
S286,A1,teilweise,C11,C48,halten,Ein gemeinsamer Store kann nicht beliebig scopeweise migriert werden
S287,A1,teilweise,C31,C43,halten,Lesbarer Export kann die einzig zulässige alte Nutzung sein
S288,A1,teilweise,C03,C43,halten,Kompensation braucht eine neue legitime Entscheidung
S289,A1,teilweise,C05 C31,C43,halten,Nicht aus einer fehlenden Antwort einen zweiten Writer starten
S290,A1,fehlend,,C16 C48,degradiert,Ein defekter Kern benötigt externen read-only Recoveryweg
S291,A1,fehlend,,C20 C32 C48,degradiert,Dokumentation garantiert keine verfügbare Kompetenz
S292,A1,fehlend,,C22 C32,halten,Ohne vertrauenswürdige Werkzeuge kann Änderung unmöglich bleiben
S293,A1,fehlend,,C18 C48,halten,Ein umfangreicher Regelkatalog ersetzt keinen verständlichen Kern
S294,A1,fehlend,,C43 C48,halten,Ein gemeinsamer Implementierungsfehler kann alle Pfade treffen
S295,A1,teilweise,C11,C16 C48,degradiert,Ohne Aktivierung darf keine externe Alarmgarantie behauptet werden
S296,A1,benannt,C05 C15,,halten,Mutationen müssen durch den zuständigen Daemon gehen
S297,A1,fehlend,,C40 C43,halten,Endliche Tests erfassen nicht jede mögliche Reihenfolge
S298,A1,fehlend,,C37 C43,degradiert,Simulation ersetzt keinen genehmigten realen Ende-zu-Ende-Drill
S299,A1,fehlend,,C06 C28,halten,Ohne Nachweis nur expliziter Single-active-Betrieb
S300,A1,teilweise,C27,C47,halten,Geeignete Fachkriterien bleiben Domänenverantwortung
S301,A1,fehlend,,C10 C47,halten,Der aktuelle externe Preis kann sich unmittelbar danach ändern
S302,A1,fehlend,,C44 C47,halten,Ein unzuverlässiges externes Identitätsregister bleibt eine Grenze
S303,A1,fehlend,,C19 C46,degradiert,Zugänglichkeit muss mit realen Nutzern geprüft werden
S304,A1,fehlend,,C45 C46,halten,Mehr Details dürfen keine Secrets offenlegen
S305,A1,fehlend,,C46 C47,halten,Sprachliche Verständlichkeit ist nicht allein maschinell beweisbar
S306,A1,fehlend,,C38 C46,halten,Sind alle Vertreter unerreichbar bleibt Stillstand
S307,A1,fehlend,,C38 C46,degradiert,Zu starke Bündelung kann wichtige Unterschiede verdecken
S308,A1,fehlend,,C19 C38 C39,halten,Eine Bestätigung erfüllt kein Wiederherstellungsziel
S309,A1,fehlend,,C18 C20,halten,Die Rangfolge muss legitim vereinbart sein
S310,A1,fehlend,,C20 C38 C48,halten,Kontenübertragung benötigt menschliche Zustimmung und Providerzugang
S311,A1,fehlend,,C20 C38,grenze,Ein vollständig kompromittierter Autoritätskreis kann nicht intern garantiert werden
S312,A1,fehlend,,C38 C48,degradiert,Unbekannte Unterauftragnehmer begrenzen den Nachweis
S313,A1,fehlend,,C21 C38 C48,halten,Ein nicht finanzierter Ausweichweg ist keine vorhandene Reserve
S314,A1,teilweise,C09,C28 C32,halten,Ein Ersatz bietet nicht automatisch dieselbe Kompetenz oder Idempotenz
S315,A1,teilweise,C13,C42,halten,Unbegrenzte externe Nachberechnung verhindert eine harte lokale Kostengarantie
S316,A1,teilweise,C03 C13,C41,halten,Nicht jedes Latenzziel ist wirtschaftlich oder sicher erreichbar
S317,A1,fehlend,,C19 C46,degradiert,Eine perfekte fehlerfreie Alarmierung ist nicht versprochen
S318,A1,fehlend,,C18 C40,halten,Ein nicht stoppbarer Teilnehmer kann bereits unterwegs sein
S319,A1,fehlend,,C24 C36,offen,Architektur kann widersprüchliche Pflichten nicht gleichzeitig erfüllen
S320,A1,fehlend,,C24 C36 C45,offen,Vertragsprüfung und Rechtsentscheidung bleiben menschliche Aufgaben
S321,A1,fehlend,,C30 C40 C47,grenze,Factory v1 ist kein Safety-Echtzeitsystem
S322,A1,fehlend,,C30 C47,grenze,Unabhängige zertifizierte Sicherheitssteuerung wäre ein eigenes System
S323,A1,fehlend,,C30 C35,grenze,Ohne legitime Fachentscheidung gibt es keinen tragfähigen Maßstab
S324,A1,teilweise,C03,C40,halten,Eine einseitige Partition kann unbegrenzt dauern
S325,A1,fehlend,,C18 C37 C40,halten,Ohne aktuelle Rückmeldung bleibt automatische Fortsetzung begrenzt
S326,A1,fehlend,,C18 C37 C39,degradiert,Ohne besondere genehmigte Policy ist Alarmierung kein Kill-Switch
S327,A1,fehlend,,C26 C40,halten,Über verschiedene Hosts existiert keine gemeinsame monotone Uhr
S328,A1,fehlend,,C26 C37 C38,degradiert,Nach Monitorrestore muss Zeitunsicherheit ausdrücklich behandelt werden
S329,A1,benannt,C07 C25,,halten,Neue fachliche Termine brauchen eine ausdrückliche Regel
S330,A1,teilweise,C01,C19,halten,Die konkrete Ursache kann ohne unabhängigen Zugang unklar bleiben
S331,A1,fehlend,,C28 C35,offen,Eine unbekannt falsche gemeinsame Quelle kann alle Prüfungen täuschen
S332,A1,teilweise,C03,C19 C34,offen,Ohne zusätzliche Evidenz kann der Konflikt dauerhaft unauflösbar sein
S333,A1,fehlend,,C42 C47,degradiert,Ein fachlicher Nutzwert braucht mehr als Laufzeitkennzahlen
S334,A1,fehlend,,C38 C42,grenze,Gemeinsam manipulierte Governance braucht externe Kontrolle
S335,A1,teilweise,C27,C35 C47,offen,Kein universeller unabhängiger Wahrheitsmaßstab vorhanden
S336,A1,teilweise,C25,C38,degradiert,Eine unbegrenzte Ruhefreigabe wäre eine Überwachungslücke
S337,A1,fehlend,,C10 C40,halten,Nicht alle Qualitätsziele lassen sich zugleich erfüllen
S338,A1,teilweise,C13,C48,grenze,Es bleibt bewusst akzeptiertes Restrisiko statt maximaler Redundanz
S339,A1,fehlend,,C22 C43,halten,Nicht erhaltene native Laufzeiten können unersetzbar sein
S340,A1,teilweise,C01,C43,halten,Keine automatische Zusammenführung oder Worktreebereinigung
S341,A1,fehlend,,C22 C32,verlust,Langzeitlesbarkeit ist endlich und braucht gepflegte Werkzeuge
S342,A1,teilweise,C03,C32 C40,halten,Fremde Puffer können ohne Mitwirkung nicht sicher entleert werden
S343,A1,fehlend,,C20 C32 C38,halten,Weiterbetrieb benötigt einen finanzierten legitimen Empfänger
S344,A1,fehlend,,C24 C32 C36,offen,Eine konkrete Rechts- und Eigentumsentscheidung bleibt erforderlich
S345,A1,fehlend,,C20 C22 C37,verlust,Ohne Beobachter Kommunikationsweg und Empfänger gibt es keinen Alarm
S346,A1,fehlend,,C28 C35,offen,Ohne unabhängige Realitätsevidenz ist der Irrtum nicht erkennbar
S347,A1,fehlend,,C24 C34 C40,offen,Unbegrenzte Latenz endliche Erinnerung und sichere Wiederholung sind nicht gleichzeitig garantiert
S348,A1,fehlend,,C38 C46 C48,halten,Bei Verlust aller legitimen Wege endet Alarmierbarkeit
S349,A1,teilweise,C03,C02 C40 C41,halten,Kein Lastabbau darf unbekannte Effekte blind wiederholen
S350,A1,fehlend,,C33 C34 C35 C38,grenze,Ein fremder Monitor kann fehlende Heartbeats erkennen aber keine perfekt gefälschte Welt widerlegen
S001,A2,benannt,C01 C03,,halten,Nicht bestätigter Effekt braucht Rekonziliation
S002,A2,benannt,C08 C21,,halten,Stillstand bis Ersatzhardware verfügbar
S003,A2,benannt,C13 C14 C26,,degradiert,Keine garantierte ursprüngliche Lieferzeit
S004,A2,benannt,C08 C27,,halten,Gemeinsame Korruption kann beide Prüfungen treffen
S005,A2,benannt,C18 C21 C29,,verlust,Bereits zugängliche Daten gelten möglicherweise als kompromittiert
S006,A2,teilweise,C21,C22,verlust,Alles seit letzter unabhängiger Kopie kann fehlen
S007,A2,benannt,C01 C10,,halten,Filesystem-TOCTOU muss separat getestet werden
S008,A2,benannt,C03 C04 C18,,halten,Nicht committete menschliche Intention ist nicht beweisbar
S009,A2,teilweise,C09,C32,halten,Neuer Plattformadapter kann ein eigenes Projekt benötigen
S010,A2,benannt,C19 C21 C26,,halten,Geschäftsfristen können trotzdem verstreichen
S011,A2,benannt,C03 C14,,halten,Diagnose benötigt reservierte Ressourcen
S012,A2,benannt,C07 C08 C21,,halten,Kein Überspringen mit vorgetäuschtem vollständigem Replay
S013,A2,benannt,C07 C31,,halten,Migrationsatomizität muss real nachgewiesen werden
S014,A2,benannt,C08 C21,,verlust,Fehlende committed WAL-Fakten sind nicht herleitbar
S015,A2,benannt,C02 C03 C18,,halten,Teilnehmer ohne Abfrage erfordern menschliche Auflösung
S016,A2,benannt,C08 C21,,verlust,Ohne unabhängige Kopie bleibt Inhalt verloren
S017,A2,teilweise,C21,C22,verlust,Ohne Schlüssel kein Versprechen auf Rekonstruktion
S018,A2,benannt,C07 C09,,halten,Alte nicht aufgezeichnete Inputs brauchen Importgrenze
S019,A2,teilweise,C07 C16,C32,halten,Kein automatischer Downgrade oder stilles Überspringen
S020,A2,teilweise,C08 C21,C24,halten,Retention und vollständiger Replay können unvereinbar sein
S021,A2,benannt,C25,,degradiert,Ein- oder zweimalige Ausführung muss fachlich entschieden sein
S022,A2,benannt,C25 C26,,degradiert,Kein implizites Nachholen irreversibler Aktionen
S023,A2,benannt,C25 C26,,degradiert,Externe Zeitangaben können weiter unzuverlässig sein
S024,A2,benannt,C13 C25,,degradiert,Verfallene Arbeit darf nicht ungeprüft ausgeführt werden
S025,A2,benannt,C09 C25,,halten,Betroffene künftige Termine brauchen Review
S026,A2,benannt,C03 C07 C26,,degradiert,Keine erfundene globale Echtzeitordnung
S027,A2,benannt,C18 C26,,halten,Bereits angenommene Wirkung bleibt möglich
S028,A2,benannt,C09 C10 C26,,halten,Fachliche Gültigkeitsregel muss vom Domänenverantwortlichen kommen
S029,A2,benannt,C25 C26,,halten,OS-spezifische Uhrsemantik braucht Tests
S030,A2,benannt,C03 C25,,degradiert,Deduplikation muss denselben fachlichen Trigger erkennen
S031,A2,benannt,C01 C15,,halten,Freigabe braucht Endevidenz statt Timeout
S032,A2,benannt,C01 C02,,halten,Ohne stabile Korrelation keine automatische Adoption
S033,A2,benannt,C01 C09,,halten,Adapter braucht alternative belastbare Identität
S034,A2,benannt,C01 C19,,halten,Kein automatischer Fallback auf schwächere Evidenz
S035,A2,benannt,C01 C27,,degradiert,Worker kann weiterhin fachlich irren
S036,A2,benannt,C01 C26,,halten,Alter muss anhand passender Uhr und Generation beurteilt werden
S037,A2,benannt,C01 C05,,halten,Filesystem-Aliasing muss über zeitliche Renames getestet werden
S038,A2,benannt,C01 C12,,halten,Prozessgruppenbeobachtung ist keine harte Sandbox
S039,A2,benannt,C13 C19,,halten,Budgetmangel darf keine Freigabe erzwingen
S040,A2,benannt,C01 C02,,halten,Allein der Funktionsname darf keine Lease lösen
S041,A2,benannt,C11 C12,,degradiert,Andere Aktivierungen benötigen eigene Ressourcenbudgets
S042,A2,benannt,C12 C14,,degradiert,Parsergrenzen müssen vor Allokation greifen
S043,A2,benannt,C03 C12,,halten,Unklarer Effekt darf nicht erneut gesendet werden
S044,A2,benannt,C11 C12,,degradiert,Expliziter Operatorretry kann denselben Fehler wiederholen
S045,A2,benannt,C11 C16,,degradiert,Core-Bootstrap selbst braucht verifizierbare Minimaldaten
S046,A2,benannt,C03 C27,,halten,Unehrlicher Teilnehmer kann Bestätigung fälschen
S047,A2,benannt,C12 C14,,degradiert,OS-weite Erschöpfung kann trotzdem Diagnose zerstören
S048,A2,teilweise,C11,C32,halten,Nicht spezifizierte Semantik bleibt ein Vertragsproblem
S049,A2,benannt,C03 C18,,halten,Stoppen kann bereits angenommenen Effekt nicht ungeschehen machen
S050,A2,benannt,C03 C11 C27,,halten,Nicht invertierbare Wirkung muss als irreversibel behandelt werden
S051,A2,benannt,C03 C18,,halten,Rekonziliation braucht Teilnehmerunterstützung
S052,A2,benannt,C11 C18,,halten,Transportauthentisierung bleibt Pluginpflicht
S053,A2,benannt,C18 C26,,halten,Zertifikatserneuerung ist externer Betreiberprozess
S054,A2,benannt,C07 C12,,degradiert,Client muss veraltete Projektion sichtbar machen
S055,A2,benannt,C11 C15,,degradiert,Remote-Nutzer braucht alternativen freigegebenen Zugang
S056,A2,benannt,C01 C07 C26,,degradiert,Operator darf stale Anzeige nicht als Freigabegrund nutzen
S057,A2,benannt,C03 C07,,degradiert,Teilnehmer muss dieselbe Idempotenzsemantik respektieren
S058,A2,benannt,C11 C17 C29,,grenze,Öffentliche Exposition braucht eigenständigen Sicherheitsreview
S059,A2,benannt,C15 C19,,halten,Lokaler Zugriff ist aus der Ferne nicht garantiert
S060,A2,benannt,C12 C13 C26,,degradiert,Geschäftstermin kann verfallen
S061,A2,benannt,C09 C10,,halten,Neuer Empfänger braucht bewusste Entscheidung
S062,A2,benannt,C01 C10,,halten,Inode allein ist keine langfristige Geschäftsidentität
S063,A2,benannt,C01 C10,,halten,Deskriptorbasierte Pfadbindung ist noch Implementierungsarbeit
S064,A2,benannt,C10 C17,,halten,Bereits gestartete Arbeit braucht eigene Widerrufsregel
S065,A2,benannt,C03 C06,,halten,Ohne gemeinsames Fencing bleibt nur manueller exklusiver Betrieb
S066,A2,benannt,C17 C29,,grenze,Same-User-Dateizugriff bleibt außerhalb harter Isolation
S067,A2,benannt,C07 C17,,degradiert,Neue unabhängige Tasks können semantisch trotzdem Kreise bilden
S068,A2,benannt,C13 C19,,degradiert,Semantische Duplikate lassen sich nicht perfekt erkennen
S069,A2,teilweise,C10 C31,C24,halten,Retentionentscheidung benötigt Owner
S070,A2,teilweise,C08 C21,C32,halten,Automatisches Umbenennen könnte Linkidentität zerstören
S071,A2,benannt,C03 C07,,degradiert,Andere Payload mit gleichem Key muss Konflikt bleiben
S072,A2,benannt,C03 C18,,halten,Definierter Point-of-no-return bleibt nötig
S073,A2,benannt,C01 C05,,degradiert,Runtime kann sich außerhalb Kernel trotzdem ändern
S074,A2,benannt,C03 C04,,halten,Menschliche API-Bindung muss nachgewiesen sein
S075,A2,benannt,C08 C09,,halten,Hash erlaubt ohne Kopie keine Wiederherstellung
S076,A2,benannt,C12 C13 C23,,degradiert,Inhaltsretention braucht separates Budget
S077,A2,benannt,C01 C19,,halten,Durchsatz sinkt bis zur Entscheidung
S078,A2,benannt,C09 C27,,halten,Domäne muss sinnvollen Gate definieren
S079,A2,benannt,C09 C17 C29,,grenze,Shellbedarf erfordert gesondert genehmigte Interpretation
S080,A2,benannt,C03 C09 C27,,halten,Ergebnisübernahme braucht Evidenz statt automatischer Neuausführung
S081,A2,benannt,C03 C18,,halten,Keine garantierte Einmalwirkung ohne Teilnehmervertrag
S082,A2,benannt,C03 C18,,halten,Eine Entschuldigung ist kein Unsend
S083,A2,benannt,C09 C18,,halten,Geänderte Rechnung braucht neue Freigabe
S084,A2,benannt,C03 C18,,degradiert,Nur spezifische Kompensation kann Folgen mindern
S085,A2,benannt,C03 C18,,halten,Manuelle Konfliktlösung statt blindem Rollback
S086,A2,benannt,C03 C19,,halten,Geschäftsschaden bleibt bis menschlicher Intervention
S087,A2,benannt,C03 C18 C27,,halten,Fachliche Gleichheit braucht Domänenvertrag
S088,A2,benannt,C13 C18 C26,,halten,Neue Kosten erfordern erneute Entscheidung
S089,A2,benannt,C10 C18 C23,,halten,Fachliche Geheimhaltung ist nicht rein syntaktisch prüfbar
S090,A2,teilweise,C03 C19 C26,C34,offen,Kein technischer Beweis des Ausgangs nach Retentionverlust
S091,A2,benannt,C13 C19,,halten,Nicht genehmigte externe Arbeit steht still
S092,A2,teilweise,C18 C19,C20,halten,Fehlurteile sind nicht vollständig technisch verhinderbar
S093,A2,benannt,C03 C09 C19,,halten,Vertretungsautorität muss vorher ausdrücklich erteilt sein
S094,A2,benannt,C06 C18,,halten,Gewollt falsche Bestätigung bleibt möglich
S095,A2,benannt,C02 C16,,halten,Ohne unabhängigen Marker ist manuelle Kopie nicht sicher erkennbar
S096,A2,benannt,C01 C29,,grenze,OS-Bypass kann Leasegarantie außerhalb Factory unterlaufen
S097,A2,benannt,C09 C19,,halten,Domänenwissen kann dennoch fehlen
S098,A2,fehlend,,C20 C28 C35,offen,Unabhängigkeit braucht organisatorische Realität
S099,A2,teilweise,C01,C20,halten,Keine Behauptung dass bloßes Override den Workspace sicher macht
S100,A2,teilweise,C19 C21,C22,halten,Ohne vorbereitete Zugänge ist Ausfall länger
S101,A2,benannt,C09 C27,,halten,Ersatzmodell kann schlechter oder ungeeignet sein
S102,A2,teilweise,C09,C28 C32,degradiert,Provider muss Gewichtsidentität ggf. überhaupt anbieten
S103,A2,benannt,C17 C23 C29,,grenze,Same-User-Agent mit Tools ist dadurch nicht sandboxed
S104,A2,teilweise,C27,C28 C35,offen,Gemeinsame fachliche Blindstellen bleiben
S105,A2,benannt,C08 C27,,halten,Nicht maschinenprüfbare Qualität bleibt menschliche Aufgabe
S106,A2,benannt,C12 C13 C14,,degradiert,OS-OOM kann trotzdem Prozessreihenfolge bestimmen
S107,A2,teilweise,C09,C28,degradiert,Nicht beobachtbare Wechsel machen Run nicht vergleichbar
S108,A2,benannt,C13 C19,,halten,Kein automatisches Urteil über nützlichen Teilfortschritt
S109,A2,teilweise,C09 C12,C32,halten,Kürzung braucht neue explizite Kontextentscheidung
S110,A2,teilweise,C27,C28 C35,offen,Keine allgemeine Kompetenzgarantie aus endlichem Korpus
S111,A2,benannt,C09 C10,,halten,Heutige Sicherheitsregeln dürfen nicht umgangen werden
S112,A2,benannt,C09 C16,,halten,Keine Zustellung mit still reduzierter Instruktion
S113,A2,teilweise,C23,C24,verlust,Präventionsprüfung kann Secrets nicht sicher vollständig erkennen
S114,A2,benannt,C09 C12,,halten,v1 folgt ohnehin keinen solchen Knowledge-Links
S115,A2,benannt,C09 C10 C17,,halten,Textkonflikt braucht menschliche Klärung
S116,A2,benannt,C08 C09,,halten,Nicht sicher aufbewahrbarer Inhalt begrenzt Replay
S117,A2,teilweise,C09 C29,C30 C33,grenze,Fremdrepositories brauchen Isolation vor Ausführung
S118,A2,benannt,C17 C23,,grenze,Direkter Same-User-Dateizugriff bleibt technisch möglich
S119,A2,teilweise,C08,C32,halten,Automatische Normalisierung kann bestehende Links ändern
S120,A2,teilweise,C14 C23,C24,verlust,Bereits kopierte sensible Daten brauchen Incidentbehandlung
S121,A2,teilweise,C29,C30 C33,grenze,Keine Geheimnisgarantie nach Same-User-Kompromittierung
S122,A2,teilweise,C11,C30 C32,grenze,OS-Angreifer kann lokale Prüfer ebenfalls manipulieren
S123,A2,benannt,C11 C17 C29,,grenze,Kompromittierter autorisierter Transport bleibt mächtig
S124,A2,teilweise,C29,C30 C33,grenze,Hard Isolation ist separates Deploymentprojekt
S125,A2,benannt,C11 C12 C17,,grenze,Operation-spezifische Validierung bleibt notwendig
S126,A2,benannt,C12 C16 C23,,degradiert,Renderer muss Escape- und Linkverhalten konkret prüfen
S127,A2,benannt,C02 C06 C18,,halten,Externe Teilnehmer müssen Widerruf oder Ablauf respektieren
S128,A2,teilweise,C11,C32,halten,Signatur allein beweist keinen gutartigen Inhalt
S129,A2,teilweise,C21,C22 C30,verlust,Keine Sicherheit für bereits exfiltrierte Daten
S130,A2,benannt,C12 C13 C17,,degradiert,Legitime sehr große Aufträge brauchen bewusste Aufteilung
S131,A2,teilweise,C08 C23,C24 C36,offen,Juristische Abwägung und Replayverlust sind explizit zu entscheiden
S132,A2,fehlend,,C20 C24 C36,offen,Kein automatischer Rechtsentscheid
S133,A2,benannt,C10 C17 C23,,halten,Providervertrag und Rechtslage brauchen menschliche Prüfung
S134,A2,teilweise,C23,C22 C24,verlust,Kopien können außerhalb eigener Kontrolle fortbestehen
S135,A2,teilweise,C09,C32,halten,Rechtliche Zulässigkeit ist nicht durch Hash bewiesen
S136,A2,benannt,C04 C07 C18,,halten,Authentisierung muss die reale Person hinreichend binden
S137,A2,teilweise,C21,C24 C36,offen,Keine technische Umgehung rechtmäßiger Zugriffsanforderungen geplant
S138,A2,teilweise,C08 C23,C24 C36,offen,Historische Kopien und Replay können betroffen sein
S139,A2,teilweise,C07 C31,C24,halten,Vorher gelöschte zulässige Inhalte bleiben nicht rekonstruierbar
S140,A2,teilweise,C08 C21,C32,halten,Diese Analyse selbst ist kein solcher Nachweis
S141,A2,benannt,C13 C18,,halten,Bisher entstandene Kosten bleiben
S142,A2,benannt,C13 C18 C26,,halten,Keine harte Kostenobergrenze ohne Teilnehmerunterstützung
S143,A2,benannt,C13 C14,,degradiert,Fairnesspolicy muss Zielkonflikte offen festlegen
S144,A2,teilweise,C19,C20 C28,offen,Freigaben dürfen nicht wegen Rentabilität automatisch entfallen
S145,A2,benannt,C01 C13,,degradiert,Worktrees werden nicht automatisch angelegt
S146,A2,benannt,C03 C13 C18,,halten,Bereits angenommene Kosten oder Effekte lassen sich nicht annullieren
S147,A2,teilweise,C29,C32,grenze,Neues SLA braucht anderes Mandat und reale Kapazitätsbelege
S148,A2,benannt,C10 C26,,degradiert,Abschreiben ist Geschäftsentscheidung
S149,A2,teilweise,C21,C22 C32,halten,Kein Fortbestandsversprechen ohne finanzierte Ausfalldomäne
S150,A2,teilweise,C09 C13,C28,degradiert,Fehlende Kosten werden nicht als null verbucht
S151,A2,teilweise,C11,C32,halten,OS und Hardware bleiben zusätzliche Variablen
S152,A2,teilweise,C07,C32,halten,Nicht gespeicherte alte Semantik ist nicht nachträglich herleitbar
S153,A2,benannt,C05 C31,,halten,Legacymigration ist separate genehmigte Operation
S154,A2,teilweise,C07 C16,C32,halten,Rollbackplan muss Datenzustand einbeziehen
S155,A2,fehlend,,C22 C32,halten,Archivierung kann Lizenzgrenzen haben
S156,A2,teilweise,C23,C32,verlust,Bereits veröffentlichte Geheimnisse bleiben Incident
S157,A2,teilweise,C01 C31,C28 C35,offen,Testzahl allein misst keine Sicherheitsqualität
S158,A2,benannt,C07 C31,,halten,Erfordert laufende Pflege statt weiterer Schattenbacklogs
S159,A2,teilweise,C11,C32,halten,Kein Upgrade ohne passende Liefergrenze
S160,A2,teilweise,C13 C31,C32,offen,Komplexitätsbudget und bewusste Nicht-Unterstützung bleiben Entscheidungen
S161,A2,teilweise,C19,C20 C22,halten,Ohne legitimierte Nachfolge bleibt externe Tätigkeit gestoppt
S162,A2,teilweise,C18,C20,halten,Kernel darf keine gesellschaftsrechtliche Rangfolge erfinden
S163,A2,teilweise,C10 C18,C24,halten,Übergang braucht freigegebene Zuständigkeiten und Retention
S164,A2,teilweise,C09 C23,C24 C32,halten,Portabilität ist der Vertraulichkeit untergeordnet
S165,A2,teilweise,C04 C18,C20,halten,Kein automatisches Mehrheitsvotum für irreversiblen Effekt
S166,A2,teilweise,C09 C31,C28,degradiert,Neue Instrumente brauchen eigene Kalibrierung
S167,A2,teilweise,C17,C20 C28,offen,Anreizsystem ist nicht nur ein Kernelproblem
S168,A2,teilweise,C13 C14,C20,degradiert,Fairness und Prioritätskonflikte brauchen Ownerentscheidung
S169,A2,teilweise,C07,C20 C24,halten,Legale Löschung muss gesondert behandelt werden
S170,A2,teilweise,C03 C19,C34,offen,Automatische Rekonziliation kann endgültig unmöglich werden
S171,A2,benannt,C11 C13 C14,,degradiert,Multiplexing wäre neuer expliziter Vertrag statt heimlicher Optimierung
S172,A2,teilweise,C29,C30 C33,grenze,Mandantenbetrieb benötigt eigenes Isolationsmandat
S173,A2,benannt,C01 C06 C26,,grenze,Remote Runtime ist nicht automatisch durch lokales Modell abgedeckt
S174,A2,teilweise,C09 C29,C32,grenze,Plattformwechsel benötigt explizite Architektur statt verdeckter zweiter Writer
S175,A2,teilweise,C06 C29,C32,grenze,Kein Konsenscluster aus dieser Analyse genehmigt
S176,A2,teilweise,C18 C29,C30,grenze,Safety-zertifizierter Controller liegt außerhalb dieses Produkts
S177,A2,teilweise,C29,C30 C33,grenze,Externer Trustanchor und andere Deploymentgrenze nötig
S178,A2,benannt,C07 C08 C13 C21,,degradiert,Beschleuniger brauchen Integritätsbeleg und echtes Zeitbudget
S179,A2,teilweise,C09,C22 C32,degradiert,Native Harnessgespräche sind nicht vollständiger Factoryexport
S180,A2,benannt,C11 C12 C16,,degradiert,Optionalitätsgraph muss vor Aktivierung geprüft werden
S181,A2,teilweise,C21,C22,verlust,Keine Garantie gegen Verlust aller physischen Kopien
S182,A2,teilweise,C02 C26,C22 C32,halten,Aktuelle Berechtigung und ausführbare Software müssen neu begründet werden
S183,A2,teilweise,C09,C22 C32,offen,Semantik kann trotz intakter Bytes unwiederbringlich fehlen
S184,A2,teilweise,C27,C28 C35,offen,Keine universelle Wahrheitsmaschine aus der Inzidenzmatrix
S185,A2,teilweise,C06 C18,C20,halten,Fachliche Konfliktentscheidung ist nicht aus lokalen IDs ableitbar
S186,A2,fehlend,,C20 C24 C36,offen,Keine Architektur kann beide absoluten Forderungen erfüllen
S187,A2,teilweise,C26 C29,C22,grenze,Betriebsmodell müsste explizit neu entworfen werden
S188,A2,teilweise,C18,C22 C32,verlust,Alte Vertraulichkeit und Signaturbeweise können nicht rückwirkend repariert werden
S189,A2,teilweise,C18,C20 C24 C36,offen,Eigentums- und Zugriffsentscheidung benötigt legitime externe Autorität
S190,A2,teilweise,C29,C22,verlust,Bewusst akzeptierte informationstheoretische Grenze statt falschem Recoveryversprechen
S191,A2,teilweise,C02 C03 C18,C34,halten,Ohne unabhängige Teilnehmerhistorie ist Ausgang dauerhaft unentscheidbar
S192,A2,benannt,C03 C12 C14 C18,,halten,Ohne Commit darf Widerruf nicht als dauerhaft bestätigt werden
S193,A2,teilweise,C01 C13,C20 C22,halten,Ohne Nachfolge keine automatische Freigabe oder Fortsetzung
S194,A2,teilweise,C08 C21,C24 C36,offen,Rechtliche Entscheidung kann technische Recovery bewusst begrenzen
S195,A2,teilweise,C09 C27,C28 C35,offen,Kein fachlicher Erfolg ohne tragfähigen unabhängigen Maßstab
S196,A2,benannt,C13 C14 C17 C25,,degradiert,Fachlich doppelte verschiedene Tasks können weiter manuelles Review brauchen
S197,A2,teilweise,C03 C11 C18,C32,halten,Geschäftlicher Schaden kann trotz technisch korrektem Halt bleiben
S198,A2,benannt,C02 C03 C06 C31,,halten,Ohne Fencing muss exklusive Betriebsautorität manuell nachgewiesen werden
S199,A2,teilweise,C21,C22 C32,verlust,Fehlen diese bereits ist Wiederherstellung unter Umständen unmöglich
S200,A2,teilweise,C31,C28 C35,offen,Diese selbstreferenzielle Karte widerlegt keine unbekannten weiteren Blindstellen
S201,A2,fehlend,,C37 C38,degradiert,Schweigen unterscheidet Stromausfall nicht von Netzstörung
S202,A2,fehlend,,C37 C39,degradiert,Ein erreichbarer Kernel beweist noch keinen fachlichen Fortschritt
S203,A2,teilweise,C02 C10,C37,halten,Spätere Außenwirkungen können in der lokalen Historie fehlen
S204,A2,fehlend,,C37 C48,degradiert,Gemeinsame regionale Infrastruktur kann trotzdem ausfallen
S205,A2,teilweise,C21,C38 C48,halten,Ein zweiter unabhängiger Weg muss tatsächlich bereitgestellt werden
S206,A2,fehlend,,C20 C38 C46,halten,Sind alle Empfänger isoliert erreicht kein Alarm einen Menschen
S207,A2,fehlend,,C38,degradiert,Der unabhängige Prüfweg ist ebenfalls endlich verfügbar
S208,A2,fehlend,,C38 C46,halten,Empfangsbestätigung garantiert keine richtige Reaktion
S209,A2,fehlend,,C38 C46,degradiert,Gemeinsam defekte Uhren oder Konfigurationen bleiben möglich
S210,A2,teilweise,C16,C39,degradiert,Die Diagnose kann die genaue Deadlockursache nicht beweisen
S211,A2,teilweise,C14,C39,halten,Eine read-only Probe kann keinen erfolgreichen Schreibversuch ersetzen
S212,A2,teilweise,C19,C39,degradiert,Ein falsches fachliches Erwartungsmodell erzeugt weiter Fehlalarme
S213,A2,fehlend,,C37 C39,degradiert,Ein kompromittierter Sender kann weiterhin falsche Frische behaupten
S214,A2,fehlend,,C37 C45,degradiert,Ohne frische Evidenz bleibt der Zustand unbekannt
S215,A2,teilweise,C06,C37,halten,Heartbeat-Identität allein ist kein externes Fencing
S216,A2,teilweise,C14,C42 C45,degradiert,Begrenzung verwirft absichtlich diagnostische Details
S217,A2,teilweise,C12,C45,degradiert,Kanonische Operationsevidenz darf nicht mit verworfenen Traces verschwinden
S218,A2,fehlend,,C28 C42,offen,Keine Messung garantiert vollständige Beobachterfreiheit
S219,A2,teilweise,C12,C40,halten,Nicht kooperierende Teilnehmer können danach weiterarbeiten
S220,A2,teilweise,C10,C40 C42,halten,Eine verspätete Aktion kann bereits extern angenommen worden sein
S221,A2,teilweise,C18 C19,C40,halten,Factory kann keine Entscheidung innerhalb einer unerfüllbaren Frist erzwingen
S222,A2,fehlend,,C39 C42,degradiert,Unvollständige Beobachtung ist keine genaue Dauerverteilung
S223,A2,fehlend,,C42,degradiert,Ein synthetisches Lastmodell bleibt eine Annahme
S224,A2,fehlend,,C28 C42,offen,Seltene Verteilungen sind damit nicht empirisch bestimmt
S225,A2,fehlend,,C40 C41,halten,Ein fehlender Pflichtteil kann den gesamten Auftrag blockieren
S226,A2,teilweise,C03 C18,C41,halten,Nach bereits doppelter Annahme braucht es fachliche Klärung
S227,A2,teilweise,C27,C47,halten,Was zwingend vollständig sein muss ist domänenspezifisch
S228,A2,teilweise,C13,C40 C42,degradiert,Unbekannte alte Effekte dürfen nicht durch Leasefreigabe beseitigt werden
S229,A2,teilweise,C14,C42,degradiert,Zu feine Labels würden selbst Ressourcen erschöpfen
S230,A2,fehlend,,C40 C42,halten,Ohne Echtzeitplattform gibt es keine harte Deadlinegarantie
S231,A2,teilweise,C03,C34 C40,offen,Fehlende Teilnehmerhistorie kann den Ausgang dauerhaft unklärbar machen
S232,A2,teilweise,C10 C18,C40,halten,Ein fremder bereits handelnder Teilnehmer kann lokale Regeln ignorieren
S233,A2,fehlend,,C24 C36 C40,offen,Retention und Aufklärung können unvereinbar sein
S234,A2,teilweise,C03 C18,C40,halten,Kompensation kann unmöglich sein
S235,A2,benannt,C01 C12,,halten,OS-Bypass bleibt außerhalb kooperativer Garantien
S236,A2,benannt,C12 C14,,degradiert,Ein bereits angenommener Effekt wird dadurch nicht zurückgenommen
S237,A2,teilweise,C03,C41,halten,SDK-interne Versuche müssen nachweisbar oder abschaltbar sein
S238,A2,teilweise,C13,C41,degradiert,Jitter schafft keine fehlende Gesamtkapazität
S239,A2,teilweise,C13,C41,halten,Unbekannte Fehlertypen brauchen konservative Behandlung
S240,A2,teilweise,C13,C43,degradiert,Das Gerät kann für die geplante Last grundsätzlich zu klein sein
S241,A2,fehlend,,C43 C48,degradiert,Optionalität muss praktisch nachgewiesen werden
S242,A2,teilweise,C12,C40,halten,Zu knappe Budgets können legitime erste Aufrufe ausschließen
S243,A2,teilweise,C14,C41,degradiert,Große Arbeit kann bewusst länger warten
S244,A2,teilweise,C19,C41,halten,Unter dauerhafter Überlast ist nicht jede Deadline erfüllbar
S245,A2,benannt,C01 C14 C19,,halten,Stillstand kann die einzig sichere Option sein
S246,A2,benannt,C09 C13,,degradiert,Vollständige Sicht braucht paginierte Inspektion statt einen Prompt
S247,A2,benannt,C12 C13,,halten,Das Ergebnis muss über einen geeigneten Inhaltsvertrag geliefert werden
S248,A2,teilweise,C13,C41,degradiert,Langsame Leser benötigen wiederaufnehmbare begrenzte Abfragen
S249,A2,teilweise,C21,C43,halten,Ein verfehltes RTO braucht Kapazität oder ein geändertes Versprechen
S250,A2,teilweise,C14 C21,C43,halten,Ohne genügend unabhängigen Speicher ist Restore nicht ausführbar
S251,A2,teilweise,C03,C24 C34,offen,Unbegrenzte Teilnehmerlatenz und endliche Retention kollidieren
S252,A2,teilweise,C13 C25,C40,halten,Geschäftliche Verfallsregeln muss jemand festlegen
S253,A2,teilweise,C13,C41,degradiert,Schon entstandene offene Wirkungen brauchen eigene Rekonziliation
S254,A2,teilweise,C13,C41,halten,Eine zulässige Delegationskette kann trotzdem sehr teuer sein
S255,A2,teilweise,C13,C40,degradiert,Thermische Kapazität bleibt eine physische Grenze
S256,A2,benannt,C03 C21,,halten,Teilnehmerannahme kann vor dem Stromende geschehen sein
S257,A2,fehlend,,C37 C48,degradiert,Bei vollständigem regionalem Kommunikationsverlust endet Alarmierbarkeit
S258,A2,benannt,C14 C16,,degradiert,Wenn der Kernel selbst nicht reagiert bleibt nur externe Diagnose
S259,A2,teilweise,C15 C17,C48,halten,Kein Authentifizierungs-Bypass unter dem Namen Notfallzugang
S260,A2,teilweise,C14,C39,halten,Laufende externe Wirkung kann weitergehen
S261,A2,teilweise,C17,C44,halten,Direkter Same-User-Zugriff auf Secrets braucht andere Isolation
S262,A2,teilweise,C18,C44,halten,Externe Aliasregeln müssen dem Teilnehmervertrag entsprechen
S263,A2,teilweise,C10,C44,halten,Unbekannte historische Actorfakten bleiben unbekannt
S264,A2,teilweise,C23,C44,halten,Ein privilegierter Harness kann außerhalb des Kernvertrags handeln
S265,A2,teilweise,C18,C44,halten,Same-User-Manipulation des gesamten Systems bleibt außerhalb der Grenze
S266,A2,teilweise,C27,C44,halten,Fachliche Prüfer müssen untrusted Quellen angemessen behandeln
S267,A2,fehlend,,C30 C32 C33,grenze,Feindlicher Code ist im selben Useraccount nicht sicher eingeschlossen
S268,A2,fehlend,,C22 C32 C43,halten,Eine fehlende vertrauenswürdige Kopie lässt sich nicht herbeizaubern
S269,A2,fehlend,,C38 C48,grenze,Zwei identisch kompromittierte Vertrauensanker können gemeinsam täuschen
S270,A2,fehlend,,C32 C37,degradiert,Übergangsfenster erweitern zeitweise die Angriffsfläche
S271,A2,fehlend,,C20 C22,verlust,Ohne Schlüssel und legitimen Ersatz bleibt Inhalt verloren
S272,A2,teilweise,C23,C24,grenze,Bereits kopierte Daten können nicht nachträglich eingezogen werden
S273,A2,fehlend,,C30 C33,grenze,Ohne harte Isolation besteht keine Geheimhaltungszusage
S274,A2,fehlend,,C30 C33 C45,grenze,Telemetrieminimierung beseitigt geteilte Hardwarekanäle nicht
S275,A2,teilweise,C17,C37,halten,Ein separat genehmigter Reparaturdienst wäre ein neues Mandat
S276,A2,teilweise,C23,C45,degradiert,Selbst minimale Aktivitätsmuster können sensibel bleiben
S277,A2,fehlend,,C24 C45,halten,Bereits versandte Inhalte sind nicht zuverlässig zurückholbar
S278,A2,fehlend,,C38 C45,degradiert,Berechtigte Empfänger bleiben für ihren Provider sichtbar
S279,A2,teilweise,C21,C28 C35,offen,Gemeinsame Blindstellen können unentdeckt bleiben
S280,A2,teilweise,C08,C47,halten,Plausible falsche Werte können trotzdem bestehen bleiben
S281,A2,benannt,C06 C07 C19,,halten,Menschliche Auflösung kann verlorene Außenweltevidenz nicht ersetzen
S282,A2,benannt,C02 C03 C18,,halten,Fehlende unabhängige Teilnehmerdaten können dauerhaft blockieren
S283,A2,teilweise,C06,C37,halten,Ohne tatsächlich durchgesetztes Fencing gibt es keinen automatischen Failover
S284,A2,teilweise,C18,C40,halten,Prüfung und externe Annahme können weiterhin ein Race bilden
S285,A2,fehlend,,C43 C47,halten,Unbekannte Kombinationen müssen abgelehnt werden
S286,A2,teilweise,C11,C48,halten,Ein gemeinsamer Store kann nicht beliebig scopeweise migriert werden
S287,A2,teilweise,C31,C43,halten,Lesbarer Export kann die einzig zulässige alte Nutzung sein
S288,A2,teilweise,C03,C43,halten,Kompensation braucht eine neue legitime Entscheidung
S289,A2,teilweise,C05 C31,C43,halten,Nicht aus einer fehlenden Antwort einen zweiten Writer starten
S290,A2,teilweise,C16,C48,degradiert,Ein defekter Kern benötigt externen read-only Recoveryweg
S291,A2,fehlend,,C20 C32 C48,degradiert,Dokumentation garantiert keine verfügbare Kompetenz
S292,A2,fehlend,,C22 C32,halten,Ohne vertrauenswürdige Werkzeuge kann Änderung unmöglich bleiben
S293,A2,teilweise,C18,C48,halten,Ein umfangreicher Regelkatalog ersetzt keinen verständlichen Kern
S294,A2,fehlend,,C43 C48,halten,Ein gemeinsamer Implementierungsfehler kann alle Pfade treffen
S295,A2,teilweise,C11 C16,C48,degradiert,Ohne Aktivierung darf keine externe Alarmgarantie behauptet werden
S296,A2,benannt,C05 C15,,halten,Mutationen müssen durch den zuständigen Daemon gehen
S297,A2,fehlend,,C40 C43,halten,Endliche Tests erfassen nicht jede mögliche Reihenfolge
S298,A2,fehlend,,C37 C43,degradiert,Simulation ersetzt keinen genehmigten realen Ende-zu-Ende-Drill
S299,A2,teilweise,C06,C28,halten,Ohne Nachweis nur expliziter Single-active-Betrieb
S300,A2,teilweise,C27,C47,halten,Geeignete Fachkriterien bleiben Domänenverantwortung
S301,A2,teilweise,C10,C47,halten,Der aktuelle externe Preis kann sich unmittelbar danach ändern
S302,A2,fehlend,,C44 C47,halten,Ein unzuverlässiges externes Identitätsregister bleibt eine Grenze
S303,A2,teilweise,C19,C46,degradiert,Zugänglichkeit muss mit realen Nutzern geprüft werden
S304,A2,fehlend,,C45 C46,halten,Mehr Details dürfen keine Secrets offenlegen
S305,A2,fehlend,,C46 C47,halten,Sprachliche Verständlichkeit ist nicht allein maschinell beweisbar
S306,A2,fehlend,,C38 C46,halten,Sind alle Vertreter unerreichbar bleibt Stillstand
S307,A2,fehlend,,C38 C46,degradiert,Zu starke Bündelung kann wichtige Unterschiede verdecken
S308,A2,teilweise,C19,C38 C39,halten,Eine Bestätigung erfüllt kein Wiederherstellungsziel
S309,A2,teilweise,C18,C20,halten,Die Rangfolge muss legitim vereinbart sein
S310,A2,fehlend,,C20 C38 C48,halten,Kontenübertragung benötigt menschliche Zustimmung und Providerzugang
S311,A2,fehlend,,C20 C38,grenze,Ein vollständig kompromittierter Autoritätskreis kann nicht intern garantiert werden
S312,A2,fehlend,,C38 C48,degradiert,Unbekannte Unterauftragnehmer begrenzen den Nachweis
S313,A2,teilweise,C21,C38 C48,halten,Ein nicht finanzierter Ausweichweg ist keine vorhandene Reserve
S314,A2,teilweise,C09,C28 C32,halten,Ein Ersatz bietet nicht automatisch dieselbe Kompetenz oder Idempotenz
S315,A2,teilweise,C13,C42,halten,Unbegrenzte externe Nachberechnung verhindert eine harte lokale Kostengarantie
S316,A2,teilweise,C03 C13,C41,halten,Nicht jedes Latenzziel ist wirtschaftlich oder sicher erreichbar
S317,A2,teilweise,C19,C46,degradiert,Eine perfekte fehlerfreie Alarmierung ist nicht versprochen
S318,A2,teilweise,C18,C40,halten,Ein nicht stoppbarer Teilnehmer kann bereits unterwegs sein
S319,A2,fehlend,,C24 C36,offen,Architektur kann widersprüchliche Pflichten nicht gleichzeitig erfüllen
S320,A2,fehlend,,C24 C36 C45,offen,Vertragsprüfung und Rechtsentscheidung bleiben menschliche Aufgaben
S321,A2,fehlend,,C30 C40 C47,grenze,Factory v1 ist kein Safety-Echtzeitsystem
S322,A2,fehlend,,C30 C47,grenze,Unabhängige zertifizierte Sicherheitssteuerung wäre ein eigenes System
S323,A2,fehlend,,C30 C35,grenze,Ohne legitime Fachentscheidung gibt es keinen tragfähigen Maßstab
S324,A2,teilweise,C03,C40,halten,Eine einseitige Partition kann unbegrenzt dauern
S325,A2,teilweise,C18,C37 C40,halten,Ohne aktuelle Rückmeldung bleibt automatische Fortsetzung begrenzt
S326,A2,teilweise,C18,C37 C39,degradiert,Ohne besondere genehmigte Policy ist Alarmierung kein Kill-Switch
S327,A2,teilweise,C26,C40,halten,Über verschiedene Hosts existiert keine gemeinsame monotone Uhr
S328,A2,teilweise,C26,C37 C38,degradiert,Nach Monitorrestore muss Zeitunsicherheit ausdrücklich behandelt werden
S329,A2,benannt,C07 C25,,halten,Neue fachliche Termine brauchen eine ausdrückliche Regel
S330,A2,benannt,C01 C19,,halten,Die konkrete Ursache kann ohne unabhängigen Zugang unklar bleiben
S331,A2,fehlend,,C28 C35,offen,Eine unbekannt falsche gemeinsame Quelle kann alle Prüfungen täuschen
S332,A2,teilweise,C03 C19,C34,offen,Ohne zusätzliche Evidenz kann der Konflikt dauerhaft unauflösbar sein
S333,A2,fehlend,,C42 C47,degradiert,Ein fachlicher Nutzwert braucht mehr als Laufzeitkennzahlen
S334,A2,fehlend,,C38 C42,grenze,Gemeinsam manipulierte Governance braucht externe Kontrolle
S335,A2,teilweise,C27,C35 C47,offen,Kein universeller unabhängiger Wahrheitsmaßstab vorhanden
S336,A2,teilweise,C25,C38,degradiert,Eine unbegrenzte Ruhefreigabe wäre eine Überwachungslücke
S337,A2,teilweise,C10,C40,halten,Nicht alle Qualitätsziele lassen sich zugleich erfüllen
S338,A2,teilweise,C13,C48,grenze,Es bleibt bewusst akzeptiertes Restrisiko statt maximaler Redundanz
S339,A2,fehlend,,C22 C43,halten,Nicht erhaltene native Laufzeiten können unersetzbar sein
S340,A2,teilweise,C01,C43,halten,Keine automatische Zusammenführung oder Worktreebereinigung
S341,A2,fehlend,,C22 C32,verlust,Langzeitlesbarkeit ist endlich und braucht gepflegte Werkzeuge
S342,A2,teilweise,C03,C32 C40,halten,Fremde Puffer können ohne Mitwirkung nicht sicher entleert werden
S343,A2,fehlend,,C20 C32 C38,halten,Weiterbetrieb benötigt einen finanzierten legitimen Empfänger
S344,A2,fehlend,,C24 C32 C36,offen,Eine konkrete Rechts- und Eigentumsentscheidung bleibt erforderlich
S345,A2,fehlend,,C20 C22 C37,verlust,Ohne Beobachter Kommunikationsweg und Empfänger gibt es keinen Alarm
S346,A2,fehlend,,C28 C35,offen,Ohne unabhängige Realitätsevidenz ist der Irrtum nicht erkennbar
S347,A2,fehlend,,C24 C34 C40,offen,Unbegrenzte Latenz endliche Erinnerung und sichere Wiederholung sind nicht gleichzeitig garantiert
S348,A2,fehlend,,C38 C46 C48,halten,Bei Verlust aller legitimen Wege endet Alarmierbarkeit
S349,A2,teilweise,C02 C03,C40 C41,halten,Kein Lastabbau darf unbekannte Effekte blind wiederholen
S350,A2,fehlend,,C33 C34 C35 C38,grenze,Ein fremder Monitor kann fehlende Heartbeats erkennen aber keine perfekt gefälschte Welt widerlegen
S001,A3,benannt,C01 C03,,halten,Nicht bestätigter Effekt braucht Rekonziliation
S002,A3,benannt,C08 C21,,halten,Stillstand bis Ersatzhardware verfügbar
S003,A3,benannt,C13 C14 C26,,degradiert,Keine garantierte ursprüngliche Lieferzeit
S004,A3,benannt,C08 C27,,halten,Gemeinsame Korruption kann beide Prüfungen treffen
S005,A3,benannt,C18 C21 C29,,verlust,Bereits zugängliche Daten gelten möglicherweise als kompromittiert
S006,A3,benannt,C21 C22,,verlust,Alles seit letzter unabhängiger Kopie kann fehlen
S007,A3,benannt,C01 C10,,halten,Filesystem-TOCTOU muss separat getestet werden
S008,A3,benannt,C03 C04 C18,,halten,Nicht committete menschliche Intention ist nicht beweisbar
S009,A3,benannt,C09 C32,,halten,Neuer Plattformadapter kann ein eigenes Projekt benötigen
S010,A3,benannt,C19 C21 C26,,halten,Geschäftsfristen können trotzdem verstreichen
S011,A3,benannt,C03 C14,,halten,Diagnose benötigt reservierte Ressourcen
S012,A3,benannt,C07 C08 C21,,halten,Kein Überspringen mit vorgetäuschtem vollständigem Replay
S013,A3,benannt,C07 C31,,halten,Migrationsatomizität muss real nachgewiesen werden
S014,A3,benannt,C08 C21,,verlust,Fehlende committed WAL-Fakten sind nicht herleitbar
S015,A3,benannt,C02 C03 C18,,halten,Teilnehmer ohne Abfrage erfordern menschliche Auflösung
S016,A3,benannt,C08 C21,,verlust,Ohne unabhängige Kopie bleibt Inhalt verloren
S017,A3,benannt,C21 C22,,verlust,Ohne Schlüssel kein Versprechen auf Rekonstruktion
S018,A3,benannt,C07 C09,,halten,Alte nicht aufgezeichnete Inputs brauchen Importgrenze
S019,A3,benannt,C07 C16 C32,,halten,Kein automatischer Downgrade oder stilles Überspringen
S020,A3,benannt,C08 C21 C24,,halten,Retention und vollständiger Replay können unvereinbar sein
S021,A3,benannt,C25,,degradiert,Ein- oder zweimalige Ausführung muss fachlich entschieden sein
S022,A3,benannt,C25 C26,,degradiert,Kein implizites Nachholen irreversibler Aktionen
S023,A3,benannt,C25 C26,,degradiert,Externe Zeitangaben können weiter unzuverlässig sein
S024,A3,benannt,C13 C25,,degradiert,Verfallene Arbeit darf nicht ungeprüft ausgeführt werden
S025,A3,benannt,C09 C25,,halten,Betroffene künftige Termine brauchen Review
S026,A3,benannt,C03 C07 C26,,degradiert,Keine erfundene globale Echtzeitordnung
S027,A3,benannt,C18 C26,,halten,Bereits angenommene Wirkung bleibt möglich
S028,A3,benannt,C09 C10 C26,,halten,Fachliche Gültigkeitsregel muss vom Domänenverantwortlichen kommen
S029,A3,benannt,C25 C26,,halten,OS-spezifische Uhrsemantik braucht Tests
S030,A3,benannt,C03 C25,,degradiert,Deduplikation muss denselben fachlichen Trigger erkennen
S031,A3,benannt,C01 C15,,halten,Freigabe braucht Endevidenz statt Timeout
S032,A3,benannt,C01 C02,,halten,Ohne stabile Korrelation keine automatische Adoption
S033,A3,benannt,C01 C09,,halten,Adapter braucht alternative belastbare Identität
S034,A3,benannt,C01 C19,,halten,Kein automatischer Fallback auf schwächere Evidenz
S035,A3,benannt,C01 C27,,degradiert,Worker kann weiterhin fachlich irren
S036,A3,benannt,C01 C26,,halten,Alter muss anhand passender Uhr und Generation beurteilt werden
S037,A3,benannt,C01 C05,,halten,Filesystem-Aliasing muss über zeitliche Renames getestet werden
S038,A3,benannt,C01 C12,,halten,Prozessgruppenbeobachtung ist keine harte Sandbox
S039,A3,benannt,C13 C19,,halten,Budgetmangel darf keine Freigabe erzwingen
S040,A3,benannt,C01 C02,,halten,Allein der Funktionsname darf keine Lease lösen
S041,A3,benannt,C11 C12,,degradiert,Andere Aktivierungen benötigen eigene Ressourcenbudgets
S042,A3,benannt,C12 C14,,degradiert,Parsergrenzen müssen vor Allokation greifen
S043,A3,benannt,C03 C12,,halten,Unklarer Effekt darf nicht erneut gesendet werden
S044,A3,benannt,C11 C12,,degradiert,Expliziter Operatorretry kann denselben Fehler wiederholen
S045,A3,benannt,C11 C16,,degradiert,Core-Bootstrap selbst braucht verifizierbare Minimaldaten
S046,A3,benannt,C03 C27,,halten,Unehrlicher Teilnehmer kann Bestätigung fälschen
S047,A3,benannt,C12 C14,,degradiert,OS-weite Erschöpfung kann trotzdem Diagnose zerstören
S048,A3,benannt,C11 C32,,halten,Nicht spezifizierte Semantik bleibt ein Vertragsproblem
S049,A3,benannt,C03 C18,,halten,Stoppen kann bereits angenommenen Effekt nicht ungeschehen machen
S050,A3,benannt,C03 C11 C27,,halten,Nicht invertierbare Wirkung muss als irreversibel behandelt werden
S051,A3,benannt,C03 C18,,halten,Rekonziliation braucht Teilnehmerunterstützung
S052,A3,benannt,C11 C18,,halten,Transportauthentisierung bleibt Pluginpflicht
S053,A3,benannt,C18 C26,,halten,Zertifikatserneuerung ist externer Betreiberprozess
S054,A3,benannt,C07 C12,,degradiert,Client muss veraltete Projektion sichtbar machen
S055,A3,benannt,C11 C15,,degradiert,Remote-Nutzer braucht alternativen freigegebenen Zugang
S056,A3,benannt,C01 C07 C26,,degradiert,Operator darf stale Anzeige nicht als Freigabegrund nutzen
S057,A3,benannt,C03 C07,,degradiert,Teilnehmer muss dieselbe Idempotenzsemantik respektieren
S058,A3,benannt,C11 C17 C29,,grenze,Öffentliche Exposition braucht eigenständigen Sicherheitsreview
S059,A3,benannt,C15 C19,,halten,Lokaler Zugriff ist aus der Ferne nicht garantiert
S060,A3,benannt,C12 C13 C26,,degradiert,Geschäftstermin kann verfallen
S061,A3,benannt,C09 C10,,halten,Neuer Empfänger braucht bewusste Entscheidung
S062,A3,benannt,C01 C10,,halten,Inode allein ist keine langfristige Geschäftsidentität
S063,A3,benannt,C01 C10,,halten,Deskriptorbasierte Pfadbindung ist noch Implementierungsarbeit
S064,A3,benannt,C10 C17,,halten,Bereits gestartete Arbeit braucht eigene Widerrufsregel
S065,A3,benannt,C03 C06,,halten,Ohne gemeinsames Fencing bleibt nur manueller exklusiver Betrieb
S066,A3,benannt,C17 C29,,grenze,Same-User-Dateizugriff bleibt außerhalb harter Isolation
S067,A3,benannt,C07 C17,,degradiert,Neue unabhängige Tasks können semantisch trotzdem Kreise bilden
S068,A3,benannt,C13 C19,,degradiert,Semantische Duplikate lassen sich nicht perfekt erkennen
S069,A3,benannt,C10 C24 C31,,halten,Retentionentscheidung benötigt Owner
S070,A3,benannt,C08 C21 C32,,halten,Automatisches Umbenennen könnte Linkidentität zerstören
S071,A3,benannt,C03 C07,,degradiert,Andere Payload mit gleichem Key muss Konflikt bleiben
S072,A3,benannt,C03 C18,,halten,Definierter Point-of-no-return bleibt nötig
S073,A3,benannt,C01 C05,,degradiert,Runtime kann sich außerhalb Kernel trotzdem ändern
S074,A3,benannt,C03 C04,,halten,Menschliche API-Bindung muss nachgewiesen sein
S075,A3,benannt,C08 C09,,halten,Hash erlaubt ohne Kopie keine Wiederherstellung
S076,A3,benannt,C12 C13 C23,,degradiert,Inhaltsretention braucht separates Budget
S077,A3,benannt,C01 C19,,halten,Durchsatz sinkt bis zur Entscheidung
S078,A3,benannt,C09 C27,,halten,Domäne muss sinnvollen Gate definieren
S079,A3,benannt,C09 C17 C29,,grenze,Shellbedarf erfordert gesondert genehmigte Interpretation
S080,A3,benannt,C03 C09 C27,,halten,Ergebnisübernahme braucht Evidenz statt automatischer Neuausführung
S081,A3,benannt,C03 C18,,halten,Keine garantierte Einmalwirkung ohne Teilnehmervertrag
S082,A3,benannt,C03 C18,,halten,Eine Entschuldigung ist kein Unsend
S083,A3,benannt,C09 C18,,halten,Geänderte Rechnung braucht neue Freigabe
S084,A3,benannt,C03 C18,,degradiert,Nur spezifische Kompensation kann Folgen mindern
S085,A3,benannt,C03 C18,,halten,Manuelle Konfliktlösung statt blindem Rollback
S086,A3,benannt,C03 C19,,halten,Geschäftsschaden bleibt bis menschlicher Intervention
S087,A3,benannt,C03 C18 C27,,halten,Fachliche Gleichheit braucht Domänenvertrag
S088,A3,benannt,C13 C18 C26,,halten,Neue Kosten erfordern erneute Entscheidung
S089,A3,benannt,C10 C18 C23,,halten,Fachliche Geheimhaltung ist nicht rein syntaktisch prüfbar
S090,A3,teilweise,C03 C19 C26,C34,offen,Kein technischer Beweis des Ausgangs nach Retentionverlust
S091,A3,benannt,C13 C19,,halten,Nicht genehmigte externe Arbeit steht still
S092,A3,benannt,C18 C19 C20,,halten,Fehlurteile sind nicht vollständig technisch verhinderbar
S093,A3,benannt,C03 C09 C19,,halten,Vertretungsautorität muss vorher ausdrücklich erteilt sein
S094,A3,benannt,C06 C18,,halten,Gewollt falsche Bestätigung bleibt möglich
S095,A3,benannt,C02 C16,,halten,Ohne unabhängigen Marker ist manuelle Kopie nicht sicher erkennbar
S096,A3,benannt,C01 C29,,grenze,OS-Bypass kann Leasegarantie außerhalb Factory unterlaufen
S097,A3,benannt,C09 C19,,halten,Domänenwissen kann dennoch fehlen
S098,A3,teilweise,C20 C28,C35,offen,Unabhängigkeit braucht organisatorische Realität
S099,A3,benannt,C01 C20,,halten,Keine Behauptung dass bloßes Override den Workspace sicher macht
S100,A3,benannt,C19 C21 C22,,halten,Ohne vorbereitete Zugänge ist Ausfall länger
S101,A3,benannt,C09 C27,,halten,Ersatzmodell kann schlechter oder ungeeignet sein
S102,A3,benannt,C09 C28 C32,,degradiert,Provider muss Gewichtsidentität ggf. überhaupt anbieten
S103,A3,benannt,C17 C23 C29,,grenze,Same-User-Agent mit Tools ist dadurch nicht sandboxed
S104,A3,teilweise,C27 C28,C35,offen,Gemeinsame fachliche Blindstellen bleiben
S105,A3,benannt,C08 C27,,halten,Nicht maschinenprüfbare Qualität bleibt menschliche Aufgabe
S106,A3,benannt,C12 C13 C14,,degradiert,OS-OOM kann trotzdem Prozessreihenfolge bestimmen
S107,A3,benannt,C09 C28,,degradiert,Nicht beobachtbare Wechsel machen Run nicht vergleichbar
S108,A3,benannt,C13 C19,,halten,Kein automatisches Urteil über nützlichen Teilfortschritt
S109,A3,benannt,C09 C12 C32,,halten,Kürzung braucht neue explizite Kontextentscheidung
S110,A3,teilweise,C27 C28,C35,offen,Keine allgemeine Kompetenzgarantie aus endlichem Korpus
S111,A3,benannt,C09 C10,,halten,Heutige Sicherheitsregeln dürfen nicht umgangen werden
S112,A3,benannt,C09 C16,,halten,Keine Zustellung mit still reduzierter Instruktion
S113,A3,benannt,C23 C24,,verlust,Präventionsprüfung kann Secrets nicht sicher vollständig erkennen
S114,A3,benannt,C09 C12,,halten,v1 folgt ohnehin keinen solchen Knowledge-Links
S115,A3,benannt,C09 C10 C17,,halten,Textkonflikt braucht menschliche Klärung
S116,A3,benannt,C08 C09,,halten,Nicht sicher aufbewahrbarer Inhalt begrenzt Replay
S117,A3,teilweise,C09 C29 C30,C33,grenze,Fremdrepositories brauchen Isolation vor Ausführung
S118,A3,benannt,C17 C23,,grenze,Direkter Same-User-Dateizugriff bleibt technisch möglich
S119,A3,benannt,C08 C32,,halten,Automatische Normalisierung kann bestehende Links ändern
S120,A3,benannt,C14 C23 C24,,verlust,Bereits kopierte sensible Daten brauchen Incidentbehandlung
S121,A3,teilweise,C29 C30,C33,grenze,Keine Geheimnisgarantie nach Same-User-Kompromittierung
S122,A3,benannt,C11 C30 C32,,grenze,OS-Angreifer kann lokale Prüfer ebenfalls manipulieren
S123,A3,benannt,C11 C17 C29,,grenze,Kompromittierter autorisierter Transport bleibt mächtig
S124,A3,teilweise,C29 C30,C33,grenze,Hard Isolation ist separates Deploymentprojekt
S125,A3,benannt,C11 C12 C17,,grenze,Operation-spezifische Validierung bleibt notwendig
S126,A3,benannt,C12 C16 C23,,degradiert,Renderer muss Escape- und Linkverhalten konkret prüfen
S127,A3,benannt,C02 C06 C18,,halten,Externe Teilnehmer müssen Widerruf oder Ablauf respektieren
S128,A3,benannt,C11 C32,,halten,Signatur allein beweist keinen gutartigen Inhalt
S129,A3,benannt,C21 C22 C30,,verlust,Keine Sicherheit für bereits exfiltrierte Daten
S130,A3,benannt,C12 C13 C17,,degradiert,Legitime sehr große Aufträge brauchen bewusste Aufteilung
S131,A3,teilweise,C08 C23 C24,C36,offen,Juristische Abwägung und Replayverlust sind explizit zu entscheiden
S132,A3,teilweise,C20 C24,C36,offen,Kein automatischer Rechtsentscheid
S133,A3,benannt,C10 C17 C23,,halten,Providervertrag und Rechtslage brauchen menschliche Prüfung
S134,A3,benannt,C22 C23 C24,,verlust,Kopien können außerhalb eigener Kontrolle fortbestehen
S135,A3,benannt,C09 C32,,halten,Rechtliche Zulässigkeit ist nicht durch Hash bewiesen
S136,A3,benannt,C04 C07 C18,,halten,Authentisierung muss die reale Person hinreichend binden
S137,A3,teilweise,C21 C24,C36,offen,Keine technische Umgehung rechtmäßiger Zugriffsanforderungen geplant
S138,A3,teilweise,C08 C23 C24,C36,offen,Historische Kopien und Replay können betroffen sein
S139,A3,benannt,C07 C24 C31,,halten,Vorher gelöschte zulässige Inhalte bleiben nicht rekonstruierbar
S140,A3,benannt,C08 C21 C32,,halten,Diese Analyse selbst ist kein solcher Nachweis
S141,A3,benannt,C13 C18,,halten,Bisher entstandene Kosten bleiben
S142,A3,benannt,C13 C18 C26,,halten,Keine harte Kostenobergrenze ohne Teilnehmerunterstützung
S143,A3,benannt,C13 C14,,degradiert,Fairnesspolicy muss Zielkonflikte offen festlegen
S144,A3,benannt,C19 C20 C28,,offen,Freigaben dürfen nicht wegen Rentabilität automatisch entfallen
S145,A3,benannt,C01 C13,,degradiert,Worktrees werden nicht automatisch angelegt
S146,A3,benannt,C03 C13 C18,,halten,Bereits angenommene Kosten oder Effekte lassen sich nicht annullieren
S147,A3,benannt,C29 C32,,grenze,Neues SLA braucht anderes Mandat und reale Kapazitätsbelege
S148,A3,benannt,C10 C26,,degradiert,Abschreiben ist Geschäftsentscheidung
S149,A3,benannt,C21 C22 C32,,halten,Kein Fortbestandsversprechen ohne finanzierte Ausfalldomäne
S150,A3,benannt,C09 C13 C28,,degradiert,Fehlende Kosten werden nicht als null verbucht
S151,A3,benannt,C11 C32,,halten,OS und Hardware bleiben zusätzliche Variablen
S152,A3,benannt,C07 C32,,halten,Nicht gespeicherte alte Semantik ist nicht nachträglich herleitbar
S153,A3,benannt,C05 C31,,halten,Legacymigration ist separate genehmigte Operation
S154,A3,benannt,C07 C16 C32,,halten,Rollbackplan muss Datenzustand einbeziehen
S155,A3,benannt,C22 C32,,halten,Archivierung kann Lizenzgrenzen haben
S156,A3,benannt,C23 C32,,verlust,Bereits veröffentlichte Geheimnisse bleiben Incident
S157,A3,teilweise,C01 C28 C31,C35,offen,Testzahl allein misst keine Sicherheitsqualität
S158,A3,benannt,C07 C31,,halten,Erfordert laufende Pflege statt weiterer Schattenbacklogs
S159,A3,benannt,C11 C32,,halten,Kein Upgrade ohne passende Liefergrenze
S160,A3,benannt,C13 C31 C32,,offen,Komplexitätsbudget und bewusste Nicht-Unterstützung bleiben Entscheidungen
S161,A3,benannt,C19 C20 C22,,halten,Ohne legitimierte Nachfolge bleibt externe Tätigkeit gestoppt
S162,A3,benannt,C18 C20,,halten,Kernel darf keine gesellschaftsrechtliche Rangfolge erfinden
S163,A3,benannt,C10 C18 C24,,halten,Übergang braucht freigegebene Zuständigkeiten und Retention
S164,A3,benannt,C09 C23 C24 C32,,halten,Portabilität ist der Vertraulichkeit untergeordnet
S165,A3,benannt,C04 C18 C20,,halten,Kein automatisches Mehrheitsvotum für irreversiblen Effekt
S166,A3,benannt,C09 C28 C31,,degradiert,Neue Instrumente brauchen eigene Kalibrierung
S167,A3,benannt,C17 C20 C28,,offen,Anreizsystem ist nicht nur ein Kernelproblem
S168,A3,benannt,C13 C14 C20,,degradiert,Fairness und Prioritätskonflikte brauchen Ownerentscheidung
S169,A3,benannt,C07 C20 C24,,halten,Legale Löschung muss gesondert behandelt werden
S170,A3,teilweise,C03 C19,C34,offen,Automatische Rekonziliation kann endgültig unmöglich werden
S171,A3,benannt,C11 C13 C14,,degradiert,Multiplexing wäre neuer expliziter Vertrag statt heimlicher Optimierung
S172,A3,teilweise,C29 C30,C33,grenze,Mandantenbetrieb benötigt eigenes Isolationsmandat
S173,A3,benannt,C01 C06 C26,,grenze,Remote Runtime ist nicht automatisch durch lokales Modell abgedeckt
S174,A3,benannt,C09 C29 C32,,grenze,Plattformwechsel benötigt explizite Architektur statt verdeckter zweiter Writer
S175,A3,benannt,C06 C29 C32,,grenze,Kein Konsenscluster aus dieser Analyse genehmigt
S176,A3,benannt,C18 C29 C30,,grenze,Safety-zertifizierter Controller liegt außerhalb dieses Produkts
S177,A3,teilweise,C29 C30,C33,grenze,Externer Trustanchor und andere Deploymentgrenze nötig
S178,A3,benannt,C07 C08 C13 C21,,degradiert,Beschleuniger brauchen Integritätsbeleg und echtes Zeitbudget
S179,A3,benannt,C09 C22 C32,,degradiert,Native Harnessgespräche sind nicht vollständiger Factoryexport
S180,A3,benannt,C11 C12 C16,,degradiert,Optionalitätsgraph muss vor Aktivierung geprüft werden
S181,A3,benannt,C21 C22,,verlust,Keine Garantie gegen Verlust aller physischen Kopien
S182,A3,benannt,C02 C22 C26 C32,,halten,Aktuelle Berechtigung und ausführbare Software müssen neu begründet werden
S183,A3,benannt,C09 C22 C32,,offen,Semantik kann trotz intakter Bytes unwiederbringlich fehlen
S184,A3,teilweise,C27 C28,C35,offen,Keine universelle Wahrheitsmaschine aus der Inzidenzmatrix
S185,A3,benannt,C06 C18 C20,,halten,Fachliche Konfliktentscheidung ist nicht aus lokalen IDs ableitbar
S186,A3,teilweise,C20 C24,C36,offen,Keine Architektur kann beide absoluten Forderungen erfüllen
S187,A3,benannt,C22 C26 C29,,grenze,Betriebsmodell müsste explizit neu entworfen werden
S188,A3,benannt,C18 C22 C32,,verlust,Alte Vertraulichkeit und Signaturbeweise können nicht rückwirkend repariert werden
S189,A3,teilweise,C18 C20 C24,C36,offen,Eigentums- und Zugriffsentscheidung benötigt legitime externe Autorität
S190,A3,benannt,C22 C29,,verlust,Bewusst akzeptierte informationstheoretische Grenze statt falschem Recoveryversprechen
S191,A3,teilweise,C02 C03 C18,C34,halten,Ohne unabhängige Teilnehmerhistorie ist Ausgang dauerhaft unentscheidbar
S192,A3,benannt,C03 C12 C14 C18,,halten,Ohne Commit darf Widerruf nicht als dauerhaft bestätigt werden
S193,A3,benannt,C01 C13 C20 C22,,halten,Ohne Nachfolge keine automatische Freigabe oder Fortsetzung
S194,A3,teilweise,C08 C21 C24,C36,offen,Rechtliche Entscheidung kann technische Recovery bewusst begrenzen
S195,A3,teilweise,C09 C27 C28,C35,offen,Kein fachlicher Erfolg ohne tragfähigen unabhängigen Maßstab
S196,A3,benannt,C13 C14 C17 C25,,degradiert,Fachlich doppelte verschiedene Tasks können weiter manuelles Review brauchen
S197,A3,benannt,C03 C11 C18 C32,,halten,Geschäftlicher Schaden kann trotz technisch korrektem Halt bleiben
S198,A3,benannt,C02 C03 C06 C31,,halten,Ohne Fencing muss exklusive Betriebsautorität manuell nachgewiesen werden
S199,A3,benannt,C21 C22 C32,,verlust,Fehlen diese bereits ist Wiederherstellung unter Umständen unmöglich
S200,A3,teilweise,C28 C31,C35,offen,Diese selbstreferenzielle Karte widerlegt keine unbekannten weiteren Blindstellen
S201,A3,fehlend,,C37 C38,degradiert,Schweigen unterscheidet Stromausfall nicht von Netzstörung
S202,A3,fehlend,,C37 C39,degradiert,Ein erreichbarer Kernel beweist noch keinen fachlichen Fortschritt
S203,A3,teilweise,C02 C10,C37,halten,Spätere Außenwirkungen können in der lokalen Historie fehlen
S204,A3,fehlend,,C37 C48,degradiert,Gemeinsame regionale Infrastruktur kann trotzdem ausfallen
S205,A3,teilweise,C21,C38 C48,halten,Ein zweiter unabhängiger Weg muss tatsächlich bereitgestellt werden
S206,A3,teilweise,C20,C38 C46,halten,Sind alle Empfänger isoliert erreicht kein Alarm einen Menschen
S207,A3,fehlend,,C38,degradiert,Der unabhängige Prüfweg ist ebenfalls endlich verfügbar
S208,A3,fehlend,,C38 C46,halten,Empfangsbestätigung garantiert keine richtige Reaktion
S209,A3,fehlend,,C38 C46,degradiert,Gemeinsam defekte Uhren oder Konfigurationen bleiben möglich
S210,A3,teilweise,C16,C39,degradiert,Die Diagnose kann die genaue Deadlockursache nicht beweisen
S211,A3,teilweise,C14,C39,halten,Eine read-only Probe kann keinen erfolgreichen Schreibversuch ersetzen
S212,A3,teilweise,C19,C39,degradiert,Ein falsches fachliches Erwartungsmodell erzeugt weiter Fehlalarme
S213,A3,fehlend,,C37 C39,degradiert,Ein kompromittierter Sender kann weiterhin falsche Frische behaupten
S214,A3,fehlend,,C37 C45,degradiert,Ohne frische Evidenz bleibt der Zustand unbekannt
S215,A3,teilweise,C06,C37,halten,Heartbeat-Identität allein ist kein externes Fencing
S216,A3,teilweise,C14,C42 C45,degradiert,Begrenzung verwirft absichtlich diagnostische Details
S217,A3,teilweise,C12,C45,degradiert,Kanonische Operationsevidenz darf nicht mit verworfenen Traces verschwinden
S218,A3,teilweise,C28,C42,offen,Keine Messung garantiert vollständige Beobachterfreiheit
S219,A3,teilweise,C12,C40,halten,Nicht kooperierende Teilnehmer können danach weiterarbeiten
S220,A3,teilweise,C10,C40 C42,halten,Eine verspätete Aktion kann bereits extern angenommen worden sein
S221,A3,teilweise,C18 C19,C40,halten,Factory kann keine Entscheidung innerhalb einer unerfüllbaren Frist erzwingen
S222,A3,fehlend,,C39 C42,degradiert,Unvollständige Beobachtung ist keine genaue Dauerverteilung
S223,A3,fehlend,,C42,degradiert,Ein synthetisches Lastmodell bleibt eine Annahme
S224,A3,teilweise,C28,C42,offen,Seltene Verteilungen sind damit nicht empirisch bestimmt
S225,A3,fehlend,,C40 C41,halten,Ein fehlender Pflichtteil kann den gesamten Auftrag blockieren
S226,A3,teilweise,C03 C18,C41,halten,Nach bereits doppelter Annahme braucht es fachliche Klärung
S227,A3,teilweise,C27,C47,halten,Was zwingend vollständig sein muss ist domänenspezifisch
S228,A3,teilweise,C13,C40 C42,degradiert,Unbekannte alte Effekte dürfen nicht durch Leasefreigabe beseitigt werden
S229,A3,teilweise,C14,C42,degradiert,Zu feine Labels würden selbst Ressourcen erschöpfen
S230,A3,fehlend,,C40 C42,halten,Ohne Echtzeitplattform gibt es keine harte Deadlinegarantie
S231,A3,teilweise,C03,C34 C40,offen,Fehlende Teilnehmerhistorie kann den Ausgang dauerhaft unklärbar machen
S232,A3,teilweise,C10 C18,C40,halten,Ein fremder bereits handelnder Teilnehmer kann lokale Regeln ignorieren
S233,A3,teilweise,C24,C36 C40,offen,Retention und Aufklärung können unvereinbar sein
S234,A3,teilweise,C03 C18,C40,halten,Kompensation kann unmöglich sein
S235,A3,benannt,C01 C12,,halten,OS-Bypass bleibt außerhalb kooperativer Garantien
S236,A3,benannt,C12 C14,,degradiert,Ein bereits angenommener Effekt wird dadurch nicht zurückgenommen
S237,A3,teilweise,C03,C41,halten,SDK-interne Versuche müssen nachweisbar oder abschaltbar sein
S238,A3,teilweise,C13,C41,degradiert,Jitter schafft keine fehlende Gesamtkapazität
S239,A3,teilweise,C13,C41,halten,Unbekannte Fehlertypen brauchen konservative Behandlung
S240,A3,teilweise,C13,C43,degradiert,Das Gerät kann für die geplante Last grundsätzlich zu klein sein
S241,A3,fehlend,,C43 C48,degradiert,Optionalität muss praktisch nachgewiesen werden
S242,A3,teilweise,C12,C40,halten,Zu knappe Budgets können legitime erste Aufrufe ausschließen
S243,A3,teilweise,C14,C41,degradiert,Große Arbeit kann bewusst länger warten
S244,A3,teilweise,C19,C41,halten,Unter dauerhafter Überlast ist nicht jede Deadline erfüllbar
S245,A3,benannt,C01 C14 C19,,halten,Stillstand kann die einzig sichere Option sein
S246,A3,benannt,C09 C13,,degradiert,Vollständige Sicht braucht paginierte Inspektion statt einen Prompt
S247,A3,benannt,C12 C13,,halten,Das Ergebnis muss über einen geeigneten Inhaltsvertrag geliefert werden
S248,A3,teilweise,C13,C41,degradiert,Langsame Leser benötigen wiederaufnehmbare begrenzte Abfragen
S249,A3,teilweise,C21,C43,halten,Ein verfehltes RTO braucht Kapazität oder ein geändertes Versprechen
S250,A3,teilweise,C14 C21,C43,halten,Ohne genügend unabhängigen Speicher ist Restore nicht ausführbar
S251,A3,teilweise,C03 C24,C34,offen,Unbegrenzte Teilnehmerlatenz und endliche Retention kollidieren
S252,A3,teilweise,C13 C25,C40,halten,Geschäftliche Verfallsregeln muss jemand festlegen
S253,A3,teilweise,C13,C41,degradiert,Schon entstandene offene Wirkungen brauchen eigene Rekonziliation
S254,A3,teilweise,C13,C41,halten,Eine zulässige Delegationskette kann trotzdem sehr teuer sein
S255,A3,teilweise,C13,C40,degradiert,Thermische Kapazität bleibt eine physische Grenze
S256,A3,benannt,C03 C21,,halten,Teilnehmerannahme kann vor dem Stromende geschehen sein
S257,A3,fehlend,,C37 C48,degradiert,Bei vollständigem regionalem Kommunikationsverlust endet Alarmierbarkeit
S258,A3,benannt,C14 C16,,degradiert,Wenn der Kernel selbst nicht reagiert bleibt nur externe Diagnose
S259,A3,teilweise,C15 C17,C48,halten,Kein Authentifizierungs-Bypass unter dem Namen Notfallzugang
S260,A3,teilweise,C14,C39,halten,Laufende externe Wirkung kann weitergehen
S261,A3,teilweise,C17,C44,halten,Direkter Same-User-Zugriff auf Secrets braucht andere Isolation
S262,A3,teilweise,C18,C44,halten,Externe Aliasregeln müssen dem Teilnehmervertrag entsprechen
S263,A3,teilweise,C10,C44,halten,Unbekannte historische Actorfakten bleiben unbekannt
S264,A3,teilweise,C23,C44,halten,Ein privilegierter Harness kann außerhalb des Kernvertrags handeln
S265,A3,teilweise,C18,C44,halten,Same-User-Manipulation des gesamten Systems bleibt außerhalb der Grenze
S266,A3,teilweise,C27,C44,halten,Fachliche Prüfer müssen untrusted Quellen angemessen behandeln
S267,A3,teilweise,C30 C32,C33,grenze,Feindlicher Code ist im selben Useraccount nicht sicher eingeschlossen
S268,A3,teilweise,C22 C32,C43,halten,Eine fehlende vertrauenswürdige Kopie lässt sich nicht herbeizaubern
S269,A3,fehlend,,C38 C48,grenze,Zwei identisch kompromittierte Vertrauensanker können gemeinsam täuschen
S270,A3,teilweise,C32,C37,degradiert,Übergangsfenster erweitern zeitweise die Angriffsfläche
S271,A3,benannt,C20 C22,,verlust,Ohne Schlüssel und legitimen Ersatz bleibt Inhalt verloren
S272,A3,benannt,C23 C24,,grenze,Bereits kopierte Daten können nicht nachträglich eingezogen werden
S273,A3,teilweise,C30,C33,grenze,Ohne harte Isolation besteht keine Geheimhaltungszusage
S274,A3,teilweise,C30,C33 C45,grenze,Telemetrieminimierung beseitigt geteilte Hardwarekanäle nicht
S275,A3,teilweise,C17,C37,halten,Ein separat genehmigter Reparaturdienst wäre ein neues Mandat
S276,A3,teilweise,C23,C45,degradiert,Selbst minimale Aktivitätsmuster können sensibel bleiben
S277,A3,teilweise,C24,C45,halten,Bereits versandte Inhalte sind nicht zuverlässig zurückholbar
S278,A3,fehlend,,C38 C45,degradiert,Berechtigte Empfänger bleiben für ihren Provider sichtbar
S279,A3,teilweise,C21 C28,C35,offen,Gemeinsame Blindstellen können unentdeckt bleiben
S280,A3,teilweise,C08,C47,halten,Plausible falsche Werte können trotzdem bestehen bleiben
S281,A3,benannt,C06 C07 C19,,halten,Menschliche Auflösung kann verlorene Außenweltevidenz nicht ersetzen
S282,A3,benannt,C02 C03 C18,,halten,Fehlende unabhängige Teilnehmerdaten können dauerhaft blockieren
S283,A3,teilweise,C06,C37,halten,Ohne tatsächlich durchgesetztes Fencing gibt es keinen automatischen Failover
S284,A3,teilweise,C18,C40,halten,Prüfung und externe Annahme können weiterhin ein Race bilden
S285,A3,fehlend,,C43 C47,halten,Unbekannte Kombinationen müssen abgelehnt werden
S286,A3,teilweise,C11,C48,halten,Ein gemeinsamer Store kann nicht beliebig scopeweise migriert werden
S287,A3,teilweise,C31,C43,halten,Lesbarer Export kann die einzig zulässige alte Nutzung sein
S288,A3,teilweise,C03,C43,halten,Kompensation braucht eine neue legitime Entscheidung
S289,A3,teilweise,C05 C31,C43,halten,Nicht aus einer fehlenden Antwort einen zweiten Writer starten
S290,A3,teilweise,C16,C48,degradiert,Ein defekter Kern benötigt externen read-only Recoveryweg
S291,A3,teilweise,C20 C32,C48,degradiert,Dokumentation garantiert keine verfügbare Kompetenz
S292,A3,benannt,C22 C32,,halten,Ohne vertrauenswürdige Werkzeuge kann Änderung unmöglich bleiben
S293,A3,teilweise,C18,C48,halten,Ein umfangreicher Regelkatalog ersetzt keinen verständlichen Kern
S294,A3,fehlend,,C43 C48,halten,Ein gemeinsamer Implementierungsfehler kann alle Pfade treffen
S295,A3,teilweise,C11 C16,C48,degradiert,Ohne Aktivierung darf keine externe Alarmgarantie behauptet werden
S296,A3,benannt,C05 C15,,halten,Mutationen müssen durch den zuständigen Daemon gehen
S297,A3,fehlend,,C40 C43,halten,Endliche Tests erfassen nicht jede mögliche Reihenfolge
S298,A3,fehlend,,C37 C43,degradiert,Simulation ersetzt keinen genehmigten realen Ende-zu-Ende-Drill
S299,A3,benannt,C06 C28,,halten,Ohne Nachweis nur expliziter Single-active-Betrieb
S300,A3,teilweise,C27,C47,halten,Geeignete Fachkriterien bleiben Domänenverantwortung
S301,A3,teilweise,C10,C47,halten,Der aktuelle externe Preis kann sich unmittelbar danach ändern
S302,A3,fehlend,,C44 C47,halten,Ein unzuverlässiges externes Identitätsregister bleibt eine Grenze
S303,A3,teilweise,C19,C46,degradiert,Zugänglichkeit muss mit realen Nutzern geprüft werden
S304,A3,fehlend,,C45 C46,halten,Mehr Details dürfen keine Secrets offenlegen
S305,A3,fehlend,,C46 C47,halten,Sprachliche Verständlichkeit ist nicht allein maschinell beweisbar
S306,A3,fehlend,,C38 C46,halten,Sind alle Vertreter unerreichbar bleibt Stillstand
S307,A3,fehlend,,C38 C46,degradiert,Zu starke Bündelung kann wichtige Unterschiede verdecken
S308,A3,teilweise,C19,C38 C39,halten,Eine Bestätigung erfüllt kein Wiederherstellungsziel
S309,A3,benannt,C18 C20,,halten,Die Rangfolge muss legitim vereinbart sein
S310,A3,teilweise,C20,C38 C48,halten,Kontenübertragung benötigt menschliche Zustimmung und Providerzugang
S311,A3,teilweise,C20,C38,grenze,Ein vollständig kompromittierter Autoritätskreis kann nicht intern garantiert werden
S312,A3,fehlend,,C38 C48,degradiert,Unbekannte Unterauftragnehmer begrenzen den Nachweis
S313,A3,teilweise,C21,C38 C48,halten,Ein nicht finanzierter Ausweichweg ist keine vorhandene Reserve
S314,A3,benannt,C09 C28 C32,,halten,Ein Ersatz bietet nicht automatisch dieselbe Kompetenz oder Idempotenz
S315,A3,teilweise,C13,C42,halten,Unbegrenzte externe Nachberechnung verhindert eine harte lokale Kostengarantie
S316,A3,teilweise,C03 C13,C41,halten,Nicht jedes Latenzziel ist wirtschaftlich oder sicher erreichbar
S317,A3,teilweise,C19,C46,degradiert,Eine perfekte fehlerfreie Alarmierung ist nicht versprochen
S318,A3,teilweise,C18,C40,halten,Ein nicht stoppbarer Teilnehmer kann bereits unterwegs sein
S319,A3,teilweise,C24,C36,offen,Architektur kann widersprüchliche Pflichten nicht gleichzeitig erfüllen
S320,A3,teilweise,C24,C36 C45,offen,Vertragsprüfung und Rechtsentscheidung bleiben menschliche Aufgaben
S321,A3,teilweise,C30,C40 C47,grenze,Factory v1 ist kein Safety-Echtzeitsystem
S322,A3,teilweise,C30,C47,grenze,Unabhängige zertifizierte Sicherheitssteuerung wäre ein eigenes System
S323,A3,teilweise,C30,C35,grenze,Ohne legitime Fachentscheidung gibt es keinen tragfähigen Maßstab
S324,A3,teilweise,C03,C40,halten,Eine einseitige Partition kann unbegrenzt dauern
S325,A3,teilweise,C18,C37 C40,halten,Ohne aktuelle Rückmeldung bleibt automatische Fortsetzung begrenzt
S326,A3,teilweise,C18,C37 C39,degradiert,Ohne besondere genehmigte Policy ist Alarmierung kein Kill-Switch
S327,A3,teilweise,C26,C40,halten,Über verschiedene Hosts existiert keine gemeinsame monotone Uhr
S328,A3,teilweise,C26,C37 C38,degradiert,Nach Monitorrestore muss Zeitunsicherheit ausdrücklich behandelt werden
S329,A3,benannt,C07 C25,,halten,Neue fachliche Termine brauchen eine ausdrückliche Regel
S330,A3,benannt,C01 C19,,halten,Die konkrete Ursache kann ohne unabhängigen Zugang unklar bleiben
S331,A3,teilweise,C28,C35,offen,Eine unbekannt falsche gemeinsame Quelle kann alle Prüfungen täuschen
S332,A3,teilweise,C03 C19,C34,offen,Ohne zusätzliche Evidenz kann der Konflikt dauerhaft unauflösbar sein
S333,A3,fehlend,,C42 C47,degradiert,Ein fachlicher Nutzwert braucht mehr als Laufzeitkennzahlen
S334,A3,fehlend,,C38 C42,grenze,Gemeinsam manipulierte Governance braucht externe Kontrolle
S335,A3,teilweise,C27,C35 C47,offen,Kein universeller unabhängiger Wahrheitsmaßstab vorhanden
S336,A3,teilweise,C25,C38,degradiert,Eine unbegrenzte Ruhefreigabe wäre eine Überwachungslücke
S337,A3,teilweise,C10,C40,halten,Nicht alle Qualitätsziele lassen sich zugleich erfüllen
S338,A3,teilweise,C13,C48,grenze,Es bleibt bewusst akzeptiertes Restrisiko statt maximaler Redundanz
S339,A3,teilweise,C22,C43,halten,Nicht erhaltene native Laufzeiten können unersetzbar sein
S340,A3,teilweise,C01,C43,halten,Keine automatische Zusammenführung oder Worktreebereinigung
S341,A3,benannt,C22 C32,,verlust,Langzeitlesbarkeit ist endlich und braucht gepflegte Werkzeuge
S342,A3,teilweise,C03 C32,C40,halten,Fremde Puffer können ohne Mitwirkung nicht sicher entleert werden
S343,A3,teilweise,C20 C32,C38,halten,Weiterbetrieb benötigt einen finanzierten legitimen Empfänger
S344,A3,teilweise,C24 C32,C36,offen,Eine konkrete Rechts- und Eigentumsentscheidung bleibt erforderlich
S345,A3,teilweise,C20 C22,C37,verlust,Ohne Beobachter Kommunikationsweg und Empfänger gibt es keinen Alarm
S346,A3,teilweise,C28,C35,offen,Ohne unabhängige Realitätsevidenz ist der Irrtum nicht erkennbar
S347,A3,teilweise,C24,C34 C40,offen,Unbegrenzte Latenz endliche Erinnerung und sichere Wiederholung sind nicht gleichzeitig garantiert
S348,A3,fehlend,,C38 C46 C48,halten,Bei Verlust aller legitimen Wege endet Alarmierbarkeit
S349,A3,teilweise,C02 C03,C40 C41,halten,Kein Lastabbau darf unbekannte Effekte blind wiederholen
S350,A3,fehlend,,C33 C34 C35 C38,grenze,Ein fremder Monitor kann fehlende Heartbeats erkennen aber keine perfekt gefälschte Welt widerlegen
S001,A4,benannt,C01 C03,,halten,Nicht bestätigter Effekt braucht Rekonziliation
S002,A4,benannt,C08 C21,,halten,Stillstand bis Ersatzhardware verfügbar
S003,A4,benannt,C13 C14 C26,,degradiert,Keine garantierte ursprüngliche Lieferzeit
S004,A4,benannt,C08 C27,,halten,Gemeinsame Korruption kann beide Prüfungen treffen
S005,A4,benannt,C18 C21 C29,,verlust,Bereits zugängliche Daten gelten möglicherweise als kompromittiert
S006,A4,benannt,C21 C22,,verlust,Alles seit letzter unabhängiger Kopie kann fehlen
S007,A4,benannt,C01 C10,,halten,Filesystem-TOCTOU muss separat getestet werden
S008,A4,benannt,C03 C04 C18,,halten,Nicht committete menschliche Intention ist nicht beweisbar
S009,A4,benannt,C09 C32,,halten,Neuer Plattformadapter kann ein eigenes Projekt benötigen
S010,A4,benannt,C19 C21 C26,,halten,Geschäftsfristen können trotzdem verstreichen
S011,A4,benannt,C03 C14,,halten,Diagnose benötigt reservierte Ressourcen
S012,A4,benannt,C07 C08 C21,,halten,Kein Überspringen mit vorgetäuschtem vollständigem Replay
S013,A4,benannt,C07 C31,,halten,Migrationsatomizität muss real nachgewiesen werden
S014,A4,benannt,C08 C21,,verlust,Fehlende committed WAL-Fakten sind nicht herleitbar
S015,A4,benannt,C02 C03 C18,,halten,Teilnehmer ohne Abfrage erfordern menschliche Auflösung
S016,A4,benannt,C08 C21,,verlust,Ohne unabhängige Kopie bleibt Inhalt verloren
S017,A4,benannt,C21 C22,,verlust,Ohne Schlüssel kein Versprechen auf Rekonstruktion
S018,A4,benannt,C07 C09,,halten,Alte nicht aufgezeichnete Inputs brauchen Importgrenze
S019,A4,benannt,C07 C16 C32,,halten,Kein automatischer Downgrade oder stilles Überspringen
S020,A4,benannt,C08 C21 C24,,halten,Retention und vollständiger Replay können unvereinbar sein
S021,A4,benannt,C25,,degradiert,Ein- oder zweimalige Ausführung muss fachlich entschieden sein
S022,A4,benannt,C25 C26,,degradiert,Kein implizites Nachholen irreversibler Aktionen
S023,A4,benannt,C25 C26,,degradiert,Externe Zeitangaben können weiter unzuverlässig sein
S024,A4,benannt,C13 C25,,degradiert,Verfallene Arbeit darf nicht ungeprüft ausgeführt werden
S025,A4,benannt,C09 C25,,halten,Betroffene künftige Termine brauchen Review
S026,A4,benannt,C03 C07 C26,,degradiert,Keine erfundene globale Echtzeitordnung
S027,A4,benannt,C18 C26,,halten,Bereits angenommene Wirkung bleibt möglich
S028,A4,benannt,C09 C10 C26,,halten,Fachliche Gültigkeitsregel muss vom Domänenverantwortlichen kommen
S029,A4,benannt,C25 C26,,halten,OS-spezifische Uhrsemantik braucht Tests
S030,A4,benannt,C03 C25,,degradiert,Deduplikation muss denselben fachlichen Trigger erkennen
S031,A4,benannt,C01 C15,,halten,Freigabe braucht Endevidenz statt Timeout
S032,A4,benannt,C01 C02,,halten,Ohne stabile Korrelation keine automatische Adoption
S033,A4,benannt,C01 C09,,halten,Adapter braucht alternative belastbare Identität
S034,A4,benannt,C01 C19,,halten,Kein automatischer Fallback auf schwächere Evidenz
S035,A4,benannt,C01 C27,,degradiert,Worker kann weiterhin fachlich irren
S036,A4,benannt,C01 C26,,halten,Alter muss anhand passender Uhr und Generation beurteilt werden
S037,A4,benannt,C01 C05,,halten,Filesystem-Aliasing muss über zeitliche Renames getestet werden
S038,A4,benannt,C01 C12,,halten,Prozessgruppenbeobachtung ist keine harte Sandbox
S039,A4,benannt,C13 C19,,halten,Budgetmangel darf keine Freigabe erzwingen
S040,A4,benannt,C01 C02,,halten,Allein der Funktionsname darf keine Lease lösen
S041,A4,benannt,C11 C12,,degradiert,Andere Aktivierungen benötigen eigene Ressourcenbudgets
S042,A4,benannt,C12 C14,,degradiert,Parsergrenzen müssen vor Allokation greifen
S043,A4,benannt,C03 C12,,halten,Unklarer Effekt darf nicht erneut gesendet werden
S044,A4,benannt,C11 C12,,degradiert,Expliziter Operatorretry kann denselben Fehler wiederholen
S045,A4,benannt,C11 C16,,degradiert,Core-Bootstrap selbst braucht verifizierbare Minimaldaten
S046,A4,benannt,C03 C27,,halten,Unehrlicher Teilnehmer kann Bestätigung fälschen
S047,A4,benannt,C12 C14,,degradiert,OS-weite Erschöpfung kann trotzdem Diagnose zerstören
S048,A4,benannt,C11 C32,,halten,Nicht spezifizierte Semantik bleibt ein Vertragsproblem
S049,A4,benannt,C03 C18,,halten,Stoppen kann bereits angenommenen Effekt nicht ungeschehen machen
S050,A4,benannt,C03 C11 C27,,halten,Nicht invertierbare Wirkung muss als irreversibel behandelt werden
S051,A4,benannt,C03 C18,,halten,Rekonziliation braucht Teilnehmerunterstützung
S052,A4,benannt,C11 C18,,halten,Transportauthentisierung bleibt Pluginpflicht
S053,A4,benannt,C18 C26,,halten,Zertifikatserneuerung ist externer Betreiberprozess
S054,A4,benannt,C07 C12,,degradiert,Client muss veraltete Projektion sichtbar machen
S055,A4,benannt,C11 C15,,degradiert,Remote-Nutzer braucht alternativen freigegebenen Zugang
S056,A4,benannt,C01 C07 C26,,degradiert,Operator darf stale Anzeige nicht als Freigabegrund nutzen
S057,A4,benannt,C03 C07,,degradiert,Teilnehmer muss dieselbe Idempotenzsemantik respektieren
S058,A4,benannt,C11 C17 C29,,grenze,Öffentliche Exposition braucht eigenständigen Sicherheitsreview
S059,A4,benannt,C15 C19,,halten,Lokaler Zugriff ist aus der Ferne nicht garantiert
S060,A4,benannt,C12 C13 C26,,degradiert,Geschäftstermin kann verfallen
S061,A4,benannt,C09 C10,,halten,Neuer Empfänger braucht bewusste Entscheidung
S062,A4,benannt,C01 C10,,halten,Inode allein ist keine langfristige Geschäftsidentität
S063,A4,benannt,C01 C10,,halten,Deskriptorbasierte Pfadbindung ist noch Implementierungsarbeit
S064,A4,benannt,C10 C17,,halten,Bereits gestartete Arbeit braucht eigene Widerrufsregel
S065,A4,benannt,C03 C06,,halten,Ohne gemeinsames Fencing bleibt nur manueller exklusiver Betrieb
S066,A4,benannt,C17 C29,,grenze,Same-User-Dateizugriff bleibt außerhalb harter Isolation
S067,A4,benannt,C07 C17,,degradiert,Neue unabhängige Tasks können semantisch trotzdem Kreise bilden
S068,A4,benannt,C13 C19,,degradiert,Semantische Duplikate lassen sich nicht perfekt erkennen
S069,A4,benannt,C10 C24 C31,,halten,Retentionentscheidung benötigt Owner
S070,A4,benannt,C08 C21 C32,,halten,Automatisches Umbenennen könnte Linkidentität zerstören
S071,A4,benannt,C03 C07,,degradiert,Andere Payload mit gleichem Key muss Konflikt bleiben
S072,A4,benannt,C03 C18,,halten,Definierter Point-of-no-return bleibt nötig
S073,A4,benannt,C01 C05,,degradiert,Runtime kann sich außerhalb Kernel trotzdem ändern
S074,A4,benannt,C03 C04,,halten,Menschliche API-Bindung muss nachgewiesen sein
S075,A4,benannt,C08 C09,,halten,Hash erlaubt ohne Kopie keine Wiederherstellung
S076,A4,benannt,C12 C13 C23,,degradiert,Inhaltsretention braucht separates Budget
S077,A4,benannt,C01 C19,,halten,Durchsatz sinkt bis zur Entscheidung
S078,A4,benannt,C09 C27,,halten,Domäne muss sinnvollen Gate definieren
S079,A4,benannt,C09 C17 C29,,grenze,Shellbedarf erfordert gesondert genehmigte Interpretation
S080,A4,benannt,C03 C09 C27,,halten,Ergebnisübernahme braucht Evidenz statt automatischer Neuausführung
S081,A4,benannt,C03 C18,,halten,Keine garantierte Einmalwirkung ohne Teilnehmervertrag
S082,A4,benannt,C03 C18,,halten,Eine Entschuldigung ist kein Unsend
S083,A4,benannt,C09 C18,,halten,Geänderte Rechnung braucht neue Freigabe
S084,A4,benannt,C03 C18,,degradiert,Nur spezifische Kompensation kann Folgen mindern
S085,A4,benannt,C03 C18,,halten,Manuelle Konfliktlösung statt blindem Rollback
S086,A4,benannt,C03 C19,,halten,Geschäftsschaden bleibt bis menschlicher Intervention
S087,A4,benannt,C03 C18 C27,,halten,Fachliche Gleichheit braucht Domänenvertrag
S088,A4,benannt,C13 C18 C26,,halten,Neue Kosten erfordern erneute Entscheidung
S089,A4,benannt,C10 C18 C23,,halten,Fachliche Geheimhaltung ist nicht rein syntaktisch prüfbar
S090,A4,teilweise,C03 C19 C26,C34,offen,Kein technischer Beweis des Ausgangs nach Retentionverlust
S091,A4,benannt,C13 C19,,halten,Nicht genehmigte externe Arbeit steht still
S092,A4,benannt,C18 C19 C20,,halten,Fehlurteile sind nicht vollständig technisch verhinderbar
S093,A4,benannt,C03 C09 C19,,halten,Vertretungsautorität muss vorher ausdrücklich erteilt sein
S094,A4,benannt,C06 C18,,halten,Gewollt falsche Bestätigung bleibt möglich
S095,A4,benannt,C02 C16,,halten,Ohne unabhängigen Marker ist manuelle Kopie nicht sicher erkennbar
S096,A4,benannt,C01 C29,,grenze,OS-Bypass kann Leasegarantie außerhalb Factory unterlaufen
S097,A4,benannt,C09 C19,,halten,Domänenwissen kann dennoch fehlen
S098,A4,teilweise,C20 C28,C35,offen,Unabhängigkeit braucht organisatorische Realität
S099,A4,benannt,C01 C20,,halten,Keine Behauptung dass bloßes Override den Workspace sicher macht
S100,A4,benannt,C19 C21 C22,,halten,Ohne vorbereitete Zugänge ist Ausfall länger
S101,A4,benannt,C09 C27,,halten,Ersatzmodell kann schlechter oder ungeeignet sein
S102,A4,benannt,C09 C28 C32,,degradiert,Provider muss Gewichtsidentität ggf. überhaupt anbieten
S103,A4,benannt,C17 C23 C29,,grenze,Same-User-Agent mit Tools ist dadurch nicht sandboxed
S104,A4,teilweise,C27 C28,C35,offen,Gemeinsame fachliche Blindstellen bleiben
S105,A4,benannt,C08 C27,,halten,Nicht maschinenprüfbare Qualität bleibt menschliche Aufgabe
S106,A4,benannt,C12 C13 C14,,degradiert,OS-OOM kann trotzdem Prozessreihenfolge bestimmen
S107,A4,benannt,C09 C28,,degradiert,Nicht beobachtbare Wechsel machen Run nicht vergleichbar
S108,A4,benannt,C13 C19,,halten,Kein automatisches Urteil über nützlichen Teilfortschritt
S109,A4,benannt,C09 C12 C32,,halten,Kürzung braucht neue explizite Kontextentscheidung
S110,A4,teilweise,C27 C28,C35,offen,Keine allgemeine Kompetenzgarantie aus endlichem Korpus
S111,A4,benannt,C09 C10,,halten,Heutige Sicherheitsregeln dürfen nicht umgangen werden
S112,A4,benannt,C09 C16,,halten,Keine Zustellung mit still reduzierter Instruktion
S113,A4,benannt,C23 C24,,verlust,Präventionsprüfung kann Secrets nicht sicher vollständig erkennen
S114,A4,benannt,C09 C12,,halten,v1 folgt ohnehin keinen solchen Knowledge-Links
S115,A4,benannt,C09 C10 C17,,halten,Textkonflikt braucht menschliche Klärung
S116,A4,benannt,C08 C09,,halten,Nicht sicher aufbewahrbarer Inhalt begrenzt Replay
S117,A4,teilweise,C09 C29 C30,C33,grenze,Fremdrepositories brauchen Isolation vor Ausführung
S118,A4,benannt,C17 C23,,grenze,Direkter Same-User-Dateizugriff bleibt technisch möglich
S119,A4,benannt,C08 C32,,halten,Automatische Normalisierung kann bestehende Links ändern
S120,A4,benannt,C14 C23 C24,,verlust,Bereits kopierte sensible Daten brauchen Incidentbehandlung
S121,A4,teilweise,C29 C30,C33,grenze,Keine Geheimnisgarantie nach Same-User-Kompromittierung
S122,A4,benannt,C11 C30 C32,,grenze,OS-Angreifer kann lokale Prüfer ebenfalls manipulieren
S123,A4,benannt,C11 C17 C29,,grenze,Kompromittierter autorisierter Transport bleibt mächtig
S124,A4,teilweise,C29 C30,C33,grenze,Hard Isolation ist separates Deploymentprojekt
S125,A4,benannt,C11 C12 C17,,grenze,Operation-spezifische Validierung bleibt notwendig
S126,A4,benannt,C12 C16 C23,,degradiert,Renderer muss Escape- und Linkverhalten konkret prüfen
S127,A4,benannt,C02 C06 C18,,halten,Externe Teilnehmer müssen Widerruf oder Ablauf respektieren
S128,A4,benannt,C11 C32,,halten,Signatur allein beweist keinen gutartigen Inhalt
S129,A4,benannt,C21 C22 C30,,verlust,Keine Sicherheit für bereits exfiltrierte Daten
S130,A4,benannt,C12 C13 C17,,degradiert,Legitime sehr große Aufträge brauchen bewusste Aufteilung
S131,A4,teilweise,C08 C23 C24,C36,offen,Juristische Abwägung und Replayverlust sind explizit zu entscheiden
S132,A4,teilweise,C20 C24,C36,offen,Kein automatischer Rechtsentscheid
S133,A4,benannt,C10 C17 C23,,halten,Providervertrag und Rechtslage brauchen menschliche Prüfung
S134,A4,benannt,C22 C23 C24,,verlust,Kopien können außerhalb eigener Kontrolle fortbestehen
S135,A4,benannt,C09 C32,,halten,Rechtliche Zulässigkeit ist nicht durch Hash bewiesen
S136,A4,benannt,C04 C07 C18,,halten,Authentisierung muss die reale Person hinreichend binden
S137,A4,teilweise,C21 C24,C36,offen,Keine technische Umgehung rechtmäßiger Zugriffsanforderungen geplant
S138,A4,teilweise,C08 C23 C24,C36,offen,Historische Kopien und Replay können betroffen sein
S139,A4,benannt,C07 C24 C31,,halten,Vorher gelöschte zulässige Inhalte bleiben nicht rekonstruierbar
S140,A4,benannt,C08 C21 C32,,halten,Diese Analyse selbst ist kein solcher Nachweis
S141,A4,benannt,C13 C18,,halten,Bisher entstandene Kosten bleiben
S142,A4,benannt,C13 C18 C26,,halten,Keine harte Kostenobergrenze ohne Teilnehmerunterstützung
S143,A4,benannt,C13 C14,,degradiert,Fairnesspolicy muss Zielkonflikte offen festlegen
S144,A4,benannt,C19 C20 C28,,offen,Freigaben dürfen nicht wegen Rentabilität automatisch entfallen
S145,A4,benannt,C01 C13,,degradiert,Worktrees werden nicht automatisch angelegt
S146,A4,benannt,C03 C13 C18,,halten,Bereits angenommene Kosten oder Effekte lassen sich nicht annullieren
S147,A4,benannt,C29 C32,,grenze,Neues SLA braucht anderes Mandat und reale Kapazitätsbelege
S148,A4,benannt,C10 C26,,degradiert,Abschreiben ist Geschäftsentscheidung
S149,A4,benannt,C21 C22 C32,,halten,Kein Fortbestandsversprechen ohne finanzierte Ausfalldomäne
S150,A4,benannt,C09 C13 C28,,degradiert,Fehlende Kosten werden nicht als null verbucht
S151,A4,benannt,C11 C32,,halten,OS und Hardware bleiben zusätzliche Variablen
S152,A4,benannt,C07 C32,,halten,Nicht gespeicherte alte Semantik ist nicht nachträglich herleitbar
S153,A4,benannt,C05 C31,,halten,Legacymigration ist separate genehmigte Operation
S154,A4,benannt,C07 C16 C32,,halten,Rollbackplan muss Datenzustand einbeziehen
S155,A4,benannt,C22 C32,,halten,Archivierung kann Lizenzgrenzen haben
S156,A4,benannt,C23 C32,,verlust,Bereits veröffentlichte Geheimnisse bleiben Incident
S157,A4,teilweise,C01 C28 C31,C35,offen,Testzahl allein misst keine Sicherheitsqualität
S158,A4,benannt,C07 C31,,halten,Erfordert laufende Pflege statt weiterer Schattenbacklogs
S159,A4,benannt,C11 C32,,halten,Kein Upgrade ohne passende Liefergrenze
S160,A4,benannt,C13 C31 C32,,offen,Komplexitätsbudget und bewusste Nicht-Unterstützung bleiben Entscheidungen
S161,A4,benannt,C19 C20 C22,,halten,Ohne legitimierte Nachfolge bleibt externe Tätigkeit gestoppt
S162,A4,benannt,C18 C20,,halten,Kernel darf keine gesellschaftsrechtliche Rangfolge erfinden
S163,A4,benannt,C10 C18 C24,,halten,Übergang braucht freigegebene Zuständigkeiten und Retention
S164,A4,benannt,C09 C23 C24 C32,,halten,Portabilität ist der Vertraulichkeit untergeordnet
S165,A4,benannt,C04 C18 C20,,halten,Kein automatisches Mehrheitsvotum für irreversiblen Effekt
S166,A4,benannt,C09 C28 C31,,degradiert,Neue Instrumente brauchen eigene Kalibrierung
S167,A4,benannt,C17 C20 C28,,offen,Anreizsystem ist nicht nur ein Kernelproblem
S168,A4,benannt,C13 C14 C20,,degradiert,Fairness und Prioritätskonflikte brauchen Ownerentscheidung
S169,A4,benannt,C07 C20 C24,,halten,Legale Löschung muss gesondert behandelt werden
S170,A4,teilweise,C03 C19,C34,offen,Automatische Rekonziliation kann endgültig unmöglich werden
S171,A4,benannt,C11 C13 C14,,degradiert,Multiplexing wäre neuer expliziter Vertrag statt heimlicher Optimierung
S172,A4,teilweise,C29 C30,C33,grenze,Mandantenbetrieb benötigt eigenes Isolationsmandat
S173,A4,benannt,C01 C06 C26,,grenze,Remote Runtime ist nicht automatisch durch lokales Modell abgedeckt
S174,A4,benannt,C09 C29 C32,,grenze,Plattformwechsel benötigt explizite Architektur statt verdeckter zweiter Writer
S175,A4,benannt,C06 C29 C32,,grenze,Kein Konsenscluster aus dieser Analyse genehmigt
S176,A4,benannt,C18 C29 C30,,grenze,Safety-zertifizierter Controller liegt außerhalb dieses Produkts
S177,A4,teilweise,C29 C30,C33,grenze,Externer Trustanchor und andere Deploymentgrenze nötig
S178,A4,benannt,C07 C08 C13 C21,,degradiert,Beschleuniger brauchen Integritätsbeleg und echtes Zeitbudget
S179,A4,benannt,C09 C22 C32,,degradiert,Native Harnessgespräche sind nicht vollständiger Factoryexport
S180,A4,benannt,C11 C12 C16,,degradiert,Optionalitätsgraph muss vor Aktivierung geprüft werden
S181,A4,benannt,C21 C22,,verlust,Keine Garantie gegen Verlust aller physischen Kopien
S182,A4,benannt,C02 C22 C26 C32,,halten,Aktuelle Berechtigung und ausführbare Software müssen neu begründet werden
S183,A4,benannt,C09 C22 C32,,offen,Semantik kann trotz intakter Bytes unwiederbringlich fehlen
S184,A4,teilweise,C27 C28,C35,offen,Keine universelle Wahrheitsmaschine aus der Inzidenzmatrix
S185,A4,benannt,C06 C18 C20,,halten,Fachliche Konfliktentscheidung ist nicht aus lokalen IDs ableitbar
S186,A4,teilweise,C20 C24,C36,offen,Keine Architektur kann beide absoluten Forderungen erfüllen
S187,A4,benannt,C22 C26 C29,,grenze,Betriebsmodell müsste explizit neu entworfen werden
S188,A4,benannt,C18 C22 C32,,verlust,Alte Vertraulichkeit und Signaturbeweise können nicht rückwirkend repariert werden
S189,A4,teilweise,C18 C20 C24,C36,offen,Eigentums- und Zugriffsentscheidung benötigt legitime externe Autorität
S190,A4,benannt,C22 C29,,verlust,Bewusst akzeptierte informationstheoretische Grenze statt falschem Recoveryversprechen
S191,A4,teilweise,C02 C03 C18,C34,halten,Ohne unabhängige Teilnehmerhistorie ist Ausgang dauerhaft unentscheidbar
S192,A4,benannt,C03 C12 C14 C18,,halten,Ohne Commit darf Widerruf nicht als dauerhaft bestätigt werden
S193,A4,benannt,C01 C13 C20 C22,,halten,Ohne Nachfolge keine automatische Freigabe oder Fortsetzung
S194,A4,teilweise,C08 C21 C24,C36,offen,Rechtliche Entscheidung kann technische Recovery bewusst begrenzen
S195,A4,teilweise,C09 C27 C28,C35,offen,Kein fachlicher Erfolg ohne tragfähigen unabhängigen Maßstab
S196,A4,benannt,C13 C14 C17 C25,,degradiert,Fachlich doppelte verschiedene Tasks können weiter manuelles Review brauchen
S197,A4,benannt,C03 C11 C18 C32,,halten,Geschäftlicher Schaden kann trotz technisch korrektem Halt bleiben
S198,A4,benannt,C02 C03 C06 C31,,halten,Ohne Fencing muss exklusive Betriebsautorität manuell nachgewiesen werden
S199,A4,benannt,C21 C22 C32,,verlust,Fehlen diese bereits ist Wiederherstellung unter Umständen unmöglich
S200,A4,teilweise,C28 C31,C35,offen,Diese selbstreferenzielle Karte widerlegt keine unbekannten weiteren Blindstellen
S201,A4,benannt,C37 C38,,degradiert,Schweigen unterscheidet Stromausfall nicht von Netzstörung
S202,A4,benannt,C37 C39,,degradiert,Ein erreichbarer Kernel beweist noch keinen fachlichen Fortschritt
S203,A4,benannt,C02 C10 C37,,halten,Spätere Außenwirkungen können in der lokalen Historie fehlen
S204,A4,benannt,C37 C48,,degradiert,Gemeinsame regionale Infrastruktur kann trotzdem ausfallen
S205,A4,benannt,C21 C38 C48,,halten,Ein zweiter unabhängiger Weg muss tatsächlich bereitgestellt werden
S206,A4,benannt,C20 C38 C46,,halten,Sind alle Empfänger isoliert erreicht kein Alarm einen Menschen
S207,A4,benannt,C38,,degradiert,Der unabhängige Prüfweg ist ebenfalls endlich verfügbar
S208,A4,benannt,C38 C46,,halten,Empfangsbestätigung garantiert keine richtige Reaktion
S209,A4,benannt,C38 C46,,degradiert,Gemeinsam defekte Uhren oder Konfigurationen bleiben möglich
S210,A4,benannt,C16 C39,,degradiert,Die Diagnose kann die genaue Deadlockursache nicht beweisen
S211,A4,benannt,C14 C39,,halten,Eine read-only Probe kann keinen erfolgreichen Schreibversuch ersetzen
S212,A4,benannt,C19 C39,,degradiert,Ein falsches fachliches Erwartungsmodell erzeugt weiter Fehlalarme
S213,A4,benannt,C37 C39,,degradiert,Ein kompromittierter Sender kann weiterhin falsche Frische behaupten
S214,A4,benannt,C37 C45,,degradiert,Ohne frische Evidenz bleibt der Zustand unbekannt
S215,A4,benannt,C06 C37,,halten,Heartbeat-Identität allein ist kein externes Fencing
S216,A4,benannt,C14 C42 C45,,degradiert,Begrenzung verwirft absichtlich diagnostische Details
S217,A4,benannt,C12 C45,,degradiert,Kanonische Operationsevidenz darf nicht mit verworfenen Traces verschwinden
S218,A4,benannt,C28 C42,,offen,Keine Messung garantiert vollständige Beobachterfreiheit
S219,A4,benannt,C12 C40,,halten,Nicht kooperierende Teilnehmer können danach weiterarbeiten
S220,A4,benannt,C10 C40 C42,,halten,Eine verspätete Aktion kann bereits extern angenommen worden sein
S221,A4,benannt,C18 C19 C40,,halten,Factory kann keine Entscheidung innerhalb einer unerfüllbaren Frist erzwingen
S222,A4,benannt,C39 C42,,degradiert,Unvollständige Beobachtung ist keine genaue Dauerverteilung
S223,A4,benannt,C42,,degradiert,Ein synthetisches Lastmodell bleibt eine Annahme
S224,A4,benannt,C28 C42,,offen,Seltene Verteilungen sind damit nicht empirisch bestimmt
S225,A4,benannt,C40 C41,,halten,Ein fehlender Pflichtteil kann den gesamten Auftrag blockieren
S226,A4,benannt,C03 C18 C41,,halten,Nach bereits doppelter Annahme braucht es fachliche Klärung
S227,A4,benannt,C27 C47,,halten,Was zwingend vollständig sein muss ist domänenspezifisch
S228,A4,benannt,C13 C40 C42,,degradiert,Unbekannte alte Effekte dürfen nicht durch Leasefreigabe beseitigt werden
S229,A4,benannt,C14 C42,,degradiert,Zu feine Labels würden selbst Ressourcen erschöpfen
S230,A4,benannt,C40 C42,,halten,Ohne Echtzeitplattform gibt es keine harte Deadlinegarantie
S231,A4,teilweise,C03 C40,C34,offen,Fehlende Teilnehmerhistorie kann den Ausgang dauerhaft unklärbar machen
S232,A4,benannt,C10 C18 C40,,halten,Ein fremder bereits handelnder Teilnehmer kann lokale Regeln ignorieren
S233,A4,teilweise,C24 C40,C36,offen,Retention und Aufklärung können unvereinbar sein
S234,A4,benannt,C03 C18 C40,,halten,Kompensation kann unmöglich sein
S235,A4,benannt,C01 C12,,halten,OS-Bypass bleibt außerhalb kooperativer Garantien
S236,A4,benannt,C12 C14,,degradiert,Ein bereits angenommener Effekt wird dadurch nicht zurückgenommen
S237,A4,benannt,C03 C41,,halten,SDK-interne Versuche müssen nachweisbar oder abschaltbar sein
S238,A4,benannt,C13 C41,,degradiert,Jitter schafft keine fehlende Gesamtkapazität
S239,A4,benannt,C13 C41,,halten,Unbekannte Fehlertypen brauchen konservative Behandlung
S240,A4,benannt,C13 C43,,degradiert,Das Gerät kann für die geplante Last grundsätzlich zu klein sein
S241,A4,benannt,C43 C48,,degradiert,Optionalität muss praktisch nachgewiesen werden
S242,A4,benannt,C12 C40,,halten,Zu knappe Budgets können legitime erste Aufrufe ausschließen
S243,A4,benannt,C14 C41,,degradiert,Große Arbeit kann bewusst länger warten
S244,A4,benannt,C19 C41,,halten,Unter dauerhafter Überlast ist nicht jede Deadline erfüllbar
S245,A4,benannt,C01 C14 C19,,halten,Stillstand kann die einzig sichere Option sein
S246,A4,benannt,C09 C13,,degradiert,Vollständige Sicht braucht paginierte Inspektion statt einen Prompt
S247,A4,benannt,C12 C13,,halten,Das Ergebnis muss über einen geeigneten Inhaltsvertrag geliefert werden
S248,A4,benannt,C13 C41,,degradiert,Langsame Leser benötigen wiederaufnehmbare begrenzte Abfragen
S249,A4,benannt,C21 C43,,halten,Ein verfehltes RTO braucht Kapazität oder ein geändertes Versprechen
S250,A4,benannt,C14 C21 C43,,halten,Ohne genügend unabhängigen Speicher ist Restore nicht ausführbar
S251,A4,teilweise,C03 C24,C34,offen,Unbegrenzte Teilnehmerlatenz und endliche Retention kollidieren
S252,A4,benannt,C13 C25 C40,,halten,Geschäftliche Verfallsregeln muss jemand festlegen
S253,A4,benannt,C13 C41,,degradiert,Schon entstandene offene Wirkungen brauchen eigene Rekonziliation
S254,A4,benannt,C13 C41,,halten,Eine zulässige Delegationskette kann trotzdem sehr teuer sein
S255,A4,benannt,C13 C40,,degradiert,Thermische Kapazität bleibt eine physische Grenze
S256,A4,benannt,C03 C21,,halten,Teilnehmerannahme kann vor dem Stromende geschehen sein
S257,A4,benannt,C37 C48,,degradiert,Bei vollständigem regionalem Kommunikationsverlust endet Alarmierbarkeit
S258,A4,benannt,C14 C16,,degradiert,Wenn der Kernel selbst nicht reagiert bleibt nur externe Diagnose
S259,A4,benannt,C15 C17 C48,,halten,Kein Authentifizierungs-Bypass unter dem Namen Notfallzugang
S260,A4,benannt,C14 C39,,halten,Laufende externe Wirkung kann weitergehen
S261,A4,benannt,C17 C44,,halten,Direkter Same-User-Zugriff auf Secrets braucht andere Isolation
S262,A4,benannt,C18 C44,,halten,Externe Aliasregeln müssen dem Teilnehmervertrag entsprechen
S263,A4,benannt,C10 C44,,halten,Unbekannte historische Actorfakten bleiben unbekannt
S264,A4,benannt,C23 C44,,halten,Ein privilegierter Harness kann außerhalb des Kernvertrags handeln
S265,A4,benannt,C18 C44,,halten,Same-User-Manipulation des gesamten Systems bleibt außerhalb der Grenze
S266,A4,benannt,C27 C44,,halten,Fachliche Prüfer müssen untrusted Quellen angemessen behandeln
S267,A4,teilweise,C30 C32,C33,grenze,Feindlicher Code ist im selben Useraccount nicht sicher eingeschlossen
S268,A4,benannt,C22 C32 C43,,halten,Eine fehlende vertrauenswürdige Kopie lässt sich nicht herbeizaubern
S269,A4,benannt,C38 C48,,grenze,Zwei identisch kompromittierte Vertrauensanker können gemeinsam täuschen
S270,A4,benannt,C32 C37,,degradiert,Übergangsfenster erweitern zeitweise die Angriffsfläche
S271,A4,benannt,C20 C22,,verlust,Ohne Schlüssel und legitimen Ersatz bleibt Inhalt verloren
S272,A4,benannt,C23 C24,,grenze,Bereits kopierte Daten können nicht nachträglich eingezogen werden
S273,A4,teilweise,C30,C33,grenze,Ohne harte Isolation besteht keine Geheimhaltungszusage
S274,A4,teilweise,C30 C45,C33,grenze,Telemetrieminimierung beseitigt geteilte Hardwarekanäle nicht
S275,A4,benannt,C17 C37,,halten,Ein separat genehmigter Reparaturdienst wäre ein neues Mandat
S276,A4,benannt,C23 C45,,degradiert,Selbst minimale Aktivitätsmuster können sensibel bleiben
S277,A4,benannt,C24 C45,,halten,Bereits versandte Inhalte sind nicht zuverlässig zurückholbar
S278,A4,benannt,C38 C45,,degradiert,Berechtigte Empfänger bleiben für ihren Provider sichtbar
S279,A4,teilweise,C21 C28,C35,offen,Gemeinsame Blindstellen können unentdeckt bleiben
S280,A4,benannt,C08 C47,,halten,Plausible falsche Werte können trotzdem bestehen bleiben
S281,A4,benannt,C06 C07 C19,,halten,Menschliche Auflösung kann verlorene Außenweltevidenz nicht ersetzen
S282,A4,benannt,C02 C03 C18,,halten,Fehlende unabhängige Teilnehmerdaten können dauerhaft blockieren
S283,A4,benannt,C06 C37,,halten,Ohne tatsächlich durchgesetztes Fencing gibt es keinen automatischen Failover
S284,A4,benannt,C18 C40,,halten,Prüfung und externe Annahme können weiterhin ein Race bilden
S285,A4,benannt,C43 C47,,halten,Unbekannte Kombinationen müssen abgelehnt werden
S286,A4,benannt,C11 C48,,halten,Ein gemeinsamer Store kann nicht beliebig scopeweise migriert werden
S287,A4,benannt,C31 C43,,halten,Lesbarer Export kann die einzig zulässige alte Nutzung sein
S288,A4,benannt,C03 C43,,halten,Kompensation braucht eine neue legitime Entscheidung
S289,A4,benannt,C05 C31 C43,,halten,Nicht aus einer fehlenden Antwort einen zweiten Writer starten
S290,A4,benannt,C16 C48,,degradiert,Ein defekter Kern benötigt externen read-only Recoveryweg
S291,A4,benannt,C20 C32 C48,,degradiert,Dokumentation garantiert keine verfügbare Kompetenz
S292,A4,benannt,C22 C32,,halten,Ohne vertrauenswürdige Werkzeuge kann Änderung unmöglich bleiben
S293,A4,benannt,C18 C48,,halten,Ein umfangreicher Regelkatalog ersetzt keinen verständlichen Kern
S294,A4,benannt,C43 C48,,halten,Ein gemeinsamer Implementierungsfehler kann alle Pfade treffen
S295,A4,benannt,C11 C16 C48,,degradiert,Ohne Aktivierung darf keine externe Alarmgarantie behauptet werden
S296,A4,benannt,C05 C15,,halten,Mutationen müssen durch den zuständigen Daemon gehen
S297,A4,benannt,C40 C43,,halten,Endliche Tests erfassen nicht jede mögliche Reihenfolge
S298,A4,benannt,C37 C43,,degradiert,Simulation ersetzt keinen genehmigten realen Ende-zu-Ende-Drill
S299,A4,benannt,C06 C28,,halten,Ohne Nachweis nur expliziter Single-active-Betrieb
S300,A4,benannt,C27 C47,,halten,Geeignete Fachkriterien bleiben Domänenverantwortung
S301,A4,benannt,C10 C47,,halten,Der aktuelle externe Preis kann sich unmittelbar danach ändern
S302,A4,benannt,C44 C47,,halten,Ein unzuverlässiges externes Identitätsregister bleibt eine Grenze
S303,A4,benannt,C19 C46,,degradiert,Zugänglichkeit muss mit realen Nutzern geprüft werden
S304,A4,benannt,C45 C46,,halten,Mehr Details dürfen keine Secrets offenlegen
S305,A4,benannt,C46 C47,,halten,Sprachliche Verständlichkeit ist nicht allein maschinell beweisbar
S306,A4,benannt,C38 C46,,halten,Sind alle Vertreter unerreichbar bleibt Stillstand
S307,A4,benannt,C38 C46,,degradiert,Zu starke Bündelung kann wichtige Unterschiede verdecken
S308,A4,benannt,C19 C38 C39,,halten,Eine Bestätigung erfüllt kein Wiederherstellungsziel
S309,A4,benannt,C18 C20,,halten,Die Rangfolge muss legitim vereinbart sein
S310,A4,benannt,C20 C38 C48,,halten,Kontenübertragung benötigt menschliche Zustimmung und Providerzugang
S311,A4,benannt,C20 C38,,grenze,Ein vollständig kompromittierter Autoritätskreis kann nicht intern garantiert werden
S312,A4,benannt,C38 C48,,degradiert,Unbekannte Unterauftragnehmer begrenzen den Nachweis
S313,A4,benannt,C21 C38 C48,,halten,Ein nicht finanzierter Ausweichweg ist keine vorhandene Reserve
S314,A4,benannt,C09 C28 C32,,halten,Ein Ersatz bietet nicht automatisch dieselbe Kompetenz oder Idempotenz
S315,A4,benannt,C13 C42,,halten,Unbegrenzte externe Nachberechnung verhindert eine harte lokale Kostengarantie
S316,A4,benannt,C03 C13 C41,,halten,Nicht jedes Latenzziel ist wirtschaftlich oder sicher erreichbar
S317,A4,benannt,C19 C46,,degradiert,Eine perfekte fehlerfreie Alarmierung ist nicht versprochen
S318,A4,benannt,C18 C40,,halten,Ein nicht stoppbarer Teilnehmer kann bereits unterwegs sein
S319,A4,teilweise,C24,C36,offen,Architektur kann widersprüchliche Pflichten nicht gleichzeitig erfüllen
S320,A4,teilweise,C24 C45,C36,offen,Vertragsprüfung und Rechtsentscheidung bleiben menschliche Aufgaben
S321,A4,benannt,C30 C40 C47,,grenze,Factory v1 ist kein Safety-Echtzeitsystem
S322,A4,benannt,C30 C47,,grenze,Unabhängige zertifizierte Sicherheitssteuerung wäre ein eigenes System
S323,A4,teilweise,C30,C35,grenze,Ohne legitime Fachentscheidung gibt es keinen tragfähigen Maßstab
S324,A4,benannt,C03 C40,,halten,Eine einseitige Partition kann unbegrenzt dauern
S325,A4,benannt,C18 C37 C40,,halten,Ohne aktuelle Rückmeldung bleibt automatische Fortsetzung begrenzt
S326,A4,benannt,C18 C37 C39,,degradiert,Ohne besondere genehmigte Policy ist Alarmierung kein Kill-Switch
S327,A4,benannt,C26 C40,,halten,Über verschiedene Hosts existiert keine gemeinsame monotone Uhr
S328,A4,benannt,C26 C37 C38,,degradiert,Nach Monitorrestore muss Zeitunsicherheit ausdrücklich behandelt werden
S329,A4,benannt,C07 C25,,halten,Neue fachliche Termine brauchen eine ausdrückliche Regel
S330,A4,benannt,C01 C19,,halten,Die konkrete Ursache kann ohne unabhängigen Zugang unklar bleiben
S331,A4,teilweise,C28,C35,offen,Eine unbekannt falsche gemeinsame Quelle kann alle Prüfungen täuschen
S332,A4,teilweise,C03 C19,C34,offen,Ohne zusätzliche Evidenz kann der Konflikt dauerhaft unauflösbar sein
S333,A4,benannt,C42 C47,,degradiert,Ein fachlicher Nutzwert braucht mehr als Laufzeitkennzahlen
S334,A4,benannt,C38 C42,,grenze,Gemeinsam manipulierte Governance braucht externe Kontrolle
S335,A4,teilweise,C27 C47,C35,offen,Kein universeller unabhängiger Wahrheitsmaßstab vorhanden
S336,A4,benannt,C25 C38,,degradiert,Eine unbegrenzte Ruhefreigabe wäre eine Überwachungslücke
S337,A4,benannt,C10 C40,,halten,Nicht alle Qualitätsziele lassen sich zugleich erfüllen
S338,A4,benannt,C13 C48,,grenze,Es bleibt bewusst akzeptiertes Restrisiko statt maximaler Redundanz
S339,A4,benannt,C22 C43,,halten,Nicht erhaltene native Laufzeiten können unersetzbar sein
S340,A4,benannt,C01 C43,,halten,Keine automatische Zusammenführung oder Worktreebereinigung
S341,A4,benannt,C22 C32,,verlust,Langzeitlesbarkeit ist endlich und braucht gepflegte Werkzeuge
S342,A4,benannt,C03 C32 C40,,halten,Fremde Puffer können ohne Mitwirkung nicht sicher entleert werden
S343,A4,benannt,C20 C32 C38,,halten,Weiterbetrieb benötigt einen finanzierten legitimen Empfänger
S344,A4,teilweise,C24 C32,C36,offen,Eine konkrete Rechts- und Eigentumsentscheidung bleibt erforderlich
S345,A4,benannt,C20 C22 C37,,verlust,Ohne Beobachter Kommunikationsweg und Empfänger gibt es keinen Alarm
S346,A4,teilweise,C28,C35,offen,Ohne unabhängige Realitätsevidenz ist der Irrtum nicht erkennbar
S347,A4,teilweise,C24 C40,C34,offen,Unbegrenzte Latenz endliche Erinnerung und sichere Wiederholung sind nicht gleichzeitig garantiert
S348,A4,benannt,C38 C46 C48,,halten,Bei Verlust aller legitimen Wege endet Alarmierbarkeit
S349,A4,benannt,C02 C03 C40 C41,,halten,Kein Lastabbau darf unbekannte Effekte blind wiederholen
S350,A4,teilweise,C38,C33 C34 C35,grenze,Ein fremder Monitor kann fehlende Heartbeats erkennen aber keine perfekt gefälschte Welt widerlegen
